ID	Description	setSize	enrichmentScore	NES	pvalue	p.adjust	qvalues	rank	leading_edge	core_enrichment
RAF_UP.V1_UP	RAF_UP.V1_UP	158	-0.5429035262289943	-2.0451545278728673	1.1050944855785169e-4	0.001019699730972837	4.624618040806259e-4	3471	tags=60%, list=27%, signal=45%	ENSG00000161533/ENSG00000126821/ENSG00000106392/ENSG00000265107/ENSG00000151692/ENSG00000135299/ENSG00000138792/ENSG00000157045/ENSG00000162337/ENSG00000138061/ENSG00000074590/ENSG00000167202/ENSG00000173706/ENSG00000023909/ENSG00000141447/ENSG00000197702/ENSG00000141401/ENSG00000107537/ENSG00000166974/ENSG00000164307/ENSG00000109072/ENSG00000131773/ENSG00000135269/ENSG00000106025/ENSG00000049246/ENSG00000168077/ENSG00000187079/ENSG00000136867/ENSG00000065717/ENSG00000186522/ENSG00000054654/ENSG00000145779/ENSG00000198363/ENSG00000123240/ENSG00000137267/ENSG00000138646/ENSG00000010810/ENSG00000101846/ENSG00000159921/ENSG00000147408/ENSG00000141441/ENSG00000137575/ENSG00000221869/ENSG00000197442/ENSG00000163686/ENSG00000135862/ENSG00000154274/ENSG00000166833/ENSG00000079739/ENSG00000005020/ENSG00000163171/ENSG00000149573/ENSG00000113070/ENSG00000102024/ENSG00000114166/ENSG00000091409/ENSG00000127990/ENSG00000134755/ENSG00000145819/ENSG00000163251/ENSG00000163220/ENSG00000067082/ENSG00000143546/ENSG00000119514/ENSG00000150938/ENSG00000133818/ENSG00000116016/ENSG00000104783/ENSG00000120833/ENSG00000168994/ENSG00000068366/ENSG00000198189/ENSG00000155324/ENSG00000118762/ENSG00000146072/ENSG00000244405/ENSG00000165996/ENSG00000178695/ENSG00000242265/ENSG00000073712/ENSG00000152465/ENSG00000090530/ENSG00000198910/ENSG00000197872/ENSG00000113578/ENSG00000154721/ENSG00000171522/ENSG00000159200/ENSG00000179913/ENSG00000138640/ENSG00000174607/ENSG00000167772/ENSG00000146648/ENSG00000102243/ENSG00000077274
AKT_UP.V1_DN	AKT_UP.V1_DN	153	-0.5664206281728713	-2.128212092929957	1.1102475852115021e-4	0.001019699730972837	4.624618040806259e-4	2313	tags=41%, list=18%, signal=34%	ENSG00000214063/ENSG00000111696/ENSG00000007933/ENSG00000121440/ENSG00000172638/ENSG00000142619/ENSG00000126368/ENSG00000100626/ENSG00000153208/ENSG00000170899/ENSG00000177374/ENSG00000026103/ENSG00000182326/ENSG00000111961/ENSG00000111077/ENSG00000167711/ENSG00000159403/ENSG00000131435/ENSG00000126561/ENSG00000156804/ENSG00000127528/ENSG00000182568/ENSG00000130707/ENSG00000144476/ENSG00000149289/ENSG00000104783/ENSG00000147576/ENSG00000134775/ENSG00000140009/ENSG00000185950/ENSG00000174807/ENSG00000189369/ENSG00000162877/ENSG00000160191/ENSG00000178695/ENSG00000162407/ENSG00000122707/ENSG00000184347/ENSG00000180447/ENSG00000134853/ENSG00000100979/ENSG00000019102/ENSG00000162551/ENSG00000124212/ENSG00000171303/ENSG00000116711/ENSG00000171346/ENSG00000167772/ENSG00000165092/ENSG00000149294/ENSG00000115380/ENSG00000007062/ENSG00000065618/ENSG00000105971/ENSG00000106809/ENSG00000081277/ENSG00000132561/ENSG00000123243/ENSG00000186081/ENSG00000266964/ENSG00000164530/ENSG00000094963/ENSG00000168079
KRAS.600_UP.V1_UP	KRAS.600_UP.V1_UP	147	-0.4831677830219763	-1.809888221308058	1.1124707976415619e-4	0.001019699730972837	4.624618040806259e-4	2571	tags=48%, list=20%, signal=39%	ENSG00000125398/ENSG00000198121/ENSG00000172348/ENSG00000131620/ENSG00000244482/ENSG00000057019/ENSG00000181634/ENSG00000099250/ENSG00000102445/ENSG00000102043/ENSG00000064042/ENSG00000164683/ENSG00000138639/ENSG00000148735/ENSG00000122862/ENSG00000101144/ENSG00000115590/ENSG00000006468/ENSG00000037280/ENSG00000132563/ENSG00000158560/ENSG00000101746/ENSG00000113070/ENSG00000155980/ENSG00000020181/ENSG00000064225/ENSG00000175899/ENSG00000188042/ENSG00000164778/ENSG00000075213/ENSG00000167244/ENSG00000173918/ENSG00000182568/ENSG00000165023/ENSG00000157827/ENSG00000244405/ENSG00000129538/ENSG00000139946/ENSG00000198300/ENSG00000121361/ENSG00000173338/ENSG00000139318/ENSG00000102678/ENSG00000136869/ENSG00000109654/ENSG00000198010/ENSG00000134531/ENSG00000166825/ENSG00000140538/ENSG00000003436/ENSG00000072041/ENSG00000171303/ENSG00000025039/ENSG00000176438/ENSG00000101187/ENSG00000136531/ENSG00000127920/ENSG00000186462/ENSG00000186642/ENSG00000174607/ENSG00000167772/ENSG00000157064/ENSG00000108960/ENSG00000078549/ENSG00000136158/ENSG00000189058/ENSG00000189056/ENSG00000163734/ENSG00000131095/ENSG00000157404
AKT_UP_MTOR_DN.V1_DN	AKT_UP_MTOR_DN.V1_DN	144	-0.47459839046873126	-1.773953319691099	1.1160714285714285e-4	0.001019699730972837	4.624618040806259e-4	2313	tags=34%, list=18%, signal=28%	ENSG00000214063/ENSG00000007933/ENSG00000121440/ENSG00000163485/ENSG00000010327/ENSG00000100626/ENSG00000153208/ENSG00000176974/ENSG00000163132/ENSG00000101144/ENSG00000170899/ENSG00000177374/ENSG00000026103/ENSG00000205726/ENSG00000111961/ENSG00000188641/ENSG00000167711/ENSG00000091409/ENSG00000159403/ENSG00000164647/ENSG00000182568/ENSG00000130707/ENSG00000104783/ENSG00000147576/ENSG00000140009/ENSG00000174807/ENSG00000189369/ENSG00000091972/ENSG00000178695/ENSG00000169908/ENSG00000162407/ENSG00000180447/ENSG00000171303/ENSG00000116711/ENSG00000184454/ENSG00000135069/ENSG00000185479/ENSG00000127920/ENSG00000167772/ENSG00000165092/ENSG00000115380/ENSG00000007062/ENSG00000065618/ENSG00000162706/ENSG00000105971/ENSG00000106809/ENSG00000081277/ENSG00000266964/ENSG00000164530
LEF1_UP.V1_UP	LEF1_UP.V1_UP	142	-0.544204706859941	-2.028579427281701	1.1210762331838565e-4	0.001019699730972837	4.624618040806259e-4	2311	tags=50%, list=18%, signal=42%	ENSG00000131477/ENSG00000020633/ENSG00000170955/ENSG00000071967/ENSG00000092758/ENSG00000119681/ENSG00000165512/ENSG00000100453/ENSG00000101144/ENSG00000108244/ENSG00000028137/ENSG00000059804/ENSG00000196754/ENSG00000135363/ENSG00000118971/ENSG00000134802/ENSG00000166289/ENSG00000188015/ENSG00000047634/ENSG00000269190/ENSG00000099139/ENSG00000180644/ENSG00000197461/ENSG00000131435/ENSG00000131711/ENSG00000164778/ENSG00000026025/ENSG00000241399/ENSG00000196154/ENSG00000104783/ENSG00000134917/ENSG00000105926/ENSG00000113580/ENSG00000026559/ENSG00000139946/ENSG00000102760/ENSG00000175040/ENSG00000091137/ENSG00000069535/ENSG00000101335/ENSG00000178695/ENSG00000102678/ENSG00000132688/ENSG00000115226/ENSG00000165125/ENSG00000100979/ENSG00000135547/ENSG00000168917/ENSG00000134531/ENSG00000198910/ENSG00000147027/ENSG00000133401/ENSG00000131016/ENSG00000025039/ENSG00000141404/ENSG00000104371/ENSG00000176438/ENSG00000179388/ENSG00000135406/ENSG00000107317/ENSG00000127920/ENSG00000183873/ENSG00000122877/ENSG00000135960/ENSG00000132970/ENSG00000137285/ENSG00000198576/ENSG00000157064/ENSG00000167779/ENSG00000261857/ENSG00000186081
P53_DN.V1_DN	P53_DN.V1_DN	142	-0.47421984682145213	-1.7677036106897546	1.1210762331838565e-4	0.001019699730972837	4.624618040806259e-4	2315	tags=44%, list=18%, signal=36%	ENSG00000187098/ENSG00000020633/ENSG00000085662/ENSG00000105835/ENSG00000176595/ENSG00000168679/ENSG00000178726/ENSG00000132274/ENSG00000165868/ENSG00000133104/ENSG00000105928/ENSG00000122862/ENSG00000101333/ENSG00000175879/ENSG00000173482/ENSG00000196581/ENSG00000115594/ENSG00000163565/ENSG00000136235/ENSG00000026103/ENSG00000122971/ENSG00000137752/ENSG00000111077/ENSG00000064225/ENSG00000184160/ENSG00000021826/ENSG00000119729/ENSG00000172005/ENSG00000026025/ENSG00000137265/ENSG00000118515/ENSG00000101680/ENSG00000184557/ENSG00000147872/ENSG00000107104/ENSG00000114200/ENSG00000121361/ENSG00000074416/ENSG00000091137/ENSG00000205403/ENSG00000164687/ENSG00000111728/ENSG00000123358/ENSG00000140092/ENSG00000182636/ENSG00000167191/ENSG00000198910/ENSG00000128242/ENSG00000137731/ENSG00000072041/ENSG00000107796/ENSG00000147852/ENSG00000116711/ENSG00000104490/ENSG00000104044/ENSG00000156298/ENSG00000165092/ENSG00000071991/ENSG00000168824/ENSG00000163739/ENSG00000261857/ENSG00000134121
PRC2_EZH2_UP.V1_UP	PRC2_EZH2_UP.V1_UP	142	-0.457784429173962	-1.7064388886132846	1.1210762331838565e-4	0.001019699730972837	4.624618040806259e-4	2989	tags=46%, list=23%, signal=36%	ENSG00000135083/ENSG00000184545/ENSG00000187796/ENSG00000172594/ENSG00000131459/ENSG00000169926/ENSG00000157240/ENSG00000110002/ENSG00000175471/ENSG00000137941/ENSG00000102543/ENSG00000057019/ENSG00000015520/ENSG00000173334/ENSG00000110852/ENSG00000173210/ENSG00000154511/ENSG00000166912/ENSG00000139910/ENSG00000134470/ENSG00000087842/ENSG00000006468/ENSG00000059804/ENSG00000166402/ENSG00000140961/ENSG00000166510/ENSG00000140945/ENSG00000160712/ENSG00000137713/ENSG00000113070/ENSG00000047634/ENSG00000162618/ENSG00000188042/ENSG00000127329/ENSG00000197461/ENSG00000103710/ENSG00000075213/ENSG00000182621/ENSG00000137726/ENSG00000144063/ENSG00000172059/ENSG00000163032/ENSG00000183570/ENSG00000102760/ENSG00000136859/ENSG00000178695/ENSG00000132688/ENSG00000103647/ENSG00000166825/ENSG00000198910/ENSG00000072041/ENSG00000184254/ENSG00000151623/ENSG00000136826/ENSG00000046653/ENSG00000156298/ENSG00000167772/ENSG00000078401/ENSG00000125845/ENSG00000124107/ENSG00000128918/ENSG00000137033/ENSG00000169035/ENSG00000198947/ENSG00000149090
ATF2_UP.V1_DN	ATF2_UP.V1_DN	141	-0.45191492637791614	-1.6830287351086655	1.1227124733355787e-4	0.001019699730972837	4.624618040806259e-4	2520	tags=46%, list=19%, signal=38%	ENSG00000170542/ENSG00000162692/ENSG00000121989/ENSG00000162512/ENSG00000103168/ENSG00000049246/ENSG00000006016/ENSG00000176485/ENSG00000071967/ENSG00000160613/ENSG00000168779/ENSG00000064042/ENSG00000009413/ENSG00000258818/ENSG00000104043/ENSG00000147408/ENSG00000163520/ENSG00000115594/ENSG00000173599/ENSG00000170425/ENSG00000140945/ENSG00000137193/ENSG00000118898/ENSG00000122176/ENSG00000188015/ENSG00000109063/ENSG00000243244/ENSG00000162413/ENSG00000064692/ENSG00000185483/ENSG00000241399/ENSG00000000971/ENSG00000119514/ENSG00000175265/ENSG00000185950/ENSG00000139946/ENSG00000091972/ENSG00000162433/ENSG00000178695/ENSG00000140285/ENSG00000102678/ENSG00000184347/ENSG00000180447/ENSG00000048740/ENSG00000107562/ENSG00000114698/ENSG00000124212/ENSG00000167191/ENSG00000123700/ENSG00000133048/ENSG00000116711/ENSG00000104055/ENSG00000101187/ENSG00000122420/ENSG00000165507/ENSG00000166482/ENSG00000118849/ENSG00000170345/ENSG00000153823/ENSG00000115380/ENSG00000147862/ENSG00000165124/ENSG00000172201/ENSG00000123243/ENSG00000137033
IL2_UP.V1_UP	IL2_UP.V1_UP	140	-0.47339473430408163	-1.761251241149829	1.1241007194244605e-4	0.001019699730972837	4.624618040806259e-4	2446	tags=39%, list=19%, signal=32%	ENSG00000174808/ENSG00000110848/ENSG00000173334/ENSG00000185338/ENSG00000058866/ENSG00000145779/ENSG00000119862/ENSG00000159423/ENSG00000166206/ENSG00000164626/ENSG00000028137/ENSG00000059804/ENSG00000164342/ENSG00000062038/ENSG00000137193/ENSG00000125735/ENSG00000162496/ENSG00000115607/ENSG00000130956/ENSG00000158050/ENSG00000144668/ENSG00000163083/ENSG00000163251/ENSG00000067082/ENSG00000128342/ENSG00000177272/ENSG00000120833/ENSG00000024422/ENSG00000105926/ENSG00000163032/ENSG00000146072/ENSG00000026559/ENSG00000102760/ENSG00000185022/ENSG00000185920/ENSG00000139318/ENSG00000178695/ENSG00000130035/ENSG00000169908/ENSG00000139211/ENSG00000107562/ENSG00000112761/ENSG00000135604/ENSG00000149970/ENSG00000160801/ENSG00000101187/ENSG00000179388/ENSG00000122877/ENSG00000184113/ENSG00000170345/ENSG00000125845/ENSG00000136158/ENSG00000120738/ENSG00000163734/ENSG00000131095
MTOR_UP.V1_DN	MTOR_UP.V1_DN	137	-0.5029680122647635	-1.8674203316521447	1.1279043537108053e-4	0.001019699730972837	4.624618040806259e-4	2472	tags=38%, list=19%, signal=31%	ENSG00000121671/ENSG00000184588/ENSG00000168077/ENSG00000105426/ENSG00000214063/ENSG00000174738/ENSG00000172638/ENSG00000109472/ENSG00000126368/ENSG00000163050/ENSG00000165029/ENSG00000124067/ENSG00000162944/ENSG00000140961/ENSG00000111961/ENSG00000198574/ENSG00000111077/ENSG00000172828/ENSG00000159403/ENSG00000197461/ENSG00000156804/ENSG00000172247/ENSG00000127528/ENSG00000144476/ENSG00000204248/ENSG00000134917/ENSG00000185950/ENSG00000160191/ENSG00000136997/ENSG00000175183/ENSG00000184347/ENSG00000165030/ENSG00000100979/ENSG00000019102/ENSG00000108551/ENSG00000124212/ENSG00000120129/ENSG00000171303/ENSG00000171346/ENSG00000171522/ENSG00000135519/ENSG00000113594/ENSG00000064300/ENSG00000149294/ENSG00000188763/ENSG00000167641/ENSG00000163739/ENSG00000157152/ENSG00000123243/ENSG00000186081/ENSG00000266964/ENSG00000164530
CSR_LATE_UP.V1_DN	CSR_LATE_UP.V1_DN	128	-0.539298102605049	-1.9914228311038449	1.1366219595362583e-4	0.001019699730972837	4.624618040806259e-4	2134	tags=41%, list=17%, signal=34%	ENSG00000138735/ENSG00000120820/ENSG00000132274/ENSG00000168899/ENSG00000128284/ENSG00000154359/ENSG00000122378/ENSG00000196155/ENSG00000105855/ENSG00000142961/ENSG00000185519/ENSG00000119943/ENSG00000185585/ENSG00000170425/ENSG00000139567/ENSG00000205978/ENSG00000013619/ENSG00000047634/ENSG00000149798/ENSG00000185010/ENSG00000146122/ENSG00000134324/ENSG00000162817/ENSG00000130707/ENSG00000000971/ENSG00000129048/ENSG00000112096/ENSG00000185950/ENSG00000175040/ENSG00000136859/ENSG00000148180/ENSG00000136732/ENSG00000180447/ENSG00000197635/ENSG00000146966/ENSG00000198910/ENSG00000154134/ENSG00000172935/ENSG00000182916/ENSG00000106123/ENSG00000154262/ENSG00000119771/ENSG00000154065/ENSG00000163815/ENSG00000134121/ENSG00000165124/ENSG00000165072/ENSG00000168477/ENSG00000157404/ENSG00000149090/ENSG00000196549/ENSG00000168497
PTEN_DN.V1_UP	PTEN_DN.V1_UP	114	-0.6166447068821393	-2.2452478940309146	1.1548677676406051e-4	0.001019699730972837	4.624618040806259e-4	2161	tags=54%, list=17%, signal=45%	ENSG00000176697/ENSG00000137078/ENSG00000120820/ENSG00000089486/ENSG00000165868/ENSG00000186310/ENSG00000165512/ENSG00000101144/ENSG00000117600/ENSG00000178233/ENSG00000070371/ENSG00000197442/ENSG00000196781/ENSG00000164850/ENSG00000140961/ENSG00000166086/ENSG00000120328/ENSG00000205978/ENSG00000154556/ENSG00000134198/ENSG00000077092/ENSG00000184160/ENSG00000163083/ENSG00000103710/ENSG00000198835/ENSG00000175745/ENSG00000116106/ENSG00000150594/ENSG00000172005/ENSG00000064205/ENSG00000185345/ENSG00000152284/ENSG00000160145/ENSG00000138769/ENSG00000050555/ENSG00000173269/ENSG00000163531/ENSG00000186994/ENSG00000091137/ENSG00000005249/ENSG00000108947/ENSG00000265972/ENSG00000250722/ENSG00000197872/ENSG00000128242/ENSG00000146233/ENSG00000113578/ENSG00000240583/ENSG00000117013/ENSG00000134757/ENSG00000137285/ENSG00000078401/ENSG00000118596/ENSG00000069702/ENSG00000137225/ENSG00000261857/ENSG00000106278/ENSG00000164825/ENSG00000129455/ENSG00000137033/ENSG00000266524
IL21_UP.V1_DN	IL21_UP.V1_DN	104	-0.5057813961310409	-1.8265157715314142	1.1634671320535195e-4	0.001019699730972837	4.624618040806259e-4	2040	tags=42%, list=16%, signal=36%	ENSG00000107186/ENSG00000101333/ENSG00000124019/ENSG00000117600/ENSG00000128052/ENSG00000182511/ENSG00000140961/ENSG00000036530/ENSG00000105549/ENSG00000176928/ENSG00000151491/ENSG00000113205/ENSG00000162618/ENSG00000136546/ENSG00000091409/ENSG00000134463/ENSG00000169116/ENSG00000112530/ENSG00000116396/ENSG00000184144/ENSG00000165023/ENSG00000168811/ENSG00000137875/ENSG00000188910/ENSG00000111863/ENSG00000184349/ENSG00000140876/ENSG00000136274/ENSG00000065534/ENSG00000176153/ENSG00000185652/ENSG00000148346/ENSG00000142910/ENSG00000183837/ENSG00000163431/ENSG00000179915/ENSG00000180660/ENSG00000156298/ENSG00000106511/ENSG00000154529/ENSG00000124134/ENSG00000117707/ENSG00000154678/ENSG00000147257
NOTCH_DN.V1_DN	NOTCH_DN.V1_DN	100	-0.550033640065594	-1.9743201700532185	1.1767474699929395e-4	0.001019699730972837	4.624618040806259e-4	2010	tags=38%, list=16%, signal=32%	ENSG00000100453/ENSG00000139679/ENSG00000165029/ENSG00000047648/ENSG00000172817/ENSG00000136866/ENSG00000167994/ENSG00000164116/ENSG00000136161/ENSG00000134569/ENSG00000169994/ENSG00000144668/ENSG00000114019/ENSG00000106113/ENSG00000171747/ENSG00000125968/ENSG00000127528/ENSG00000144476/ENSG00000155962/ENSG00000157827/ENSG00000111863/ENSG00000085265/ENSG00000106852/ENSG00000171403/ENSG00000120949/ENSG00000165125/ENSG00000180509/ENSG00000105997/ENSG00000137285/ENSG00000197506/ENSG00000109906/ENSG00000124107/ENSG00000172201/ENSG00000163884/ENSG00000086570/ENSG00000129151/ENSG00000165197/ENSG00000167434
PTEN_DN.V1_DN	PTEN_DN.V1_DN	99	-0.5169685095303564	-1.8531986544029107	1.177717583323519e-4	0.001019699730972837	4.624618040806259e-4	1628	tags=36%, list=13%, signal=32%	ENSG00000134072/ENSG00000166510/ENSG00000013619/ENSG00000147119/ENSG00000142748/ENSG00000115607/ENSG00000269190/ENSG00000149654/ENSG00000127990/ENSG00000159713/ENSG00000122012/ENSG00000182132/ENSG00000026025/ENSG00000173918/ENSG00000162882/ENSG00000150625/ENSG00000198046/ENSG00000174944/ENSG00000244405/ENSG00000112761/ENSG00000140279/ENSG00000133048/ENSG00000185518/ENSG00000151623/ENSG00000154262/ENSG00000127920/ENSG00000183837/ENSG00000118849/ENSG00000174607/ENSG00000124785/ENSG00000156298/ENSG00000144031/ENSG00000078549/ENSG00000117707/ENSG00000139144/ENSG00000186847
RELA_DN.V1_UP	RELA_DN.V1_UP	92	-0.5243210786894698	-1.8632256067397093	1.1866619200189867e-4	0.001019699730972837	4.624618040806259e-4	3104	tags=54%, list=24%, signal=42%	ENSG00000166922/ENSG00000171503/ENSG00000041982/ENSG00000184545/ENSG00000170579/ENSG00000007237/ENSG00000100600/ENSG00000013441/ENSG00000124216/ENSG00000171223/ENSG00000026652/ENSG00000157680/ENSG00000134571/ENSG00000099834/ENSG00000019485/ENSG00000169508/ENSG00000173511/ENSG00000185650/ENSG00000139910/ENSG00000138735/ENSG00000178726/ENSG00000106404/ENSG00000136866/ENSG00000136560/ENSG00000143184/ENSG00000147437/ENSG00000101746/ENSG00000150281/ENSG00000155090/ENSG00000204618/ENSG00000087074/ENSG00000067082/ENSG00000116396/ENSG00000177606/ENSG00000136717/ENSG00000058085/ENSG00000117013/ENSG00000117525/ENSG00000179388/ENSG00000128016/ENSG00000003137/ENSG00000165507/ENSG00000170345/ENSG00000162772/ENSG00000188763/ENSG00000120738/ENSG00000113396/ENSG00000268104/ENSG00000164825/ENSG00000138685
KRAS.KIDNEY_UP.V1_UP	KRAS.KIDNEY_UP.V1_UP	90	-0.6539480646707839	-2.3163268210846364	1.1924636298592893e-4	0.001019699730972837	4.624618040806259e-4	2182	tags=59%, list=17%, signal=49%	ENSG00000102547/ENSG00000081189/ENSG00000109472/ENSG00000064042/ENSG00000164683/ENSG00000006468/ENSG00000136235/ENSG00000158560/ENSG00000118971/ENSG00000101746/ENSG00000149573/ENSG00000261371/ENSG00000064225/ENSG00000175899/ENSG00000196368/ENSG00000182621/ENSG00000182568/ENSG00000079215/ENSG00000150625/ENSG00000179314/ENSG00000139946/ENSG00000198300/ENSG00000121361/ENSG00000139318/ENSG00000250722/ENSG00000102678/ENSG00000109654/ENSG00000182636/ENSG00000152583/ENSG00000198010/ENSG00000134531/ENSG00000114698/ENSG00000167191/ENSG00000112320/ENSG00000137675/ENSG00000072041/ENSG00000185518/ENSG00000185432/ENSG00000136531/ENSG00000154027/ENSG00000186462/ENSG00000124785/ENSG00000179915/ENSG00000156298/ENSG00000165092/ENSG00000157064/ENSG00000095637/ENSG00000168824/ENSG00000184905/ENSG00000123560/ENSG00000189056/ENSG00000157404/ENSG00000104332
PTEN_DN.V2_UP	PTEN_DN.V2_UP	87	-0.5348233209438831	-1.8873958468692262	1.1990407673860912e-4	0.001019699730972837	4.624618040806259e-4	2603	tags=54%, list=20%, signal=43%	ENSG00000115129/ENSG00000169239/ENSG00000128965/ENSG00000172667/ENSG00000071575/ENSG00000089225/ENSG00000026652/ENSG00000047617/ENSG00000198121/ENSG00000196954/ENSG00000169508/ENSG00000101670/ENSG00000160613/ENSG00000135373/ENSG00000164070/ENSG00000168899/ENSG00000128284/ENSG00000184371/ENSG00000173599/ENSG00000140961/ENSG00000128510/ENSG00000101746/ENSG00000188042/ENSG00000152818/ENSG00000182568/ENSG00000079215/ENSG00000150625/ENSG00000020577/ENSG00000177606/ENSG00000138271/ENSG00000137070/ENSG00000053747/ENSG00000162407/ENSG00000077616/ENSG00000146966/ENSG00000134531/ENSG00000173530/ENSG00000184254/ENSG00000148346/ENSG00000171346/ENSG00000115295/ENSG00000138772/ENSG00000196139/ENSG00000167772/ENSG00000129451/ENSG00000206075/ENSG00000128918
KRAS.PROSTATE_UP.V1_DN	KRAS.PROSTATE_UP.V1_DN	80	-0.5433954649285775	-1.89325755860838	1.2155099064057372e-4	0.001019699730972837	4.624618040806259e-4	1754	tags=38%, list=14%, signal=33%	ENSG00000146674/ENSG00000136235/ENSG00000080031/ENSG00000184451/ENSG00000182621/ENSG00000162595/ENSG00000092295/ENSG00000143546/ENSG00000144476/ENSG00000085563/ENSG00000206538/ENSG00000069535/ENSG00000205403/ENSG00000149591/ENSG00000124212/ENSG00000198932/ENSG00000135502/ENSG00000181143/ENSG00000185652/ENSG00000148346/ENSG00000160801/ENSG00000106123/ENSG00000186832/ENSG00000154027/ENSG00000078401/ENSG00000109610/ENSG00000109906/ENSG00000182732/ENSG00000268104/ENSG00000122756
P53_DN.V2_UP	P53_DN.V2_UP	78	-0.5614290642917554	-1.9505852734545186	1.2168410805548795e-4	0.001019699730972837	4.624618040806259e-4	2704	tags=49%, list=21%, signal=39%	ENSG00000132530/ENSG00000187010/ENSG00000049239/ENSG00000110848/ENSG00000087903/ENSG00000019485/ENSG00000118503/ENSG00000125144/ENSG00000008441/ENSG00000168679/ENSG00000006377/ENSG00000275302/ENSG00000128284/ENSG00000184271/ENSG00000140961/ENSG00000183421/ENSG00000138135/ENSG00000163406/ENSG00000248099/ENSG00000204618/ENSG00000179242/ENSG00000244405/ENSG00000150048/ENSG00000148604/ENSG00000101425/ENSG00000107562/ENSG00000140538/ENSG00000171303/ENSG00000188338/ENSG00000167772/ENSG00000145936/ENSG00000188763/ENSG00000126895/ENSG00000163739/ENSG00000078596/ENSG00000130032/ENSG00000186847/ENSG00000081041
KRAS.LUNG_UP.V1_DN	KRAS.LUNG_UP.V1_DN	76	-0.5443879756441361	-1.8841333906235571	1.2224938875305622e-4	0.001019699730972837	4.624618040806259e-4	2141	tags=43%, list=17%, signal=36%	ENSG00000099864/ENSG00000075340/ENSG00000165794/ENSG00000100033/ENSG00000149527/ENSG00000185585/ENSG00000136235/ENSG00000205978/ENSG00000074660/ENSG00000157554/ENSG00000108984/ENSG00000162882/ENSG00000092295/ENSG00000145824/ENSG00000174807/ENSG00000130035/ENSG00000180447/ENSG00000135547/ENSG00000171346/ENSG00000185432/ENSG00000129757/ENSG00000003137/ENSG00000186832/ENSG00000064300/ENSG00000007062/ENSG00000154162/ENSG00000016602/ENSG00000268104/ENSG00000164825/ENSG00000129455/ENSG00000129151/ENSG00000169035/ENSG00000094963
ATM_DN.V1_DN	ATM_DN.V1_DN	74	-0.5325326967916387	-1.8366731505777596	1.224739742804654e-4	0.001019699730972837	4.624618040806259e-4	1953	tags=39%, list=15%, signal=33%	ENSG00000160321/ENSG00000112559/ENSG00000132470/ENSG00000170458/ENSG00000064201/ENSG00000139567/ENSG00000196338/ENSG00000113205/ENSG00000075213/ENSG00000116396/ENSG00000162882/ENSG00000120156/ENSG00000000971/ENSG00000026559/ENSG00000085265/ENSG00000149591/ENSG00000198774/ENSG00000137675/ENSG00000126218/ENSG00000117013/ENSG00000180509/ENSG00000134757/ENSG00000158186/ENSG00000101280/ENSG00000163815/ENSG00000163734/ENSG00000148053/ENSG00000124205/ENSG00000137440
KRAS.BREAST_UP.V1_UP	KRAS.BREAST_UP.V1_UP	67	-0.5327711431890896	-1.8087362324875642	1.24750499001996e-4	0.001019699730972837	4.624618040806259e-4	1833	tags=40%, list=14%, signal=35%	ENSG00000115590/ENSG00000146674/ENSG00000253873/ENSG00000140961/ENSG00000155980/ENSG00000175899/ENSG00000144366/ENSG00000167244/ENSG00000087074/ENSG00000128342/ENSG00000129048/ENSG00000074416/ENSG00000184349/ENSG00000164736/ENSG00000153162/ENSG00000003436/ENSG00000171303/ENSG00000131016/ENSG00000186642/ENSG00000104044/ENSG00000136158/ENSG00000141639/ENSG00000092009/ENSG00000167755/ENSG00000163734/ENSG00000081041/ENSG00000094963
JNK_DN.V1_UP	JNK_DN.V1_UP	121	-0.4737609097083599	-1.7370451876530528	2.289639381797367e-4	0.0017389293559949125	7.886521715318472e-4	2065	tags=36%, list=16%, signal=31%	ENSG00000165868/ENSG00000275302/ENSG00000275004/ENSG00000101144/ENSG00000128266/ENSG00000146674/ENSG00000066405/ENSG00000137693/ENSG00000182326/ENSG00000125735/ENSG00000105270/ENSG00000261371/ENSG00000204616/ENSG00000156140/ENSG00000131018/ENSG00000116106/ENSG00000117400/ENSG00000019549/ENSG00000168447/ENSG00000064655/ENSG00000120156/ENSG00000092295/ENSG00000168453/ENSG00000144476/ENSG00000148082/ENSG00000143344/ENSG00000184845/ENSG00000171403/ENSG00000107282/ENSG00000170989/ENSG00000118194/ENSG00000135502/ENSG00000122644/ENSG00000106823/ENSG00000102010/ENSG00000158186/ENSG00000196139/ENSG00000197576/ENSG00000105996/ENSG00000149575/ENSG00000124134/ENSG00000115353/ENSG00000169035/ENSG00000094755
CYCLIN_D1_KE_.V1_DN	CYCLIN_D1_KE_.V1_DN	111	-0.4871072516511019	-1.7692279745779953	2.3124060585038732e-4	0.0017389293559949125	7.886521715318472e-4	2088	tags=34%, list=16%, signal=29%	ENSG00000158164/ENSG00000118308/ENSG00000160716/ENSG00000115594/ENSG00000128266/ENSG00000213930/ENSG00000119950/ENSG00000197943/ENSG00000182511/ENSG00000170458/ENSG00000185668/ENSG00000140299/ENSG00000175899/ENSG00000163083/ENSG00000175164/ENSG00000162616/ENSG00000144476/ENSG00000119138/ENSG00000121361/ENSG00000148700/ENSG00000145675/ENSG00000136732/ENSG00000171094/ENSG00000107562/ENSG00000162551/ENSG00000117525/ENSG00000122644/ENSG00000160801/ENSG00000154330/ENSG00000165092/ENSG00000128422/ENSG00000225950/ENSG00000141639/ENSG00000273079/ENSG00000105974/ENSG00000163734/ENSG00000134760/ENSG00000186081
TGFB_UP.V1_UP	TGFB_UP.V1_UP	143	-0.44269533417946644	-1.651971487114503	4.479283314669653e-4	0.003238866396761134	0.0014689147712074568	3195	tags=45%, list=25%, signal=34%	ENSG00000109099/ENSG00000137273/ENSG00000171988/ENSG00000167202/ENSG00000028839/ENSG00000136630/ENSG00000171608/ENSG00000198853/ENSG00000169047/ENSG00000155850/ENSG00000124216/ENSG00000171223/ENSG00000175727/ENSG00000117318/ENSG00000118523/ENSG00000109756/ENSG00000173334/ENSG00000213413/ENSG00000183963/ENSG00000101670/ENSG00000145779/ENSG00000119681/ENSG00000185650/ENSG00000134259/ENSG00000258818/ENSG00000124374/ENSG00000019144/ENSG00000118263/ENSG00000037280/ENSG00000149573/ENSG00000188015/ENSG00000197461/ENSG00000155090/ENSG00000170525/ENSG00000131435/ENSG00000196159/ENSG00000116106/ENSG00000164741/ENSG00000128342/ENSG00000118515/ENSG00000157557/ENSG00000104783/ENSG00000177606/ENSG00000168994/ENSG00000107104/ENSG00000102760/ENSG00000131746/ENSG00000156475/ENSG00000149591/ENSG00000073712/ENSG00000122863/ENSG00000114378/ENSG00000166173/ENSG00000255398/ENSG00000185652/ENSG00000131016/ENSG00000113578/ENSG00000154721/ENSG00000085741/ENSG00000003137/ENSG00000136826/ENSG00000162772/ENSG00000078401/ENSG00000108960
KRAS.600_UP.V1_DN	KRAS.600_UP.V1_DN	159	-0.42985188755294446	-1.6201858474212552	5.523031039434442e-4	0.0038456660570876855	0.0017441150650845606	2429	tags=37%, list=19%, signal=31%	ENSG00000015520/ENSG00000117228/ENSG00000113946/ENSG00000006047/ENSG00000088756/ENSG00000137078/ENSG00000173546/ENSG00000178726/ENSG00000006377/ENSG00000128284/ENSG00000105784/ENSG00000100033/ENSG00000179909/ENSG00000253305/ENSG00000185585/ENSG00000172543/ENSG00000151090/ENSG00000205978/ENSG00000197584/ENSG00000102230/ENSG00000080031/ENSG00000136546/ENSG00000168060/ENSG00000102349/ENSG00000171992/ENSG00000108984/ENSG00000138759/ENSG00000162882/ENSG00000092295/ENSG00000168269/ENSG00000149131/ENSG00000144476/ENSG00000085563/ENSG00000145824/ENSG00000163638/ENSG00000174807/ENSG00000206538/ENSG00000111344/ENSG00000101335/ENSG00000149591/ENSG00000171462/ENSG00000185652/ENSG00000180509/ENSG00000274286/ENSG00000134757/ENSG00000106123/ENSG00000186832/ENSG00000135960/ENSG00000078401/ENSG00000145936/ENSG00000109906/ENSG00000128422/ENSG00000132561/ENSG00000268104/ENSG00000134760/ENSG00000163017/ENSG00000122756/ENSG00000169035/ENSG00000135218
VEGF_A_UP.V1_UP	VEGF_A_UP.V1_UP	137	-0.4328632496622241	-1.6071352720911105	6.767426122264832e-4	0.004486873508353222	0.0020349202361512374	2275	tags=34%, list=18%, signal=28%	ENSG00000011021/ENSG00000111254/ENSG00000012822/ENSG00000002587/ENSG00000055955/ENSG00000126016/ENSG00000076258/ENSG00000123240/ENSG00000153208/ENSG00000239697/ENSG00000132326/ENSG00000105379/ENSG00000111859/ENSG00000111087/ENSG00000132470/ENSG00000110042/ENSG00000105374/ENSG00000166402/ENSG00000105270/ENSG00000118898/ENSG00000165424/ENSG00000112902/ENSG00000111077/ENSG00000139289/ENSG00000188042/ENSG00000007350/ENSG00000213398/ENSG00000204248/ENSG00000185950/ENSG00000186994/ENSG00000265972/ENSG00000101335/ENSG00000149591/ENSG00000103647/ENSG00000100979/ENSG00000157782/ENSG00000122420/ENSG00000163431/ENSG00000135063/ENSG00000198576/ENSG00000162772/ENSG00000145936/ENSG00000136960/ENSG00000261857/ENSG00000078596/ENSG00000132561
MEL18_DN.V1_DN	MEL18_DN.V1_DN	106	-0.45638075553310764	-1.6526251822132811	6.950075292482335e-4	0.004486873508353222	0.0020349202361512374	1811	tags=37%, list=14%, signal=32%	ENSG00000115594/ENSG00000182013/ENSG00000148935/ENSG00000105270/ENSG00000188641/ENSG00000165424/ENSG00000005020/ENSG00000158050/ENSG00000175899/ENSG00000243244/ENSG00000144366/ENSG00000105559/ENSG00000171408/ENSG00000149654/ENSG00000178573/ENSG00000064692/ENSG00000182621/ENSG00000162595/ENSG00000120833/ENSG00000145824/ENSG00000187955/ENSG00000066382/ENSG00000198300/ENSG00000069535/ENSG00000221818/ENSG00000250722/ENSG00000109654/ENSG00000164929/ENSG00000165795/ENSG00000170345/ENSG00000157064/ENSG00000153823/ENSG00000007062/ENSG00000124107/ENSG00000120738/ENSG00000184905/ENSG00000261857/ENSG00000172201/ENSG00000198947
CTIP_DN.V1_DN	CTIP_DN.V1_DN	89	-0.48255377495658186	-1.7080168736537409	7.159904534606205e-4	0.004486873508353222	0.0020349202361512374	2520	tags=39%, list=19%, signal=32%	ENSG00000170542/ENSG00000241106/ENSG00000131620/ENSG00000173762/ENSG00000167613/ENSG00000020633/ENSG00000071967/ENSG00000185386/ENSG00000100453/ENSG00000133101/ENSG00000242689/ENSG00000053702/ENSG00000185585/ENSG00000115112/ENSG00000132563/ENSG00000137672/ENSG00000196338/ENSG00000150281/ENSG00000101695/ENSG00000248099/ENSG00000149654/ENSG00000092295/ENSG00000151835/ENSG00000069535/ENSG00000197852/ENSG00000186204/ENSG00000107282/ENSG00000129757/ENSG00000156298/ENSG00000078401/ENSG00000052850/ENSG00000106278/ENSG00000006210/ENSG00000167754/ENSG00000178828
RB_P107_DN.V1_UP	RB_P107_DN.V1_UP	119	0.3321263270363687	1.556498645942813	0.00077399380804953565	0.004550295285119566	0.0020636837519299265	1669	tags=30%, list=13%, signal=27%	ENSG00000090889/ENSG00000130635/ENSG00000108821/ENSG00000171848/ENSG00000140937/ENSG00000182492/ENSG00000127129/ENSG00000183044/ENSG00000105011/ENSG00000075218/ENSG00000093009/ENSG00000198901/ENSG00000129038/ENSG00000162073/ENSG00000121152/ENSG00000123219/ENSG00000175305/ENSG00000164109/ENSG00000150551/ENSG00000141756/ENSG00000101412/ENSG00000164692/ENSG00000162063/ENSG00000138346/ENSG00000100479/ENSG00000106399/ENSG00000146143/ENSG00000198554/ENSG00000091651/ENSG00000204991/ENSG00000073111/ENSG00000187741/ENSG00000156831/ENSG00000161996/ENSG00000213551/ENSG00000105486
EGFR_UP.V1_UP	EGFR_UP.V1_UP	151	-0.42622368505669767	-1.5995239449742464	7.775186049094747e-4	0.004550295285119566	0.0020636837519299265	2048	tags=39%, list=16%, signal=33%	ENSG00000184588/ENSG00000117228/ENSG00000145012/ENSG00000186522/ENSG00000145779/ENSG00000198363/ENSG00000134470/ENSG00000137267/ENSG00000139679/ENSG00000147408/ENSG00000069482/ENSG00000101144/ENSG00000137575/ENSG00000115594/ENSG00000221869/ENSG00000197442/ENSG00000139793/ENSG00000166510/ENSG00000149573/ENSG00000113070/ENSG00000139289/ENSG00000175899/ENSG00000198689/ENSG00000177189/ENSG00000119326/ENSG00000134324/ENSG00000162645/ENSG00000119729/ENSG00000163220/ENSG00000128342/ENSG00000144063/ENSG00000143546/ENSG00000020577/ENSG00000150347/ENSG00000157557/ENSG00000116016/ENSG00000221968/ENSG00000120833/ENSG00000155324/ENSG00000146072/ENSG00000244405/ENSG00000074416/ENSG00000139318/ENSG00000142871/ENSG00000165030/ENSG00000073712/ENSG00000003436/ENSG00000131016/ENSG00000159200/ENSG00000136826/ENSG00000118495/ENSG00000148926/ENSG00000167772/ENSG00000162772/ENSG00000078401/ENSG00000073792/ENSG00000138356/ENSG00000146648/ENSG00000163017
CYCLIN_D1_UP.V1_UP	CYCLIN_D1_UP.V1_UP	125	-0.44244593955320166	-1.627957238729295	7.987220447284345e-4	0.004550295285119566	0.0020636837519299265	2871	tags=38%, list=22%, signal=30%	ENSG00000136098/ENSG00000253159/ENSG00000147065/ENSG00000141068/ENSG00000116717/ENSG00000172789/ENSG00000159840/ENSG00000166548/ENSG00000169684/ENSG00000151224/ENSG00000183963/ENSG00000160613/ENSG00000178726/ENSG00000126458/ENSG00000124067/ENSG00000221869/ENSG00000087237/ENSG00000105374/ENSG00000173846/ENSG00000123360/ENSG00000184481/ENSG00000119185/ENSG00000070778/ENSG00000150281/ENSG00000126561/ENSG00000150594/ENSG00000163251/ENSG00000125968/ENSG00000144063/ENSG00000157557/ENSG00000142627/ENSG00000099204/ENSG00000148082/ENSG00000136717/ENSG00000148604/ENSG00000149591/ENSG00000166825/ENSG00000274286/ENSG00000136826/ENSG00000186642/ENSG00000135063/ENSG00000168824/ENSG00000120738/ENSG00000112175/ENSG00000164825/ENSG00000167755/ENSG00000167434
PRC2_EZH2_UP.V1_DN	PRC2_EZH2_UP.V1_DN	130	0.3303099206668275	1.5611278951167222	8.375209380234506e-4	0.004630998127894374	0.002100284705260046	1982	tags=32%, list=15%, signal=28%	ENSG00000090889/ENSG00000117724/ENSG00000126787/ENSG00000176092/ENSG00000072571/ENSG00000123485/ENSG00000137573/ENSG00000113368/ENSG00000106462/ENSG00000151725/ENSG00000112742/ENSG00000130751/ENSG00000144218/ENSG00000093009/ENSG00000178999/ENSG00000114346/ENSG00000119969/ENSG00000163808/ENSG00000007402/ENSG00000085999/ENSG00000065328/ENSG00000121152/ENSG00000104147/ENSG00000162745/ENSG00000013810/ENSG00000164078/ENSG00000130529/ENSG00000152495/ENSG00000138346/ENSG00000186340/ENSG00000153707/ENSG00000073111/ENSG00000184445/ENSG00000085978/ENSG00000092470/ENSG00000134222/ENSG00000095383/ENSG00000167513/ENSG00000072133/ENSG00000164045/ENSG00000127399/ENSG00000023892
CSR_LATE_UP.V1_UP	CSR_LATE_UP.V1_UP	132	0.3520041056111858	1.6683505549075728	8.64304235090752e-4	0.004642548462773182	0.002105523099018072	2009	tags=31%, list=16%, signal=27%	ENSG00000143228/ENSG00000168078/ENSG00000276043/ENSG00000106537/ENSG00000175063/ENSG00000111057/ENSG00000089685/ENSG00000170312/ENSG00000171848/ENSG00000106462/ENSG00000111206/ENSG00000101447/ENSG00000092853/ENSG00000171241/ENSG00000122952/ENSG00000134690/ENSG00000189159/ENSG00000161980/ENSG00000141526/ENSG00000187634/ENSG00000131153/ENSG00000133107/ENSG00000071539/ENSG00000115233/ENSG00000136108/ENSG00000079616/ENSG00000174442/ENSG00000102172/ENSG00000097046/ENSG00000103495/ENSG00000102265/ENSG00000187741/ENSG00000179958/ENSG00000165244/ENSG00000164885/ENSG00000133302/ENSG00000128050/ENSG00000136518/ENSG00000110080/ENSG00000154582/ENSG00000164465
IL15_UP.V1_DN	IL15_UP.V1_DN	114	-0.45016071946833675	-1.6390676771914723	9.238942141124841e-4	0.004754411599415534	0.0021562561005188025	2569	tags=46%, list=20%, signal=37%	ENSG00000112812/ENSG00000121807/ENSG00000104728/ENSG00000110852/ENSG00000019485/ENSG00000100100/ENSG00000186522/ENSG00000118322/ENSG00000018236/ENSG00000118308/ENSG00000102057/ENSG00000124019/ENSG00000064201/ENSG00000146278/ENSG00000164920/ENSG00000141655/ENSG00000151491/ENSG00000188015/ENSG00000123342/ENSG00000113205/ENSG00000162618/ENSG00000140682/ENSG00000143631/ENSG00000110799/ENSG00000188042/ENSG00000103710/ENSG00000108984/ENSG00000171747/ENSG00000164949/ENSG00000019549/ENSG00000154917/ENSG00000116396/ENSG00000137875/ENSG00000137872/ENSG00000205213/ENSG00000221818/ENSG00000265972/ENSG00000129194/ENSG00000065534/ENSG00000176153/ENSG00000142677/ENSG00000129757/ENSG00000174175/ENSG00000186205/ENSG00000119121/ENSG00000153253/ENSG00000154529/ENSG00000007062/ENSG00000013297/ENSG00000124107/ENSG00000124134/ENSG00000005102
STK33_UP	STK33_UP	221	-0.393970288621782	-1.5227361798701928	9.582623509369676e-4	0.004754411599415534	0.0021562561005188025	2418	tags=30%, list=19%, signal=25%	ENSG00000173334/ENSG00000110852/ENSG00000140199/ENSG00000181634/ENSG00000186522/ENSG00000099250/ENSG00000105835/ENSG00000071967/ENSG00000154945/ENSG00000099256/ENSG00000139278/ENSG00000185650/ENSG00000178726/ENSG00000198363/ENSG00000088854/ENSG00000275302/ENSG00000139679/ENSG00000165029/ENSG00000105855/ENSG00000177182/ENSG00000163565/ENSG00000197629/ENSG00000261609/ENSG00000253276/ENSG00000145390/ENSG00000113916/ENSG00000113070/ENSG00000139289/ENSG00000169554/ENSG00000154640/ENSG00000197329/ENSG00000087074/ENSG00000067082/ENSG00000150347/ENSG00000118515/ENSG00000177606/ENSG00000174944/ENSG00000144655/ENSG00000171659/ENSG00000185022/ENSG00000127951/ENSG00000107738/ENSG00000115963/ENSG00000134531/ENSG00000120129/ENSG00000003436/ENSG00000123700/ENSG00000113369/ENSG00000165410/ENSG00000165071/ENSG00000179388/ENSG00000128016/ENSG00000125355/ENSG00000127920/ENSG00000122877/ENSG00000148926/ENSG00000146592/ENSG00000170345/ENSG00000153823/ENSG00000120738/ENSG00000163739/ENSG00000135046/ENSG00000163734/ENSG00000135218/ENSG00000081041/ENSG00000170323
EGFR_UP.V1_DN	EGFR_UP.V1_DN	148	0.32386949785391994	1.5540432464342313	9.80392156862745e-4	0.004754411599415534	0.0021562561005188025	1726	tags=32%, list=13%, signal=28%	ENSG00000108176/ENSG00000143476/ENSG00000118513/ENSG00000085831/ENSG00000275713/ENSG00000125850/ENSG00000138160/ENSG00000084444/ENSG00000167183/ENSG00000106462/ENSG00000180573/ENSG00000143412/ENSG00000134986/ENSG00000151725/ENSG00000116299/ENSG00000073350/ENSG00000136492/ENSG00000187837/ENSG00000196208/ENSG00000196074/ENSG00000151892/ENSG00000172575/ENSG00000135931/ENSG00000168280/ENSG00000123473/ENSG00000106688/ENSG00000140443/ENSG00000108375/ENSG00000103024/ENSG00000198521/ENSG00000177565/ENSG00000160183/ENSG00000196247/ENSG00000115468/ENSG00000138175/ENSG00000161267/ENSG00000143126/ENSG00000131188/ENSG00000204516/ENSG00000137628/ENSG00000151150/ENSG00000104205/ENSG00000122779/ENSG00000138794/ENSG00000180530/ENSG00000104093/ENSG00000128513
GCNP_SHH_UP_LATE.V1_UP	GCNP_SHH_UP_LATE.V1_UP	151	0.38203141143325986	1.8386940596195522	0.001001001001001001	0.004754411599415534	0.0021562561005188025	2013	tags=26%, list=16%, signal=23%	ENSG00000129514/ENSG00000185499/ENSG00000118513/ENSG00000158402/ENSG00000126787/ENSG00000137804/ENSG00000123975/ENSG00000170312/ENSG00000129810/ENSG00000038427/ENSG00000171848/ENSG00000107105/ENSG00000167900/ENSG00000087586/ENSG00000142945/ENSG00000100625/ENSG00000073350/ENSG00000237649/ENSG00000130751/ENSG00000178999/ENSG00000198901/ENSG00000130202/ENSG00000117155/ENSG00000065328/ENSG00000121594/ENSG00000113810/ENSG00000205002/ENSG00000071539/ENSG00000127995/ENSG00000162702/ENSG00000006576/ENSG00000104738/ENSG00000137767/ENSG00000149554/ENSG00000105486/ENSG00000123453/ENSG00000129083/ENSG00000115239/ENSG00000164045/ENSG00000119778
GCNP_SHH_UP_LATE.V1_DN	GCNP_SHH_UP_LATE.V1_DN	139	-0.42918423471385486	-1.5965372232144823	0.0010115769360458582	0.004754411599415534	0.0021562561005188025	1875	tags=24%, list=15%, signal=21%	ENSG00000124104/ENSG00000112559/ENSG00000171649/ENSG00000100079/ENSG00000203883/ENSG00000103852/ENSG00000253276/ENSG00000132386/ENSG00000164236/ENSG00000122547/ENSG00000114019/ENSG00000116729/ENSG00000171747/ENSG00000181773/ENSG00000149289/ENSG00000163032/ENSG00000186994/ENSG00000167311/ENSG00000058085/ENSG00000111912/ENSG00000170989/ENSG00000010932/ENSG00000198478/ENSG00000169894/ENSG00000171522/ENSG00000160801/ENSG00000106123/ENSG00000078401/ENSG00000169252/ENSG00000188763/ENSG00000130176/ENSG00000006210/ENSG00000167755/ENSG00000129455
RAF_UP.V1_DN	RAF_UP.V1_DN	161	0.3542971498700873	1.7159166457599864	0.0010741138560687433	0.004830421377183967	0.0021907286201114295	1718	tags=34%, list=13%, signal=30%	ENSG00000108176/ENSG00000134215/ENSG00000118513/ENSG00000189334/ENSG00000172379/ENSG00000074410/ENSG00000085831/ENSG00000084444/ENSG00000183044/ENSG00000104447/ENSG00000175356/ENSG00000141682/ENSG00000072858/ENSG00000140479/ENSG00000116299/ENSG00000111490/ENSG00000092978/ENSG00000196208/ENSG00000137203/ENSG00000151892/ENSG00000146950/ENSG00000172575/ENSG00000135931/ENSG00000137501/ENSG00000170017/ENSG00000106688/ENSG00000120756/ENSG00000076716/ENSG00000140443/ENSG00000113739/ENSG00000104381/ENSG00000154380/ENSG00000175175/ENSG00000120262/ENSG00000182022/ENSG00000109452/ENSG00000115159/ENSG00000183161/ENSG00000117479/ENSG00000176842/ENSG00000160183/ENSG00000138175/ENSG00000131171/ENSG00000185697/ENSG00000110092/ENSG00000109814/ENSG00000143126/ENSG00000144736/ENSG00000157693/ENSG00000101343/ENSG00000204516/ENSG00000151208/ENSG00000049130/ENSG00000115457/ENSG00000067992
KRAS.AMP.LUNG_UP.V1_DN	KRAS.AMP.LUNG_UP.V1_DN	87	-0.477356381320006	-1.6845945498222512	0.001079136690647482	0.004830421377183967	0.0021907286201114295	2472	tags=47%, list=19%, signal=38%	ENSG00000108759/ENSG00000118058/ENSG00000163564/ENSG00000159640/ENSG00000106976/ENSG00000072694/ENSG00000184208/ENSG00000185245/ENSG00000037965/ENSG00000121671/ENSG00000166349/ENSG00000130052/ENSG00000113946/ENSG00000159423/ENSG00000124374/ENSG00000100033/ENSG00000128266/ENSG00000149527/ENSG00000134072/ENSG00000074660/ENSG00000145390/ENSG00000080031/ENSG00000105737/ENSG00000079337/ENSG00000150281/ENSG00000184160/ENSG00000064205/ENSG00000132205/ENSG00000108622/ENSG00000063127/ENSG00000174059/ENSG00000127951/ENSG00000136869/ENSG00000103647/ENSG00000135547/ENSG00000007062/ENSG00000134121/ENSG00000128918/ENSG00000144230/ENSG00000154736/ENSG00000266524
PRC1_BMI_UP.V1_UP	PRC1_BMI_UP.V1_UP	115	-0.4410268130413794	-1.607958398813842	0.001384083044982699	0.006051339824575521	0.0027444486326462327	3219	tags=47%, list=25%, signal=36%	ENSG00000134698/ENSG00000159640/ENSG00000164308/ENSG00000009780/ENSG00000262655/ENSG00000166523/ENSG00000144852/ENSG00000198517/ENSG00000102935/ENSG00000184208/ENSG00000175471/ENSG00000115339/ENSG00000120332/ENSG00000102543/ENSG00000065717/ENSG00000113946/ENSG00000006047/ENSG00000118503/ENSG00000102043/ENSG00000124374/ENSG00000113790/ENSG00000112559/ENSG00000105810/ENSG00000140961/ENSG00000120328/ENSG00000183421/ENSG00000137672/ENSG00000118971/ENSG00000144648/ENSG00000166289/ENSG00000155980/ENSG00000164116/ENSG00000158050/ENSG00000188042/ENSG00000149654/ENSG00000197329/ENSG00000203685/ENSG00000234465/ENSG00000117425/ENSG00000129244/ENSG00000139946/ENSG00000163378/ENSG00000255398/ENSG00000072041/ENSG00000198515/ENSG00000101187/ENSG00000107317/ENSG00000166405/ENSG00000122877/ENSG00000156298/ENSG00000078401/ENSG00000124107/ENSG00000182732/ENSG00000198947
ESC_V6.5_UP_EARLY.V1_DN	ESC_V6.5_UP_EARLY.V1_DN	136	-0.4218629483123763	-1.5651722003293922	0.0016952983725135623	0.007095016838455168	0.0032177847923564877	1930	tags=38%, list=15%, signal=32%	ENSG00000125378/ENSG00000154822/ENSG00000184232/ENSG00000163520/ENSG00000164111/ENSG00000146674/ENSG00000122786/ENSG00000111341/ENSG00000115112/ENSG00000159176/ENSG00000113070/ENSG00000124942/ENSG00000167711/ENSG00000140682/ENSG00000197956/ENSG00000132386/ENSG00000169994/ENSG00000163083/ENSG00000167244/ENSG00000162645/ENSG00000163251/ENSG00000092295/ENSG00000196154/ENSG00000101680/ENSG00000184557/ENSG00000176014/ENSG00000153551/ENSG00000189280/ENSG00000188910/ENSG00000169908/ENSG00000153446/ENSG00000149591/ENSG00000091986/ENSG00000142871/ENSG00000148180/ENSG00000058085/ENSG00000177469/ENSG00000134531/ENSG00000176153/ENSG00000138772/ENSG00000136826/ENSG00000186832/ENSG00000158186/ENSG00000182463/ENSG00000129451/ENSG00000128422/ENSG00000135046/ENSG00000105974/ENSG00000138685/ENSG00000157404/ENSG00000168497
SNF5_DN.V1_DN	SNF5_DN.V1_DN	112	-0.4459009699596188	-1.6212791405471259	0.0017337031900138697	0.007095016838455168	0.0032177847923564877	3019	tags=48%, list=23%, signal=37%	ENSG00000159231/ENSG00000133135/ENSG00000046604/ENSG00000169918/ENSG00000185291/ENSG00000106565/ENSG00000176463/ENSG00000112299/ENSG00000002933/ENSG00000172348/ENSG00000133134/ENSG00000170542/ENSG00000085063/ENSG00000214787/ENSG00000166741/ENSG00000018236/ENSG00000072952/ENSG00000214944/ENSG00000125675/ENSG00000147408/ENSG00000172817/ENSG00000183853/ENSG00000182389/ENSG00000037280/ENSG00000054219/ENSG00000067445/ENSG00000145335/ENSG00000147465/ENSG00000118804/ENSG00000109063/ENSG00000079337/ENSG00000144802/ENSG00000185274/ENSG00000173918/ENSG00000221968/ENSG00000146072/ENSG00000221818/ENSG00000169282/ENSG00000154645/ENSG00000065534/ENSG00000118194/ENSG00000265190/ENSG00000164099/ENSG00000142910/ENSG00000163431/ENSG00000167772/ENSG00000115380/ENSG00000168824/ENSG00000138131/ENSG00000106004/ENSG00000169418/ENSG00000081277/ENSG00000106278/ENSG00000170323
STK33_NOMO_UP	STK33_NOMO_UP	232	-0.38222335554886055	-1.4819318764718494	0.0018016108520559559	0.007095016838455168	0.0032177847923564877	2390	tags=29%, list=18%, signal=24%	ENSG00000110852/ENSG00000140199/ENSG00000181634/ENSG00000186522/ENSG00000099250/ENSG00000145349/ENSG00000105835/ENSG00000174738/ENSG00000139278/ENSG00000185650/ENSG00000102547/ENSG00000178726/ENSG00000198363/ENSG00000153208/ENSG00000125266/ENSG00000088854/ENSG00000137267/ENSG00000153071/ENSG00000275302/ENSG00000165029/ENSG00000177182/ENSG00000115590/ENSG00000115594/ENSG00000163565/ENSG00000136235/ENSG00000261609/ENSG00000253276/ENSG00000145390/ENSG00000113916/ENSG00000139289/ENSG00000175899/ENSG00000169554/ENSG00000188042/ENSG00000154640/ENSG00000197329/ENSG00000087074/ENSG00000156804/ENSG00000067082/ENSG00000107968/ENSG00000150347/ENSG00000118515/ENSG00000116016/ENSG00000177606/ENSG00000234465/ENSG00000174944/ENSG00000144655/ENSG00000185022/ENSG00000115963/ENSG00000134531/ENSG00000120129/ENSG00000255398/ENSG00000123700/ENSG00000113369/ENSG00000165410/ENSG00000179388/ENSG00000128016/ENSG00000196878/ENSG00000125355/ENSG00000160886/ENSG00000127920/ENSG00000122877/ENSG00000138640/ENSG00000170345/ENSG00000153823/ENSG00000163739/ENSG00000163734/ENSG00000081041/ENSG00000170323
BMI1_DN.V1_UP	BMI1_DN.V1_UP	120	-0.43810432437114494	-1.6050868587755136	0.0018344416418252694	0.007095016838455168	0.0032177847923564877	2138	tags=38%, list=17%, signal=32%	ENSG00000173546/ENSG00000198363/ENSG00000123146/ENSG00000165029/ENSG00000125378/ENSG00000184371/ENSG00000105855/ENSG00000069482/ENSG00000182511/ENSG00000077782/ENSG00000066056/ENSG00000128510/ENSG00000162496/ENSG00000113070/ENSG00000109743/ENSG00000197646/ENSG00000163251/ENSG00000116396/ENSG00000120156/ENSG00000128342/ENSG00000144476/ENSG00000221968/ENSG00000142627/ENSG00000135318/ENSG00000090006/ENSG00000198053/ENSG00000149591/ENSG00000120949/ENSG00000122863/ENSG00000166825/ENSG00000140545/ENSG00000107796/ENSG00000147852/ENSG00000117525/ENSG00000101187/ENSG00000010319/ENSG00000196878/ENSG00000138772/ENSG00000125965/ENSG00000078401/ENSG00000169252/ENSG00000128422/ENSG00000163739/ENSG00000112175/ENSG00000102287
CAHOY_ASTROGLIAL	CAHOY_ASTROGLIAL	74	-0.4890312739183378	-1.6866393669534232	0.001837109614206981	0.007095016838455168	0.0032177847923564877	1884	tags=36%, list=15%, signal=31%	ENSG00000107551/ENSG00000146674/ENSG00000136235/ENSG00000026103/ENSG00000113328/ENSG00000137752/ENSG00000122694/ENSG00000122176/ENSG00000131981/ENSG00000125730/ENSG00000162413/ENSG00000112414/ENSG00000064205/ENSG00000173918/ENSG00000149131/ENSG00000149591/ENSG00000140092/ENSG00000107796/ENSG00000147852/ENSG00000148346/ENSG00000171227/ENSG00000135046/ENSG00000106809/ENSG00000168874/ENSG00000130176/ENSG00000164825/ENSG00000119147
STK33_SKM_DN	STK33_SKM_DN	181	-0.4002506089821556	-1.5257814358037107	0.0018492331121505493	0.007095016838455168	0.0032177847923564877	2630	tags=39%, list=20%, signal=31%	ENSG00000138031/ENSG00000128567/ENSG00000114779/ENSG00000117318/ENSG00000121807/ENSG00000278535/ENSG00000048342/ENSG00000133134/ENSG00000196715/ENSG00000172164/ENSG00000019485/ENSG00000145779/ENSG00000173930/ENSG00000146215/ENSG00000163362/ENSG00000162373/ENSG00000155099/ENSG00000126524/ENSG00000132846/ENSG00000101000/ENSG00000108244/ENSG00000172817/ENSG00000112297/ENSG00000119943/ENSG00000104213/ENSG00000070371/ENSG00000122786/ENSG00000081985/ENSG00000146409/ENSG00000148935/ENSG00000159164/ENSG00000171757/ENSG00000154274/ENSG00000163171/ENSG00000160117/ENSG00000147465/ENSG00000183018/ENSG00000118804/ENSG00000139597/ENSG00000196368/ENSG00000158301/ENSG00000134874/ENSG00000175164/ENSG00000162817/ENSG00000114805/ENSG00000119514/ENSG00000150938/ENSG00000109686/ENSG00000099204/ENSG00000128573/ENSG00000005249/ENSG00000140563/ENSG00000204161/ENSG00000174099/ENSG00000101425/ENSG00000164056/ENSG00000180354/ENSG00000165300/ENSG00000166825/ENSG00000072041/ENSG00000198478/ENSG00000196878/ENSG00000186205/ENSG00000102010/ENSG00000265763/ENSG00000101311/ENSG00000046653/ENSG00000124107/ENSG00000154736/ENSG00000157404
ATF2_S_UP.V1_DN	ATF2_S_UP.V1_DN	134	-0.4236923500288213	-1.5715577233629325	0.0020332090816672314	0.00764486614706879	0.0034671565392641207	2615	tags=45%, list=20%, signal=36%	ENSG00000114270/ENSG00000117318/ENSG00000002933/ENSG00000162692/ENSG00000162512/ENSG00000103168/ENSG00000006016/ENSG00000176485/ENSG00000176595/ENSG00000160613/ENSG00000089486/ENSG00000134259/ENSG00000146021/ENSG00000147408/ENSG00000125384/ENSG00000163520/ENSG00000115594/ENSG00000082438/ENSG00000118898/ENSG00000122176/ENSG00000100307/ENSG00000064225/ENSG00000175899/ENSG00000064692/ENSG00000185483/ENSG00000204618/ENSG00000079215/ENSG00000241399/ENSG00000149131/ENSG00000196569/ENSG00000119514/ENSG00000101680/ENSG00000162433/ENSG00000178695/ENSG00000140285/ENSG00000102678/ENSG00000184347/ENSG00000180447/ENSG00000048740/ENSG00000197635/ENSG00000114698/ENSG00000124212/ENSG00000170145/ENSG00000118194/ENSG00000198932/ENSG00000153162/ENSG00000250305/ENSG00000133048/ENSG00000121552/ENSG00000118849/ENSG00000167772/ENSG00000170345/ENSG00000153823/ENSG00000115380/ENSG00000095637/ENSG00000147862/ENSG00000165124/ENSG00000172201/ENSG00000123243/ENSG00000137033
E2F1_UP.V1_UP	E2F1_UP.V1_UP	163	0.30296983910985786	1.4710116005531144	0.002136752136752137	0.007876654935478466	0.0035722791140747803	1695	tags=21%, list=13%, signal=19%	ENSG00000101222/ENSG00000076554/ENSG00000126787/ENSG00000077152/ENSG00000129810/ENSG00000196405/ENSG00000113368/ENSG00000106462/ENSG00000167900/ENSG00000109062/ENSG00000099219/ENSG00000237649/ENSG00000178999/ENSG00000198901/ENSG00000147799/ENSG00000174871/ENSG00000117155/ENSG00000065328/ENSG00000121152/ENSG00000123473/ENSG00000029993/ENSG00000139618/ENSG00000144136/ENSG00000241484/ENSG00000138346/ENSG00000142731/ENSG00000143799/ENSG00000146143/ENSG00000198554/ENSG00000101811/ENSG00000179958/ENSG00000104738/ENSG00000149554/ENSG00000006634/ENSG00000176890
BMI1_DN_MEL18_DN.V1_DN	BMI1_DN_MEL18_DN.V1_DN	104	-0.4458833687871334	-1.6102075157035907	0.002443280977312391	0.008833400456437107	0.004006189456726795	2547	tags=43%, list=20%, signal=35%	ENSG00000002933/ENSG00000170381/ENSG00000184588/ENSG00000075826/ENSG00000109466/ENSG00000006016/ENSG00000092758/ENSG00000168679/ENSG00000138735/ENSG00000105379/ENSG00000113790/ENSG00000115594/ENSG00000182013/ENSG00000148935/ENSG00000138135/ENSG00000132563/ENSG00000105270/ENSG00000188641/ENSG00000158050/ENSG00000175899/ENSG00000243244/ENSG00000171408/ENSG00000116106/ENSG00000162595/ENSG00000196154/ENSG00000170891/ENSG00000120833/ENSG00000123096/ENSG00000145824/ENSG00000187955/ENSG00000198300/ENSG00000069535/ENSG00000250722/ENSG00000109654/ENSG00000185432/ENSG00000170345/ENSG00000157064/ENSG00000007062/ENSG00000116678/ENSG00000124107/ENSG00000184905/ENSG00000261857/ENSG00000134121/ENSG00000172201/ENSG00000124205
CRX_DN.V1_DN	CRX_DN.V1_DN	90	-0.45906091609036553	-1.6260237928635979	0.0026234199856904365	0.009305716175656642	0.004220397593662867	2089	tags=36%, list=16%, signal=30%	ENSG00000214944/ENSG00000258818/ENSG00000196371/ENSG00000221869/ENSG00000196781/ENSG00000166086/ENSG00000138386/ENSG00000122694/ENSG00000135926/ENSG00000005020/ENSG00000172216/ENSG00000197956/ENSG00000155090/ENSG00000163083/ENSG00000119326/ENSG00000173868/ENSG00000107968/ENSG00000149131/ENSG00000184557/ENSG00000105926/ENSG00000176014/ENSG00000127954/ENSG00000245848/ENSG00000091137/ENSG00000112182/ENSG00000080200/ENSG00000164687/ENSG00000174514/ENSG00000127920/ENSG00000120738/ENSG00000167641/ENSG00000131095
MEK_UP.V1_DN	MEK_UP.V1_DN	150	0.30374047226682194	1.4602647629680208	0.0029910269192422734	0.010362694300518135	0.004699766172127485	2493	tags=35%, list=19%, signal=29%	ENSG00000118513/ENSG00000085831/ENSG00000275713/ENSG00000187164/ENSG00000187608/ENSG00000180573/ENSG00000143412/ENSG00000134986/ENSG00000131187/ENSG00000116299/ENSG00000168502/ENSG00000187837/ENSG00000196208/ENSG00000095585/ENSG00000196074/ENSG00000081923/ENSG00000151892/ENSG00000172575/ENSG00000168280/ENSG00000140443/ENSG00000150961/ENSG00000108375/ENSG00000104381/ENSG00000109452/ENSG00000185507/ENSG00000111335/ENSG00000136636/ENSG00000135114/ENSG00000198521/ENSG00000196247/ENSG00000185697/ENSG00000089127/ENSG00000107201/ENSG00000106785/ENSG00000111331/ENSG00000137628/ENSG00000185238/ENSG00000180530/ENSG00000128513/ENSG00000064313/ENSG00000143164/ENSG00000155906/ENSG00000107789/ENSG00000198740/ENSG00000163697/ENSG00000141279/ENSG00000174373/ENSG00000123684/ENSG00000106692/ENSG00000145439/ENSG00000174606/ENSG00000171791/ENSG00000068079
PGF_UP.V1_DN	PGF_UP.V1_DN	125	-0.42293933872788253	-1.5561836972009235	0.003080785029666819	0.010362694300518135	0.004699766172127485	2057	tags=30%, list=16%, signal=25%	ENSG00000239697/ENSG00000008226/ENSG00000124374/ENSG00000132470/ENSG00000151322/ENSG00000172543/ENSG00000080031/ENSG00000123360/ENSG00000150281/ENSG00000146122/ENSG00000196154/ENSG00000104783/ENSG00000204248/ENSG00000159899/ENSG00000163531/ENSG00000062524/ENSG00000245848/ENSG00000162433/ENSG00000184349/ENSG00000155760/ENSG00000101335/ENSG00000171403/ENSG00000123080/ENSG00000136732/ENSG00000164056/ENSG00000117016/ENSG00000072041/ENSG00000141404/ENSG00000122420/ENSG00000198576/ENSG00000149294/ENSG00000125845/ENSG00000129451/ENSG00000167779/ENSG00000136960/ENSG00000165124/ENSG00000144230
MEK_UP.V1_UP	MEK_UP.V1_UP	161	-0.4001370404783399	-1.5102458346033807	0.003086760004409657	0.010362694300518135	0.004699766172127485	2213	tags=34%, list=17%, signal=29%	ENSG00000145779/ENSG00000081189/ENSG00000119862/ENSG00000159423/ENSG00000149260/ENSG00000198363/ENSG00000163362/ENSG00000064042/ENSG00000137267/ENSG00000159921/ENSG00000147408/ENSG00000069482/ENSG00000111859/ENSG00000101144/ENSG00000188070/ENSG00000137575/ENSG00000132470/ENSG00000182534/ENSG00000135862/ENSG00000149573/ENSG00000140682/ENSG00000197956/ENSG00000198689/ENSG00000188042/ENSG00000127990/ENSG00000169116/ENSG00000117114/ENSG00000144063/ENSG00000162817/ENSG00000020577/ENSG00000119514/ENSG00000116016/ENSG00000104783/ENSG00000142627/ENSG00000155324/ENSG00000067113/ENSG00000146072/ENSG00000244405/ENSG00000183722/ENSG00000242265/ENSG00000073712/ENSG00000198910/ENSG00000176153/ENSG00000184254/ENSG00000085741/ENSG00000171522/ENSG00000136826/ENSG00000179913/ENSG00000148926/ENSG00000196139/ENSG00000167772/ENSG00000078401/ENSG00000073792/ENSG00000137699/ENSG00000189058
IL21_UP.V1_UP	IL21_UP.V1_UP	118	-0.4230168115595516	-1.5475976918887522	0.003215434083601286	0.010605291363456873	0.004809790595968683	2287	tags=36%, list=18%, signal=30%	ENSG00000058866/ENSG00000160613/ENSG00000055955/ENSG00000159423/ENSG00000135373/ENSG00000166206/ENSG00000025434/ENSG00000006377/ENSG00000124374/ENSG00000133104/ENSG00000176720/ENSG00000105374/ENSG00000164342/ENSG00000062038/ENSG00000113916/ENSG00000137193/ENSG00000128510/ENSG00000115607/ENSG00000130956/ENSG00000179776/ENSG00000196368/ENSG00000007312/ENSG00000162595/ENSG00000128342/ENSG00000174944/ENSG00000036672/ENSG00000163032/ENSG00000169432/ENSG00000102760/ENSG00000107562/ENSG00000152583/ENSG00000100448/ENSG00000133048/ENSG00000141404/ENSG00000160801/ENSG00000185479/ENSG00000120471/ENSG00000154262/ENSG00000122877/ENSG00000174607/ENSG00000086570/ENSG00000168309/ENSG00000152578
STK33_SKM_UP	STK33_SKM_UP	205	-0.38313024147498703	-1.4741110585400483	0.003324040317392237	0.01077447551154725	0.004886520248798026	2355	tags=31%, list=18%, signal=26%	ENSG00000137941/ENSG00000166548/ENSG00000173334/ENSG00000140199/ENSG00000169508/ENSG00000000938/ENSG00000105835/ENSG00000071967/ENSG00000099256/ENSG00000139278/ENSG00000178726/ENSG00000198363/ENSG00000198948/ENSG00000165895/ENSG00000275302/ENSG00000139679/ENSG00000105855/ENSG00000173482/ENSG00000006468/ENSG00000163565/ENSG00000197629/ENSG00000078018/ENSG00000139132/ENSG00000113070/ENSG00000140682/ENSG00000139289/ENSG00000136161/ENSG00000144802/ENSG00000116285/ENSG00000162616/ENSG00000162645/ENSG00000067082/ENSG00000150347/ENSG00000118515/ENSG00000174944/ENSG00000276600/ENSG00000128872/ENSG00000146072/ENSG00000066382/ENSG00000102760/ENSG00000171659/ENSG00000127951/ENSG00000107738/ENSG00000115963/ENSG00000120129/ENSG00000003436/ENSG00000107796/ENSG00000123700/ENSG00000113369/ENSG00000165410/ENSG00000165071/ENSG00000129757/ENSG00000128016/ENSG00000173320/ENSG00000127920/ENSG00000148926/ENSG00000146592/ENSG00000170345/ENSG00000153823/ENSG00000120738/ENSG00000135046/ENSG00000135218/ENSG00000170323
RPS14_DN.V1_UP	RPS14_DN.V1_UP	135	-0.4097172925108535	-1.5192780503402603	0.0035052012663952963	0.011169115899700266	0.005065500492025317	2441	tags=39%, list=19%, signal=32%	ENSG00000110848/ENSG00000136867/ENSG00000110852/ENSG00000169508/ENSG00000186522/ENSG00000176595/ENSG00000163219/ENSG00000131370/ENSG00000132274/ENSG00000164683/ENSG00000104043/ENSG00000133101/ENSG00000128266/ENSG00000163565/ENSG00000105374/ENSG00000136235/ENSG00000182389/ENSG00000170458/ENSG00000205978/ENSG00000137752/ENSG00000113916/ENSG00000054219/ENSG00000163171/ENSG00000135272/ENSG00000109743/ENSG00000064225/ENSG00000110799/ENSG00000188042/ENSG00000136161/ENSG00000197461/ENSG00000178573/ENSG00000150594/ENSG00000117400/ENSG00000129048/ENSG00000150938/ENSG00000174944/ENSG00000143344/ENSG00000198053/ENSG00000178695/ENSG00000011465/ENSG00000134531/ENSG00000166825/ENSG00000100448/ENSG00000107796/ENSG00000153993/ENSG00000171522/ENSG00000179388/ENSG00000121552/ENSG00000138772/ENSG00000153253/ENSG00000153823/ENSG00000007062/ENSG00000136960
IL15_UP.V1_UP	IL15_UP.V1_UP	139	-0.4058396540861382	-1.5096969133477176	0.003933910306845004	0.012308175771225055	0.005582095394564555	2776	tags=36%, list=21%, signal=29%	ENSG00000106546/ENSG00000131773/ENSG00000102901/ENSG00000171223/ENSG00000090554/ENSG00000129250/ENSG00000037965/ENSG00000110848/ENSG00000173334/ENSG00000185338/ENSG00000123505/ENSG00000058866/ENSG00000145779/ENSG00000002587/ENSG00000119862/ENSG00000132326/ENSG00000275302/ENSG00000164342/ENSG00000139567/ENSG00000132563/ENSG00000062038/ENSG00000137193/ENSG00000128510/ENSG00000162496/ENSG00000115607/ENSG00000158050/ENSG00000163083/ENSG00000178573/ENSG00000163251/ENSG00000128342/ENSG00000120833/ENSG00000105926/ENSG00000146072/ENSG00000102760/ENSG00000186994/ENSG00000185022/ENSG00000185920/ENSG00000139318/ENSG00000178695/ENSG00000107562/ENSG00000123700/ENSG00000160801/ENSG00000101187/ENSG00000179388/ENSG00000122877/ENSG00000170345/ENSG00000125845/ENSG00000136158/ENSG00000120738/ENSG00000137077
KRAS.DF.V1_DN	KRAS.DF.V1_DN	126	-0.41916183260581175	-1.5434406836815804	0.003993610223642172	0.012308175771225055	0.005582095394564555	2486	tags=36%, list=19%, signal=29%	ENSG00000112290/ENSG00000095203/ENSG00000126861/ENSG00000112039/ENSG00000100739/ENSG00000005243/ENSG00000139278/ENSG00000112658/ENSG00000075223/ENSG00000134259/ENSG00000132326/ENSG00000125378/ENSG00000146674/ENSG00000167994/ENSG00000171532/ENSG00000158050/ENSG00000131018/ENSG00000197461/ENSG00000145819/ENSG00000204618/ENSG00000154917/ENSG00000177519/ENSG00000157557/ENSG00000213398/ENSG00000168994/ENSG00000204248/ENSG00000172059/ENSG00000183570/ENSG00000152104/ENSG00000198053/ENSG00000092421/ENSG00000149591/ENSG00000119900/ENSG00000154134/ENSG00000136531/ENSG00000136826/ENSG00000169252/ENSG00000115596/ENSG00000163884/ENSG00000077264/ENSG00000168477/ENSG00000167754/ENSG00000129455/ENSG00000122756/ENSG00000178828
VEGF_A_UP.V1_DN	VEGF_A_UP.V1_DN	164	0.2870314109007947	1.3931320732515426	0.0043431053203040176	0.013169416132534762	0.005972691527073437	1532	tags=22%, list=12%, signal=20%	ENSG00000126787/ENSG00000072571/ENSG00000156970/ENSG00000089685/ENSG00000123975/ENSG00000138160/ENSG00000171848/ENSG00000080986/ENSG00000113368/ENSG00000137807/ENSG00000115163/ENSG00000100526/ENSG00000157456/ENSG00000112742/ENSG00000138778/ENSG00000134057/ENSG00000093009/ENSG00000076382/ENSG00000233822/ENSG00000164109/ENSG00000140332/ENSG00000156011/ENSG00000113810/ENSG00000105948/ENSG00000181751/ENSG00000142731/ENSG00000138363/ENSG00000067177/ENSG00000079616/ENSG00000114395/ENSG00000157227/ENSG00000153707/ENSG00000104738/ENSG00000052749/ENSG00000163751/ENSG00000152422
P53_DN.V1_UP	P53_DN.V1_UP	148	-0.39707690590845474	-1.4876913525590192	0.0047873524827432646	0.014213701890284293	0.006446303768829942	2047	tags=36%, list=16%, signal=31%	ENSG00000125266/ENSG00000258818/ENSG00000010810/ENSG00000125378/ENSG00000145147/ENSG00000176454/ENSG00000163520/ENSG00000132470/ENSG00000112297/ENSG00000070371/ENSG00000197442/ENSG00000185585/ENSG00000170425/ENSG00000137693/ENSG00000134072/ENSG00000132563/ENSG00000140945/ENSG00000097033/ENSG00000105270/ENSG00000080031/ENSG00000118898/ENSG00000162496/ENSG00000088899/ENSG00000053254/ENSG00000163083/ENSG00000134755/ENSG00000175745/ENSG00000130707/ENSG00000150938/ENSG00000133818/ENSG00000151689/ENSG00000185022/ENSG00000167748/ENSG00000142871/ENSG00000121691/ENSG00000134138/ENSG00000118432/ENSG00000106484/ENSG00000117525/ENSG00000171346/ENSG00000122644/ENSG00000102554/ENSG00000174607/ENSG00000148926/ENSG00000157064/ENSG00000115380/ENSG00000136158/ENSG00000065618/ENSG00000129451/ENSG00000206075/ENSG00000167779/ENSG00000135046/ENSG00000146648/ENSG00000198947
ESC_V6.5_UP_LATE.V1_DN	ESC_V6.5_UP_LATE.V1_DN	146	-0.3988639658079442	-1.492805176721055	0.004898686261411712	0.014213701890284293	0.006446303768829942	1814	tags=26%, list=14%, signal=23%	ENSG00000163520/ENSG00000240747/ENSG00000111087/ENSG00000105227/ENSG00000119986/ENSG00000173846/ENSG00000111341/ENSG00000068831/ENSG00000131981/ENSG00000100307/ENSG00000114166/ENSG00000197956/ENSG00000105559/ENSG00000163083/ENSG00000163251/ENSG00000092295/ENSG00000196154/ENSG00000118515/ENSG00000184557/ENSG00000189280/ENSG00000105538/ENSG00000106829/ENSG00000136997/ENSG00000188910/ENSG00000169908/ENSG00000153446/ENSG00000177469/ENSG00000134531/ENSG00000176153/ENSG00000154721/ENSG00000125878/ENSG00000076555/ENSG00000136826/ENSG00000158186/ENSG00000167772/ENSG00000129451/ENSG00000128422/ENSG00000135046
ESC_J1_UP_LATE.V1_DN	ESC_J1_UP_LATE.V1_DN	139	-0.40148553768188683	-1.493499885704727	0.004945487242890862	0.014213701890284293	0.006446303768829942	1156	tags=19%, list=9%, signal=17%	ENSG00000164741/ENSG00000185345/ENSG00000092295/ENSG00000120833/ENSG00000184557/ENSG00000117425/ENSG00000161835/ENSG00000189369/ENSG00000105538/ENSG00000106829/ENSG00000136997/ENSG00000241186/ENSG00000137561/ENSG00000177469/ENSG00000124212/ENSG00000176153/ENSG00000154721/ENSG00000125878/ENSG00000076555/ENSG00000136826/ENSG00000158186/ENSG00000064300/ENSG00000137285/ENSG00000167772/ENSG00000078401/ENSG00000120738
BMI1_DN.V1_DN	BMI1_DN.V1_DN	103	-0.43325337505739053	-1.562158293802037	0.005020431990659662	0.014213701890284293	0.006446303768829942	1908	tags=39%, list=15%, signal=33%	ENSG00000002933/ENSG00000170381/ENSG00000184588/ENSG00000113946/ENSG00000092758/ENSG00000138735/ENSG00000105379/ENSG00000113790/ENSG00000115594/ENSG00000006468/ENSG00000182013/ENSG00000148935/ENSG00000105270/ENSG00000188641/ENSG00000243244/ENSG00000105559/ENSG00000149654/ENSG00000116106/ENSG00000196154/ENSG00000120833/ENSG00000123096/ENSG00000198300/ENSG00000069535/ENSG00000250722/ENSG00000109654/ENSG00000140459/ENSG00000185432/ENSG00000135406/ENSG00000165795/ENSG00000170345/ENSG00000157064/ENSG00000153823/ENSG00000073282/ENSG00000124107/ENSG00000120738/ENSG00000184905/ENSG00000052850/ENSG00000134121/ENSG00000172201/ENSG00000163884
E2F1_UP.V1_DN	E2F1_UP.V1_DN	164	-0.39171038911220385	-1.4806608346392356	0.0050655214183459975	0.014213701890284293	0.006446303768829942	1811	tags=26%, list=14%, signal=23%	ENSG00000115594/ENSG00000170899/ENSG00000175344/ENSG00000100079/ENSG00000136560/ENSG00000119986/ENSG00000026103/ENSG00000112769/ENSG00000113916/ENSG00000118971/ENSG00000111961/ENSG00000077420/ENSG00000151491/ENSG00000140682/ENSG00000139289/ENSG00000125730/ENSG00000144802/ENSG00000171992/ENSG00000162645/ENSG00000127528/ENSG00000118515/ENSG00000144476/ENSG00000099204/ENSG00000204531/ENSG00000147872/ENSG00000079102/ENSG00000136997/ENSG00000134853/ENSG00000265190/ENSG00000116711/ENSG00000117525/ENSG00000144681/ENSG00000167772/ENSG00000165092/ENSG00000164330/ENSG00000124107/ENSG00000154734/ENSG00000169418/ENSG00000163739/ENSG00000135046/ENSG00000077264/ENSG00000168477/ENSG00000168497
RPS14_DN.V1_DN	RPS14_DN.V1_DN	148	0.2899193002849	1.391137892281243	0.0058823529411764705	0.016262975778546712	0.00737570570023675	2051	tags=28%, list=16%, signal=24%	ENSG00000168078/ENSG00000126787/ENSG00000148773/ENSG00000112984/ENSG00000169891/ENSG00000137807/ENSG00000119888/ENSG00000186871/ENSG00000167900/ENSG00000183010/ENSG00000142945/ENSG00000157456/ENSG00000166851/ENSG00000138778/ENSG00000117399/ENSG00000198901/ENSG00000114346/ENSG00000163808/ENSG00000156802/ENSG00000065328/ENSG00000198826/ENSG00000121152/ENSG00000135476/ENSG00000076864/ENSG00000111665/ENSG00000131153/ENSG00000071539/ENSG00000027001/ENSG00000174442/ENSG00000085840/ENSG00000140743/ENSG00000100285/ENSG00000128039/ENSG00000213853/ENSG00000185238/ENSG00000087303/ENSG00000011376/ENSG00000278259/ENSG00000169255/ENSG00000183032/ENSG00000102890/ENSG00000140403
RAPA_EARLY_UP.V1_DN	RAPA_EARLY_UP.V1_DN	134	-0.39902935163268605	-1.4800778427181738	0.006890319665650062	0.018773624596263937	0.00851435382025408	1754	tags=22%, list=14%, signal=19%	ENSG00000146674/ENSG00000082438/ENSG00000204592/ENSG00000182389/ENSG00000158050/ENSG00000172955/ENSG00000149654/ENSG00000175745/ENSG00000162882/ENSG00000168269/ENSG00000158555/ENSG00000136425/ENSG00000120693/ENSG00000185920/ENSG00000137070/ENSG00000162407/ENSG00000197872/ENSG00000126218/ENSG00000188783/ENSG00000149970/ENSG00000168490/ENSG00000101871/ENSG00000105976/ENSG00000128422/ENSG00000154162/ENSG00000115353/ENSG00000134760/ENSG00000132975/ENSG00000266964
KRAS.600.LUNG.BREAST_UP.V1_DN	KRAS.600.LUNG.BREAST_UP.V1_DN	166	-0.3839691114214997	-1.4537284662615577	0.007798769771528998	0.020767743717205193	0.00941874155147604	2824	tags=39%, list=22%, signal=31%	ENSG00000089472/ENSG00000116039/ENSG00000185245/ENSG00000136514/ENSG00000176714/ENSG00000110881/ENSG00000110400/ENSG00000121316/ENSG00000115604/ENSG00000166349/ENSG00000117228/ENSG00000145287/ENSG00000198933/ENSG00000100505/ENSG00000113946/ENSG00000100739/ENSG00000006047/ENSG00000075340/ENSG00000006377/ENSG00000128284/ENSG00000105784/ENSG00000185585/ENSG00000081985/ENSG00000184602/ENSG00000205978/ENSG00000074660/ENSG00000197584/ENSG00000105131/ENSG00000136546/ENSG00000271447/ENSG00000168060/ENSG00000102349/ENSG00000146122/ENSG00000108984/ENSG00000162645/ENSG00000138759/ENSG00000092295/ENSG00000149131/ENSG00000144476/ENSG00000168811/ENSG00000145824/ENSG00000174807/ENSG00000106538/ENSG00000101335/ENSG00000130035/ENSG00000180447/ENSG00000167191/ENSG00000112320/ENSG00000137675/ENSG00000185652/ENSG00000250305/ENSG00000135116/ENSG00000113578/ENSG00000185432/ENSG00000003137/ENSG00000122420/ENSG00000186832/ENSG00000135063/ENSG00000145936/ENSG00000007062/ENSG00000154162/ENSG00000164825/ENSG00000158445/ENSG00000129151/ENSG00000135218
BMI1_DN_MEL18_DN.V1_UP	BMI1_DN_MEL18_DN.V1_UP	115	-0.41067979871802224	-1.4973149297157675	0.00784313725490196	0.020767743717205193	0.00941874155147604	2138	tags=37%, list=17%, signal=31%	ENSG00000173546/ENSG00000198363/ENSG00000111186/ENSG00000123146/ENSG00000165029/ENSG00000184371/ENSG00000105855/ENSG00000118263/ENSG00000069482/ENSG00000140945/ENSG00000137193/ENSG00000128510/ENSG00000166833/ENSG00000113070/ENSG00000149798/ENSG00000109743/ENSG00000169554/ENSG00000157617/ENSG00000188042/ENSG00000197646/ENSG00000120156/ENSG00000128342/ENSG00000104783/ENSG00000221968/ENSG00000135318/ENSG00000074416/ENSG00000149591/ENSG00000120949/ENSG00000122863/ENSG00000119900/ENSG00000147852/ENSG00000117525/ENSG00000122644/ENSG00000196878/ENSG00000135069/ENSG00000138772/ENSG00000125965/ENSG00000148926/ENSG00000162772/ENSG00000078401/ENSG00000169252/ENSG00000163739/ENSG00000112175
CSR_EARLY_UP.V1_DN	CSR_EARLY_UP.V1_DN	99	-0.42405372759691984	-1.5201231465550316	0.008361794841596985	0.021833575419725464	0.00990212547031222	3175	tags=38%, list=25%, signal=29%	ENSG00000164308/ENSG00000175906/ENSG00000227051/ENSG00000169871/ENSG00000188906/ENSG00000166483/ENSG00000187091/ENSG00000132530/ENSG00000165572/ENSG00000165312/ENSG00000113971/ENSG00000073605/ENSG00000110455/ENSG00000051620/ENSG00000100767/ENSG00000138735/ENSG00000115459/ENSG00000025434/ENSG00000166165/ENSG00000205978/ENSG00000145020/ENSG00000162496/ENSG00000079337/ENSG00000146122/ENSG00000274180/ENSG00000173376/ENSG00000180113/ENSG00000265972/ENSG00000152465/ENSG00000143382/ENSG00000113369/ENSG00000139263/ENSG00000125965/ENSG00000148926/ENSG00000180660/ENSG00000165092/ENSG00000118596/ENSG00000168497
PKCA_DN.V1_DN	PKCA_DN.V1_DN	103	-0.4206585593050494	-1.5167458469080641	0.008523058960887332	0.021949795680093403	0.009954834546962853	2696	tags=38%, list=21%, signal=30%	ENSG00000102901/ENSG00000037965/ENSG00000104728/ENSG00000170542/ENSG00000137462/ENSG00000117228/ENSG00000173334/ENSG00000087903/ENSG00000143434/ENSG00000168807/ENSG00000142733/ENSG00000181790/ENSG00000166188/ENSG00000197256/ENSG00000101000/ENSG00000148935/ENSG00000165655/ENSG00000161544/ENSG00000113248/ENSG00000169554/ENSG00000073670/ENSG00000144802/ENSG00000175164/ENSG00000007312/ENSG00000169116/ENSG00000185345/ENSG00000000971/ENSG00000166682/ENSG00000154229/ENSG00000126785/ENSG00000188910/ENSG00000184347/ENSG00000165030/ENSG00000070526/ENSG00000188517/ENSG00000135069/ENSG00000148926/ENSG00000170549/ENSG00000124205
KRAS.600.LUNG.BREAST_UP.V1_UP	KRAS.600.LUNG.BREAST_UP.V1_UP	142	-0.39055377812983855	-1.4558296713983296	0.008968609865470852	0.022785116955520542	0.01033367566291805	2514	tags=38%, list=19%, signal=31%	ENSG00000131620/ENSG00000134954/ENSG00000244482/ENSG00000057019/ENSG00000181634/ENSG00000118503/ENSG00000092758/ENSG00000102043/ENSG00000134259/ENSG00000138639/ENSG00000145147/ENSG00000115590/ENSG00000177374/ENSG00000146674/ENSG00000140961/ENSG00000037280/ENSG00000158560/ENSG00000113070/ENSG00000155980/ENSG00000020181/ENSG00000064225/ENSG00000175899/ENSG00000184451/ENSG00000144366/ENSG00000197646/ENSG00000075213/ENSG00000087074/ENSG00000128342/ENSG00000050555/ENSG00000129538/ENSG00000175040/ENSG00000074416/ENSG00000173338/ENSG00000136732/ENSG00000164736/ENSG00000124212/ENSG00000118194/ENSG00000153162/ENSG00000003436/ENSG00000131016/ENSG00000101187/ENSG00000127920/ENSG00000186642/ENSG00000184113/ENSG00000167772/ENSG00000149294/ENSG00000125845/ENSG00000136158/ENSG00000163739/ENSG00000261857/ENSG00000189056/ENSG00000163734/ENSG00000131095/ENSG00000081041
PRC2_SUZ12_UP.V1_UP	PRC2_SUZ12_UP.V1_UP	121	-0.39928815020201197	-1.4639906872482422	0.01041785918717802	0.025770526559482396	0.011687640824849237	1953	tags=27%, list=15%, signal=23%	ENSG00000160321/ENSG00000165794/ENSG00000063180/ENSG00000028137/ENSG00000147443/ENSG00000138135/ENSG00000137672/ENSG00000113070/ENSG00000100307/ENSG00000164116/ENSG00000115598/ENSG00000133574/ENSG00000188042/ENSG00000126561/ENSG00000168453/ENSG00000196263/ENSG00000104783/ENSG00000213398/ENSG00000234465/ENSG00000183570/ENSG00000186204/ENSG00000102678/ENSG00000072041/ENSG00000184254/ENSG00000171346/ENSG00000106823/ENSG00000101187/ENSG00000078401/ENSG00000136011/ENSG00000124107/ENSG00000052850/ENSG00000128918/ENSG00000086570
DCA_UP.V1_UP	DCA_UP.V1_UP	109	-0.41165780436798804	-1.4927849439625505	0.010417872438939692	0.025770526559482396	0.011687640824849237	2304	tags=34%, list=18%, signal=28%	ENSG00000158691/ENSG00000167995/ENSG00000147117/ENSG00000005243/ENSG00000162068/ENSG00000146021/ENSG00000147059/ENSG00000019144/ENSG00000111796/ENSG00000117245/ENSG00000100842/ENSG00000101695/ENSG00000248099/ENSG00000107611/ENSG00000064655/ENSG00000177519/ENSG00000149131/ENSG00000050555/ENSG00000129244/ENSG00000070601/ENSG00000120279/ENSG00000131746/ENSG00000140563/ENSG00000113430/ENSG00000092445/ENSG00000118194/ENSG00000100448/ENSG00000176438/ENSG00000106123/ENSG00000102010/ENSG00000122420/ENSG00000154027/ENSG00000165507/ENSG00000146592/ENSG00000144031/ENSG00000137225/ENSG00000130226
CAMP_UP.V1_DN	CAMP_UP.V1_DN	162	-0.3756136489543993	-1.4178451480302106	0.012130569033965593	0.029429925642475104	0.013347278706833613	3496	tags=43%, list=27%, signal=31%	ENSG00000115419/ENSG00000198668/ENSG00000113657/ENSG00000077238/ENSG00000135299/ENSG00000147604/ENSG00000006042/ENSG00000187672/ENSG00000187109/ENSG00000091490/ENSG00000158828/ENSG00000063046/ENSG00000166922/ENSG00000117281/ENSG00000186318/ENSG00000100852/ENSG00000101096/ENSG00000005108/ENSG00000035862/ENSG00000013441/ENSG00000111897/ENSG00000182247/ENSG00000110077/ENSG00000266714/ENSG00000198513/ENSG00000102804/ENSG00000058668/ENSG00000145349/ENSG00000176595/ENSG00000139641/ENSG00000136854/ENSG00000144935/ENSG00000019144/ENSG00000104419/ENSG00000145730/ENSG00000117020/ENSG00000059804/ENSG00000184602/ENSG00000205726/ENSG00000205978/ENSG00000078018/ENSG00000163406/ENSG00000118971/ENSG00000135926/ENSG00000102024/ENSG00000171914/ENSG00000164649/ENSG00000053254/ENSG00000196368/ENSG00000163430/ENSG00000164949/ENSG00000197329/ENSG00000157557/ENSG00000104783/ENSG00000099204/ENSG00000175040/ENSG00000152784/ENSG00000112182/ENSG00000048740/ENSG00000131016/ENSG00000128016/ENSG00000154027/ENSG00000186462/ENSG00000137285/ENSG00000151914/ENSG00000135046/ENSG00000165124/ENSG00000104888/ENSG00000077264
PRC2_EED_UP.V1_UP	PRC2_EED_UP.V1_UP	132	-0.3920989069342781	-1.453614730071186	0.012210288298473714	0.029429925642475104	0.013347278706833613	3148	tags=42%, list=24%, signal=32%	ENSG00000141542/ENSG00000166922/ENSG00000262655/ENSG00000054523/ENSG00000010818/ENSG00000184545/ENSG00000154589/ENSG00000174306/ENSG00000109072/ENSG00000175471/ENSG00000170214/ENSG00000037965/ENSG00000115339/ENSG00000102543/ENSG00000173334/ENSG00000135842/ENSG00000154358/ENSG00000181690/ENSG00000179399/ENSG00000107186/ENSG00000138639/ENSG00000009413/ENSG00000122223/ENSG00000140961/ENSG00000141655/ENSG00000118971/ENSG00000162618/ENSG00000157617/ENSG00000188042/ENSG00000197461/ENSG00000103710/ENSG00000107611/ENSG00000182568/ENSG00000069122/ENSG00000168811/ENSG00000137872/ENSG00000148604/ENSG00000103647/ENSG00000152465/ENSG00000114698/ENSG00000072041/ENSG00000198515/ENSG00000129757/ENSG00000151623/ENSG00000164099/ENSG00000107317/ENSG00000125965/ENSG00000165507/ENSG00000196139/ENSG00000167772/ENSG00000162772/ENSG00000124107/ENSG00000105996/ENSG00000136960/ENSG00000167755/ENSG00000198947
MYC_UP.V1_DN	MYC_UP.V1_DN	124	-0.3926559000894434	-1.4430790321637892	0.014390132480584742	0.03424487223227761	0.015530989086307314	2476	tags=34%, list=19%, signal=28%	ENSG00000137462/ENSG00000182771/ENSG00000165914/ENSG00000198513/ENSG00000099250/ENSG00000005882/ENSG00000161243/ENSG00000174348/ENSG00000142733/ENSG00000111186/ENSG00000258818/ENSG00000188070/ENSG00000115594/ENSG00000173599/ENSG00000213889/ENSG00000140848/ENSG00000205978/ENSG00000088899/ENSG00000081818/ENSG00000163220/ENSG00000143546/ENSG00000147576/ENSG00000149231/ENSG00000189280/ENSG00000137463/ENSG00000133401/ENSG00000198185/ENSG00000113369/ENSG00000176438/ENSG00000104055/ENSG00000153292/ENSG00000165507/ENSG00000064300/ENSG00000196139/ENSG00000167772/ENSG00000270765/ENSG00000225950/ENSG00000016602/ENSG00000077264/ENSG00000268104/ENSG00000163734/ENSG00000134760
ESC_J1_UP_LATE.V1_UP	ESC_J1_UP_LATE.V1_UP	133	-0.3871991586997333	-1.4361601755551736	0.014905149051490514	0.03502710027100271	0.015885750962772786	2778	tags=41%, list=21%, signal=33%	ENSG00000134363/ENSG00000100600/ENSG00000164442/ENSG00000124216/ENSG00000128567/ENSG00000118523/ENSG00000011198/ENSG00000136305/ENSG00000109861/ENSG00000131477/ENSG00000184012/ENSG00000002587/ENSG00000139278/ENSG00000126016/ENSG00000137474/ENSG00000214944/ENSG00000128283/ENSG00000153071/ENSG00000122862/ENSG00000122378/ENSG00000149212/ENSG00000184232/ENSG00000122870/ENSG00000100079/ENSG00000141448/ENSG00000185339/ENSG00000139289/ENSG00000070778/ENSG00000167780/ENSG00000127990/ENSG00000116729/ENSG00000167244/ENSG00000169116/ENSG00000107611/ENSG00000154917/ENSG00000150938/ENSG00000101680/ENSG00000185950/ENSG00000198300/ENSG00000250722/ENSG00000142871/ENSG00000148180/ENSG00000134853/ENSG00000164736/ENSG00000197635/ENSG00000116574/ENSG00000117525/ENSG00000160801/ENSG00000164099/ENSG00000162772/ENSG00000069702/ENSG00000125845/ENSG00000147257/ENSG00000077274/ENSG00000167434
P53_DN.V2_DN	P53_DN.V2_DN	94	-0.4140707942003727	-1.4750702301714775	0.015745234994672664	0.036453348295323276	0.016532593571787154	1353	tags=23%, list=10%, signal=21%	ENSG00000132386/ENSG00000073670/ENSG00000119737/ENSG00000182132/ENSG00000149131/ENSG00000169432/ENSG00000135333/ENSG00000121361/ENSG00000111344/ENSG00000122707/ENSG00000165125/ENSG00000166825/ENSG00000146233/ENSG00000185652/ENSG00000142910/ENSG00000107317/ENSG00000183837/ENSG00000139874/ENSG00000113396/ENSG00000167779/ENSG00000105996/ENSG00000170323
ESC_J1_UP_EARLY.V1_DN	ESC_J1_UP_EARLY.V1_DN	138	-0.38157903879211774	-1.4176112313001406	0.015899864682002707	0.036453348295323276	0.016532593571787154	1268	tags=33%, list=10%, signal=30%	ENSG00000102935/ENSG00000166484/ENSG00000165355/ENSG00000169926/ENSG00000110002/ENSG00000171223/ENSG00000117318/ENSG00000147100/ENSG00000117228/ENSG00000145012/ENSG00000109046/ENSG00000173276/ENSG00000185650/ENSG00000258818/ENSG00000125378/ENSG00000164111/ENSG00000221869/ENSG00000146674/ENSG00000196368/ENSG00000163083/ENSG00000162645/ENSG00000125968/ENSG00000092295/ENSG00000101680/ENSG00000184557/ENSG00000189369/ENSG00000106829/ENSG00000136997/ENSG00000139318/ENSG00000101335/ENSG00000149591/ENSG00000142871/ENSG00000058085/ENSG00000072163/ENSG00000124212/ENSG00000128016/ENSG00000125878/ENSG00000138772/ENSG00000136826/ENSG00000158186/ENSG00000167772/ENSG00000078401/ENSG00000120738/ENSG00000135046/ENSG00000130176
KRAS.300_UP.V1_UP	KRAS.300_UP.V1_UP	73	-0.4392890266035339	-1.511815846864654	0.016470009832841692	0.03730556444065347	0.01691909697476445	1587	tags=33%, list=12%, signal=29%	ENSG00000158560/ENSG00000101746/ENSG00000155980/ENSG00000064225/ENSG00000175899/ENSG00000075213/ENSG00000244405/ENSG00000129538/ENSG00000198300/ENSG00000173338/ENSG00000139318/ENSG00000102678/ENSG00000166825/ENSG00000003436/ENSG00000072041/ENSG00000025039/ENSG00000136531/ENSG00000186462/ENSG00000186642/ENSG00000167772/ENSG00000136158/ENSG00000189058/ENSG00000189056/ENSG00000163734
NFE2L2.V2	NFE2L2.V2	273	-0.3408676987855826	-1.334363742537671	0.017183570829840736	0.038458468047738795	0.017441970391191726	2584	tags=32%, list=20%, signal=26%	ENSG00000115604/ENSG00000182704/ENSG00000159228/ENSG00000002746/ENSG00000241106/ENSG00000151353/ENSG00000168077/ENSG00000196911/ENSG00000141314/ENSG00000181634/ENSG00000186603/ENSG00000154511/ENSG00000151006/ENSG00000058866/ENSG00000088756/ENSG00000085662/ENSG00000180694/ENSG00000173930/ENSG00000170275/ENSG00000197063/ENSG00000126790/ENSG00000176974/ENSG00000133104/ENSG00000163975/ENSG00000134042/ENSG00000122862/ENSG00000019144/ENSG00000159921/ENSG00000165138/ENSG00000087842/ENSG00000105855/ENSG00000142494/ENSG00000147036/ENSG00000146674/ENSG00000136235/ENSG00000140961/ENSG00000148935/ENSG00000139567/ENSG00000134072/ENSG00000182326/ENSG00000078018/ENSG00000166833/ENSG00000129204/ENSG00000135272/ENSG00000166123/ENSG00000178222/ENSG00000155755/ENSG00000008394/ENSG00000172955/ENSG00000159713/ENSG00000042286/ENSG00000080007/ENSG00000144476/ENSG00000140009/ENSG00000066382/ENSG00000179846/ENSG00000198300/ENSG00000120693/ENSG00000155760/ENSG00000205403/ENSG00000180432/ENSG00000186204/ENSG00000140285/ENSG00000136869/ENSG00000107562/ENSG00000198910/ENSG00000176153/ENSG00000092621/ENSG00000148346/ENSG00000135116/ENSG00000085741/ENSG00000135324/ENSG00000106823/ENSG00000010319/ENSG00000135069/ENSG00000121552/ENSG00000101311/ENSG00000196139/ENSG00000156298/ENSG00000137699/ENSG00000182950/ENSG00000154162/ENSG00000106278/ENSG00000164825/ENSG00000198947/ENSG00000157404/ENSG00000165197
CRX_DN.V1_UP	CRX_DN.V1_UP	96	0.3048077248650619	1.3816133784185194	0.0183366077275704	0.040456859777074444	0.01834829586754216	1176	tags=21%, list=9%, signal=19%	ENSG00000104415/ENSG00000135127/ENSG00000156970/ENSG00000111057/ENSG00000073350/ENSG00000158106/ENSG00000137868/ENSG00000130045/ENSG00000175895/ENSG00000051180/ENSG00000162073/ENSG00000115255/ENSG00000181885/ENSG00000137331/ENSG00000198133/ENSG00000152763/ENSG00000117480/ENSG00000168234/ENSG00000181751/ENSG00000139835
BRCA1_DN.V1_UP	BRCA1_DN.V1_UP	63	-0.44849023824493306	-1.5089213666795707	0.01850686138738512	0.040456859777074444	0.01834829586754216	3043	tags=48%, list=24%, signal=37%	ENSG00000117281/ENSG00000041982/ENSG00000102935/ENSG00000166313/ENSG00000133874/ENSG00000137941/ENSG00000105426/ENSG00000168679/ENSG00000102043/ENSG00000118308/ENSG00000162630/ENSG00000164920/ENSG00000078018/ENSG00000140945/ENSG00000109832/ENSG00000115598/ENSG00000147465/ENSG00000182674/ENSG00000149654/ENSG00000162882/ENSG00000134115/ENSG00000155016/ENSG00000174059/ENSG00000106852/ENSG00000169744/ENSG00000165125/ENSG00000146006/ENSG00000101280/ENSG00000114547/ENSG00000129455
ESC_V6.5_UP_EARLY.V1_UP	ESC_V6.5_UP_EARLY.V1_UP	125	0.28063985234032834	1.3229632036587897	0.01938610662358643	0.04144620811287478	0.018796992481203006	1512	tags=24%, list=12%, signal=21%	ENSG00000179603/ENSG00000138795/ENSG00000101222/ENSG00000118513/ENSG00000129521/ENSG00000276644/ENSG00000165140/ENSG00000170482/ENSG00000117155/ENSG00000197822/ENSG00000137501/ENSG00000149927/ENSG00000081026/ENSG00000154447/ENSG00000144485/ENSG00000141526/ENSG00000116329/ENSG00000103024/ENSG00000105479/ENSG00000169118/ENSG00000159216/ENSG00000130222/ENSG00000163517/ENSG00000184986/ENSG00000008300/ENSG00000151575/ENSG00000172197/ENSG00000139116/ENSG00000130762/ENSG00000108557
PKCA_DN.V1_UP	PKCA_DN.V1_UP	98	-0.4063830193117182	-1.4561265088154953	0.019400352733686066	0.04144620811287478	0.018796992481203006	2255	tags=35%, list=17%, signal=29%	ENSG00000005882/ENSG00000077942/ENSG00000135925/ENSG00000089486/ENSG00000115459/ENSG00000100191/ENSG00000132326/ENSG00000142494/ENSG00000139155/ENSG00000213366/ENSG00000170899/ENSG00000042445/ENSG00000197629/ENSG00000170425/ENSG00000183853/ENSG00000166402/ENSG00000167074/ENSG00000166289/ENSG00000183018/ENSG00000160539/ENSG00000064205/ENSG00000129538/ENSG00000140459/ENSG00000152465/ENSG00000104371/ENSG00000179388/ENSG00000107317/ENSG00000137285/ENSG00000105376/ENSG00000163884/ENSG00000131095/ENSG00000137033/ENSG00000129151/ENSG00000135218
CTIP_DN.V1_UP	CTIP_DN.V1_UP	54	-0.46406922074550855	-1.5237745203310835	0.021210952564596992	0.04480515822633971	0.02032036851250569	2716	tags=48%, list=21%, signal=38%	ENSG00000124216/ENSG00000128617/ENSG00000149489/ENSG00000049246/ENSG00000112041/ENSG00000005243/ENSG00000168679/ENSG00000176533/ENSG00000082482/ENSG00000136383/ENSG00000100842/ENSG00000104213/ENSG00000172889/ENSG00000134072/ENSG00000182674/ENSG00000116396/ENSG00000120156/ENSG00000174059/ENSG00000167748/ENSG00000154645/ENSG00000168917/ENSG00000160801/ENSG00000122420/ENSG00000163815/ENSG00000124134/ENSG00000266524
