ID	Description	Community	GeneRatio	BgRatio	pvalue	p.adjust	qvalue	geneID	Count
GO:0043161	proteasome-mediated ubiquitin-dependent protein catabolic process	169	19/161	400/12927	5.61828303931747E-07	0.000937646851787	0.000894842545243	ENSG00000078304/ENSG00000080815/ENSG00000100519/ENSG00000100567/ENSG00000100764/ENSG00000100804/ENSG00000100897/ENSG00000100902/ENSG00000100911/ENSG00000119682/ENSG00000165525/ENSG00000166170/ENSG00000180008/ENSG00000182979/ENSG00000198252/ENSG00000066427/ENSG00000050130/ENSG00000092010/ENSG00000142208	19
GO:0010498	proteasomal protein catabolic process	169	20/161	451/12927	8.18190970145492E-07	0.000937646851787	0.000894842545243	ENSG00000078304/ENSG00000080815/ENSG00000100519/ENSG00000100567/ENSG00000100764/ENSG00000100804/ENSG00000100897/ENSG00000100902/ENSG00000100911/ENSG00000119682/ENSG00000165525/ENSG00000166170/ENSG00000180008/ENSG00000182979/ENSG00000198252/ENSG00000066427/ENSG00000050130/ENSG00000092010/ENSG00000009830/ENSG00000142208	20
GO:0043488	regulation of mRNA stability	169	11/161	157/12927	4.15653090547523E-06	0.002289971529959	0.002185432552244	ENSG00000100461/ENSG00000100519/ENSG00000100567/ENSG00000100722/ENSG00000100764/ENSG00000100804/ENSG00000100823/ENSG00000100902/ENSG00000100911/ENSG00000092010/ENSG00000142208	11
GO:0006521	regulation of cellular amino acid metabolic process	169	7/161	55/12927	5.01070410899158E-06	0.002289971529959	0.002185432552244	ENSG00000100519/ENSG00000100567/ENSG00000100764/ENSG00000100804/ENSG00000100902/ENSG00000100911/ENSG00000092010	7
GO:0043487	regulation of RNA stability	169	11/161	163/12927	5.96934068882862E-06	0.002289971529959	0.002185432552244	ENSG00000100461/ENSG00000100519/ENSG00000100567/ENSG00000100722/ENSG00000100764/ENSG00000100804/ENSG00000100823/ENSG00000100902/ENSG00000100911/ENSG00000092010/ENSG00000142208	11
GO:1901532	regulation of hematopoietic progenitor cell differentiation	169	8/161	79/12927	5.99468986900374E-06	0.002289971529959	0.002185432552244	ENSG00000100519/ENSG00000100567/ENSG00000100764/ENSG00000100804/ENSG00000100902/ENSG00000100911/ENSG00000126804/ENSG00000092010	8
GO:0061013	regulation of mRNA catabolic process	169	11/161	178/12927	1.37977542747611E-05	0.004517778971107	0.004311538854579	ENSG00000100461/ENSG00000100519/ENSG00000100567/ENSG00000100722/ENSG00000100764/ENSG00000100804/ENSG00000100823/ENSG00000100902/ENSG00000100911/ENSG00000092010/ENSG00000142208	11
GO:0031146	SCF-dependent proteasomal ubiquitin-dependent protein catabolic process	169	8/161	91/12927	1.72117745407605E-05	0.004664216237063	0.004451291145687	ENSG00000100519/ENSG00000100567/ENSG00000100764/ENSG00000100804/ENSG00000100902/ENSG00000100911/ENSG00000198252/ENSG00000092010	8
GO:0043687	post-translational protein modification	169	14/161	294/12927	1.83149852240712E-05	0.004664216237063	0.004451291145687	ENSG00000100519/ENSG00000100567/ENSG00000100764/ENSG00000100804/ENSG00000100897/ENSG00000100902/ENSG00000100911/ENSG00000100949/ENSG00000129559/ENSG00000139990/ENSG00000151445/ENSG00000165501/ENSG00000092010/ENSG00000184887	14
GO:1902036	regulation of hematopoietic stem cell differentiation	169	7/161	68/12927	2.09043014696286E-05	0.004791265896839	0.004572540889883	ENSG00000100519/ENSG00000100567/ENSG00000100764/ENSG00000100804/ENSG00000100902/ENSG00000100911/ENSG00000092010	7
GO:0042274	ribosomal small subunit biogenesis	146	15/101	64/12927	9.78248344033298E-19	5.661080634384E-17	5.4083478242207E-17	ENSG00000083845/ENSG00000105372/ENSG00000115268/ENSG00000124614/ENSG00000138326/ENSG00000142937/ENSG00000164587/ENSG00000168028/ENSG00000171858/ENSG00000171863/ENSG00000172809/ENSG00000177954/ENSG00000182774/ENSG00000233927/ENSG00000105193	15
GO:0042273	ribosomal large subunit biogenesis	146	14/101	67/12927	8.66656403224066E-17	4.61407869076493E-15	4.40808814776704E-15	ENSG00000105373/ENSG00000114391/ENSG00000122406/ENSG00000136942/ENSG00000142676/ENSG00000148303/ENSG00000171490/ENSG00000172809/ENSG00000182899/ENSG00000188846/ENSG00000197958/ENSG00000198755/ENSG00000089009/ENSG00000147604	14
GO:0000028	ribosomal small subunit assembly	146	9/101	16/12927	8.24455551395824E-16	4.22057822656862E-14	4.03215508536905E-14	ENSG00000083845/ENSG00000105372/ENSG00000115268/ENSG00000124614/ENSG00000164587/ENSG00000168028/ENSG00000172809/ENSG00000177954/ENSG00000233927	9
GO:0071826	ribonucleoprotein complex subunit organization	146	19/101	239/12927	2.44298654694321E-14	1.20430188665978E-12	1.15053713399899E-12	ENSG00000063046/ENSG00000083845/ENSG00000105372/ENSG00000105373/ENSG00000114391/ENSG00000115268/ENSG00000122406/ENSG00000124614/ENSG00000141738/ENSG00000142541/ENSG00000142676/ENSG00000164587/ENSG00000168028/ENSG00000172809/ENSG00000177954/ENSG00000197958/ENSG00000233927/ENSG00000089009/ENSG00000148187	19
GO:0022618	ribonucleoprotein complex assembly	146	18/101	225/12927	1.13137355601194E-13	5.37806501089961E-12	5.13796712655046E-12	ENSG00000063046/ENSG00000083845/ENSG00000105372/ENSG00000105373/ENSG00000114391/ENSG00000115268/ENSG00000122406/ENSG00000124614/ENSG00000141738/ENSG00000142541/ENSG00000142676/ENSG00000164587/ENSG00000168028/ENSG00000172809/ENSG00000177954/ENSG00000197958/ENSG00000233927/ENSG00000089009	18
GO:0000027	ribosomal large subunit assembly	146	7/101	27/12927	1.12497824039768E-09	5.16326219989418E-08	4.93275395426641E-08	ENSG00000105373/ENSG00000114391/ENSG00000122406/ENSG00000142676/ENSG00000172809/ENSG00000197958/ENSG00000089009	7
GO:0000470	maturation of LSU-rRNA	146	5/101	21/12927	4.85543627761409E-07	2.15419522850145E-05	2.05802351696766E-05	ENSG00000136942/ENSG00000148303/ENSG00000171490/ENSG00000198755/ENSG00000147604	5
GO:0034248	regulation of cellular amide metabolic process	146	14/101	367/12927	9.42588783022437E-07	3.98394028438712E-05	3.80608158767815E-05	ENSG00000063046/ENSG00000108349/ENSG00000116251/ENSG00000122406/ENSG00000141736/ENSG00000141738/ENSG00000142541/ENSG00000149273/ENSG00000164587/ENSG00000170889/ENSG00000172057/ENSG00000172809/ENSG00000198034/ENSG00000204628	14
GO:0006417	regulation of translation	146	13/101	314/12927	9.57821856501787E-07	3.98394028438712E-05	3.80608158767815E-05	ENSG00000063046/ENSG00000108349/ENSG00000116251/ENSG00000122406/ENSG00000141736/ENSG00000141738/ENSG00000142541/ENSG00000149273/ENSG00000164587/ENSG00000170889/ENSG00000172809/ENSG00000198034/ENSG00000204628	13
GO:0030490	maturation of SSU-rRNA	146	6/101	45/12927	1.24650947784863E-06	5.02758822732282E-05	4.80313699917432E-05	ENSG00000105372/ENSG00000142937/ENSG00000164587/ENSG00000171858/ENSG00000233927/ENSG00000105193	6
GO:0051444	negative regulation of ubiquitin-protein transferase activity	146	4/101	16/12927	5.94441000634369E-06	0.00023270616819	0.000222317253488	ENSG00000122406/ENSG00000125691/ENSG00000142676/ENSG00000171863	4
GO:0000462	maturation of SSU-rRNA from tricistronic rRNA transcript (SSU-rRNA, 5.8S rRNA, LSU-rRNA)	146	5/101	34/12927	6.12571201854013E-06	0.000232952077048	0.000222552184012	ENSG00000105372/ENSG00000142937/ENSG00000164587/ENSG00000171858/ENSG00000105193	5
GO:2000059	negative regulation of ubiquitin-dependent protein catabolic process	146	5/101	45/12927	2.51274000507061E-05	0.000903907282905	0.0008635533218	ENSG00000105373/ENSG00000122406/ENSG00000125691/ENSG00000142676/ENSG00000171863	5
GO:0051438	regulation of ubiquitin-protein transferase activity	146	5/101	48/12927	3.4569309761587E-05	0.001210835560333	0.001156779118892	ENSG00000122406/ENSG00000125691/ENSG00000140988/ENSG00000142676/ENSG00000171863	5
GO:1903051	negative regulation of proteolysis involved in cellular protein catabolic process	146	5/101	64/12927	0.000139453150065	0.004759285711188	0.00454681255812	ENSG00000105373/ENSG00000122406/ENSG00000125691/ENSG00000142676/ENSG00000171863	5
GO:0007018	microtubule-based movement	158	11/79	255/12927	3.92195384423393E-07	4.31414922865732E-06	3.07928016996199E-06	ENSG00000090889/ENSG00000112984/ENSG00000126787/ENSG00000137807/ENSG00000138160/ENSG00000138778/ENSG00000142945/ENSG00000161800/ENSG00000163808/ENSG00000186185/ENSG00000237649	11
GO:0051988	regulation of attachment of spindle microtubules to kinetochore	158	4/79	12/12927	6.16141711047748E-07	6.40102777588494E-06	4.56881689829558E-06	ENSG00000117650/ENSG00000134057/ENSG00000161800/ENSG00000076382	4
GO:0006890	retrograde vesicle-mediated transport, Golgi to ER	158	7/79	83/12927	6.94770985163845E-07	7.10731429558702E-06	5.07293809558364E-06	ENSG00000090889/ENSG00000137807/ENSG00000138160/ENSG00000138778/ENSG00000142945/ENSG00000161800/ENSG00000163808	7
GO:0000132	establishment of mitotic spindle orientation	158	4/79	28/12927	2.36607447491971E-05	0.000176982370724	0.000126323470914	ENSG00000080986/ENSG00000115163/ENSG00000164109/ENSG00000166851	4
GO:0007276	gamete generation	158	12/79	469/12927	2.53884304785928E-05	0.000186914822815	0.000133412887886	ENSG00000066279/ENSG00000112742/ENSG00000121152/ENSG00000134057/ENSG00000137812/ENSG00000158402/ENSG00000161800/ENSG00000164104/ENSG00000164611/ENSG00000166851/ENSG00000237649/ENSG00000105011	12
GO:0051294	establishment of spindle orientation	158	4/79	32/12927	4.07912837176191E-05	0.000291143895236	0.000207807745094	ENSG00000080986/ENSG00000115163/ENSG00000164109/ENSG00000166851	4
GO:0034080	CENP-A containing nucleosome assembly	158	4/79	33/12927	4.62029604477091E-05	0.000324810285854	0.000231837569639	ENSG00000104147/ENSG00000115163/ENSG00000123485/ENSG00000137812	4
GO:0061641	CENP-A containing chromatin organization	158	4/79	33/12927	4.62029604477091E-05	0.000324810285854	0.000231837569639	ENSG00000104147/ENSG00000115163/ENSG00000123485/ENSG00000137812	4
GO:0032465	regulation of cytokinesis	158	5/79	70/12927	6.65444677909526E-05	0.000457493216063	0.000326541738231	ENSG00000112984/ENSG00000137807/ENSG00000161800/ENSG00000166851/ENSG00000198901	5
GO:0031055	chromatin remodeling at centromere	158	4/79	37/12927	7.32019853512944E-05	0.00049240184391	0.000351458225768	ENSG00000104147/ENSG00000115163/ENSG00000123485/ENSG00000137812	4
GO:0090231	regulation of spindle checkpoint	158	3/79	14/12927	7.61780841820984E-05	0.000501595131762	0.000358020054644	ENSG00000080986/ENSG00000134057/ENSG00000164109	3
GO:0090266	regulation of mitotic cell cycle spindle assembly checkpoint	158	3/79	14/12927	7.61780841820984E-05	0.000501595131762	0.000358020054644	ENSG00000080986/ENSG00000134057/ENSG00000164109	3
GO:1903504	regulation of mitotic spindle checkpoint	158	3/79	14/12927	7.61780841820984E-05	0.000501595131762	0.000358020054644	ENSG00000080986/ENSG00000134057/ENSG00000164109	3
GO:0051445	regulation of meiotic cell cycle	158	4/79	38/12927	8.14358102190947E-05	0.000532464912971	0.000380053762819	ENSG00000066279/ENSG00000112742/ENSG00000117399/ENSG00000158402	4
GO:0051382	kinetochore assembly	158	3/79	16/12927	0.000116168347867	0.000743954830521	0.00053100744447	ENSG00000115163/ENSG00000117724/ENSG00000138778	3
GO:0043486	histone exchange	158	4/79	44/12927	0.000145662255346	0.000920231140192	0.000656826955116	ENSG00000104147/ENSG00000115163/ENSG00000123485/ENSG00000137812	4
GO:0051438	regulation of ubiquitin-protein transferase activity	158	4/79	48/12927	0.000204957263974	0.001286141220237	0.000918000037862	ENSG00000117399/ENSG00000164109/ENSG00000166851/ENSG00000175063	4
GO:0006998	nuclear envelope organization	158	4/79	50/12927	0.000240348450216	0.001498172006349	0.001069339771489	ENSG00000134057/ENSG00000157456/ENSG00000166851/ENSG00000170312	4
GO:0051307	meiotic chromosome separation	158	3/79	21/12927	0.000269890290634	0.001638619621705	0.00116958608518	ENSG00000112742/ENSG00000121152/ENSG00000135476	3
GO:0007292	female gamete generation	158	5/79	96/12927	0.000296989120849	0.001780030948681	0.001270520260584	ENSG00000066279/ENSG00000112742/ENSG00000121152/ENSG00000134057/ENSG00000166851	5
GO:0007283	spermatogenesis	158	9/79	356/12927	0.000309965706894	0.001834290733833	0.001309248888545	ENSG00000066279/ENSG00000134057/ENSG00000137812/ENSG00000158402/ENSG00000161800/ENSG00000164104/ENSG00000164611/ENSG00000237649/ENSG00000105011	9
GO:0048232	male gamete generation	158	9/79	368/12927	0.000395154574938	0.002225720045587	0.00158863665511	ENSG00000066279/ENSG00000134057/ENSG00000137812/ENSG00000158402/ENSG00000161800/ENSG00000164104/ENSG00000164611/ENSG00000237649/ENSG00000105011	9
GO:0007143	female meiotic nuclear division	158	3/79	24/12927	0.000405334118171	0.002269385631674	0.001619803535583	ENSG00000112742/ENSG00000121152/ENSG00000166851	3
GO:0022412	cellular process involved in reproduction in multicellular organism	158	7/79	230/12927	0.000503412912432	0.002752579374995	0.001964689359693	ENSG00000066279/ENSG00000112742/ENSG00000121152/ENSG00000134057/ENSG00000137812/ENSG00000164104/ENSG00000166851	7
GO:0032392	DNA geometric change	158	5/79	113/12927	0.000629138576377	0.003380715913293	0.002413029990462	ENSG00000085999/ENSG00000093009/ENSG00000164104/ENSG00000186871/ENSG00000051180	5
GO:0006997	nucleus organization	158	5/79	114/12927	0.000654885232833	0.003479077799427	0.002483237067084	ENSG00000134057/ENSG00000157456/ENSG00000164104/ENSG00000166851/ENSG00000170312	5
GO:0051443	positive regulation of ubiquitin-protein transferase activity	158	3/79	29/12927	0.000715855777635	0.0037814980344	0.00269909344645	ENSG00000117399/ENSG00000166851/ENSG00000175063	3
GO:0043044	ATP-dependent chromatin remodeling	158	4/79	70/12927	0.000872475916208	0.004534305681921	0.003236419704293	ENSG00000104147/ENSG00000115163/ENSG00000123485/ENSG00000137812	4
GO:1901976	regulation of cell cycle checkpoint	158	3/79	31/12927	0.00087291446283	0.004534305681921	0.003236419704293	ENSG00000080986/ENSG00000134057/ENSG00000164109	3
GO:0002281	macrophage activation involved in immune response	36	3/6	10/12927	6.65948515861733E-09	4.3819412343702E-06	1.44405678176334E-06	ENSG00000095970/ENSG00000135077/ENSG00000011600	3
GO:0032675	regulation of interleukin-6 production	36	4/6	104/12927	5.8573445495055E-08	1.15743469822276E-05	3.8142944782257E-06	ENSG00000095970/ENSG00000135077/ENSG00000158869/ENSG00000011600	4
GO:0032635	interleukin-6 production	36	4/6	112/12927	7.90380108566171E-08	1.15743469822276E-05	3.8142944782257E-06	ENSG00000095970/ENSG00000135077/ENSG00000158869/ENSG00000011600	4
GO:0032680	regulation of tumor necrosis factor production	36	4/6	118/12927	9.75831306159764E-08	1.15743469822276E-05	3.8142944782257E-06	ENSG00000095970/ENSG00000135077/ENSG00000158869/ENSG00000011600	4
GO:0032640	tumor necrosis factor production	36	4/6	121/12927	1.07990165085751E-07	1.15743469822276E-05	3.8142944782257E-06	ENSG00000095970/ENSG00000135077/ENSG00000158869/ENSG00000011600	4
GO:1903555	regulation of tumor necrosis factor superfamily cytokine production	36	4/6	121/12927	1.07990165085751E-07	1.15743469822276E-05	3.8142944782257E-06	ENSG00000095970/ENSG00000135077/ENSG00000158869/ENSG00000011600	4
GO:0071706	tumor necrosis factor superfamily cytokine production	36	4/6	125/12927	1.23131350874762E-07	1.15743469822276E-05	3.8142944782257E-06	ENSG00000095970/ENSG00000135077/ENSG00000158869/ENSG00000011600	4
GO:0002573	myeloid leukocyte differentiation	36	4/6	164/12927	3.67307354214621E-07	3.02110298841526E-05	9.95596249581736E-06	ENSG00000066336/ENSG00000095970/ENSG00000158869/ENSG00000011600	4
GO:0032653	regulation of interleukin-10 production	36	3/6	43/12927	6.80944283892613E-07	4.97845932001488E-05	1.64063768984653E-05	ENSG00000095970/ENSG00000158869/ENSG00000011600	3
GO:0032613	interleukin-10 production	36	3/6	46/12927	8.37154631822298E-07	5.50847747739072E-05	1.81530372795151E-05	ENSG00000095970/ENSG00000158869/ENSG00000011600	3
GO:0002696	positive regulation of leukocyte activation	36	4/6	255/12927	2.15079309132085E-06	0.00012865653219	4.23984092643153E-05	ENSG00000095970/ENSG00000135077/ENSG00000158869/ENSG00000011600	4
GO:0050867	positive regulation of cell activation	36	4/6	266/12927	2.54560043294059E-06	0.000131872304724	4.34581583316186E-05	ENSG00000095970/ENSG00000135077/ENSG00000158869/ENSG00000011600	4
GO:0032760	positive regulation of tumor necrosis factor production	36	3/6	68/12927	2.75322876764933E-06	0.000131872304724	4.34581583316186E-05	ENSG00000135077/ENSG00000158869/ENSG00000011600	3
GO:0032652	regulation of interleukin-1 production	36	3/6	69/12927	2.87787277760015E-06	0.000131872304724	4.34581583316186E-05	ENSG00000095970/ENSG00000135077/ENSG00000011600	3
GO:1903557	positive regulation of tumor necrosis factor superfamily cytokine production	36	3/6	70/12927	3.00620755449304E-06	0.000131872304724	4.34581583316186E-05	ENSG00000135077/ENSG00000158869/ENSG00000011600	3
GO:0042116	macrophage activation	36	3/6	74/12927	3.55751295265917E-06	0.000146302720178	4.8213662384723E-05	ENSG00000095970/ENSG00000135077/ENSG00000011600	3
GO:0032612	interleukin-1 production	36	3/6	78/12927	4.17210056328402E-06	0.000158506017552	5.2235225749013E-05	ENSG00000095970/ENSG00000135077/ENSG00000011600	3
GO:0030316	osteoclast differentiation	36	3/6	79/12927	4.33603087528214E-06	0.000158506017552	5.2235225749013E-05	ENSG00000095970/ENSG00000158869/ENSG00000011600	3
GO:0030099	myeloid cell differentiation	36	4/6	334/12927	6.30286543991757E-06	0.000218278182077	7.19329795359014E-05	ENSG00000066336/ENSG00000095970/ENSG00000158869/ENSG00000011600	4
GO:0001819	positive regulation of cytokine production	36	4/6	357/12927	8.21237523775945E-06	0.000270187145322	8.90394367883394E-05	ENSG00000095970/ENSG00000135077/ENSG00000158869/ENSG00000011600	4
GO:0002521	leukocyte differentiation	36	4/6	402/12927	1.31536857333306E-05	0.000405181513216	0.000133526462522	ENSG00000066336/ENSG00000095970/ENSG00000158869/ENSG00000011600	4
GO:0042742	defense response to bacterium	36	3/6	120/12927	1.52888536074122E-05	0.000437394159725	0.000144142052317	ENSG00000095970/ENSG00000135077/ENSG00000158869	3
GO:0045672	positive regulation of osteoclast differentiation	36	2/6	16/12927	2.14825467858191E-05	0.000523537621669	0.000172530395239	ENSG00000095970/ENSG00000011600	2
GO:2000010	positive regulation of protein localization to cell surface	36	2/6	16/12927	2.14825467858191E-05	0.000523537621669	0.000172530395239	ENSG00000158869/ENSG00000011600	2
GO:0060143	positive regulation of syncytium formation by plasma membrane fusion	36	2/6	17/12927	2.4341860877971E-05	0.000572033730632	0.000188512155672	ENSG00000095970/ENSG00000011600	2
GO:0060142	regulation of syncytium formation by plasma membrane fusion	36	2/6	18/12927	2.73789408084819E-05	0.00062121872593	0.000204720936717	ENSG00000095970/ENSG00000011600	2
GO:0043032	positive regulation of macrophage activation	36	2/6	19/12927	3.05936760686896E-05	0.000671021295107	0.000221133237549	ENSG00000095970/ENSG00000135077	2
GO:0001773	myeloid dendritic cell activation	36	2/6	20/12927	3.39859561884976E-05	0.00072137932813	0.000237728589977	ENSG00000066336/ENSG00000135077	2
GO:0032753	positive regulation of interleukin-4 production	36	2/6	21/12927	3.75556707363671E-05	0.000772238479517	0.000254489084595	ENSG00000135077/ENSG00000158869	2
GO:0032673	regulation of interleukin-4 production	36	2/6	24/12927	4.93283172111498E-05	0.000983576749241	0.000324135034944	ENSG00000135077/ENSG00000158869	2
GO:0032814	regulation of natural killer cell activation	36	2/6	25/12927	5.3606665926747E-05	0.001037446652347	0.000341887714579	ENSG00000135077/ENSG00000011600	2
GO:0045637	regulation of myeloid cell differentiation	36	3/6	195/12927	6.53797174775415E-05	0.001229138688578	0.000405059302267	ENSG00000066336/ENSG00000095970/ENSG00000011600	3
GO:0032633	interleukin-4 production	36	2/6	29/12927	7.24877874625334E-05	0.001324915670843	0.000436622345535	ENSG00000135077/ENSG00000158869	2
GO:0032733	positive regulation of interleukin-10 production	36	2/6	30/12927	7.76494488017512E-05	0.00138090100842	0.00045507216083	ENSG00000095970/ENSG00000158869	2
GO:0097028	dendritic cell differentiation	36	2/6	31/12927	8.29874423725529E-05	0.001436993081083	0.000473557150381	ENSG00000066336/ENSG00000095970	2
GO:0001818	negative regulation of cytokine production	36	3/6	218/12927	9.11302004223233E-05	0.001499091796947	0.000494021612816	ENSG00000095970/ENSG00000135077/ENSG00000011600	3
GO:0006909	phagocytosis	36	3/6	222/12927	9.61954419910686E-05	0.001543819532442	0.00050876151605	ENSG00000095970/ENSG00000158869/ENSG00000011600	3
GO:2000008	regulation of protein localization to cell surface	36	2/6	34/12927	0.000100058316587	0.001567580293203	0.00051659180995	ENSG00000158869/ENSG00000011600	2
GO:0001774	microglial cell activation	36	2/6	35/12927	0.00010610053939	0.001583022214087	0.000521680652859	ENSG00000095970/ENSG00000011600	2
GO:0002269	leukocyte activation involved in inflammatory response	36	2/6	35/12927	0.00010610053939	0.001583022214087	0.000521680652859	ENSG00000095970/ENSG00000011600	2
GO:0032103	positive regulation of response to external stimulus	36	3/6	231/12927	0.00010826139762	0.001583022214087	0.000521680652859	ENSG00000095970/ENSG00000135077/ENSG00000158869	3
GO:0000768	syncytium formation by plasma membrane fusion	36	2/6	39/12927	0.000132026158399	0.001809858588055	0.000596433961189	ENSG00000095970/ENSG00000011600	2
GO:0043277	apoptotic cell clearance	36	2/6	39/12927	0.000132026158399	0.001809858588055	0.000596433961189	ENSG00000095970/ENSG00000011600	2
GO:0140253	cell-cell fusion	36	2/6	39/12927	0.000132026158399	0.001809858588055	0.000596433961189	ENSG00000095970/ENSG00000011600	2
GO:0006949	syncytium formation	36	2/6	40/12927	0.000138946196311	0.001865848921891	0.000614885422988	ENSG00000095970/ENSG00000011600	2
GO:0032732	positive regulation of interleukin-1 production	36	2/6	41/12927	0.000146041468105	0.001868133455844	0.00061563828492	ENSG00000135077/ENSG00000011600	2
GO:0002763	positive regulation of myeloid leukocyte differentiation	36	2/6	42/12927	0.000153311864157	0.001868133455844	0.00061563828492	ENSG00000095970/ENSG00000011600	2
GO:0006911	phagocytosis, engulfment	36	2/6	42/12927	0.000153311864157	0.001868133455844	0.00061563828492	ENSG00000095970/ENSG00000158869	2
GO:0043030	regulation of macrophage activation	36	2/6	42/12927	0.000153311864157	0.001868133455844	0.00061563828492	ENSG00000095970/ENSG00000135077	2
GO:0061900	glial cell activation	36	2/6	42/12927	0.000153311864157	0.001868133455844	0.00061563828492	ENSG00000095970/ENSG00000011600	2
GO:0032720	negative regulation of tumor necrosis factor production	36	2/6	46/12927	0.000184142499821	0.00220301390695	0.000725997224175	ENSG00000095970/ENSG00000135077	2
GO:1903556	negative regulation of tumor necrosis factor superfamily cytokine production	36	2/6	48/12927	0.000200605715808	0.002290392263441	0.000754792523226	ENSG00000095970/ENSG00000135077	2
GO:1903532	positive regulation of secretion by cell	36	3/6	285/12927	0.000201888679756	0.002290392263441	0.000754792523226	ENSG00000095970/ENSG00000135077/ENSG00000158869	3
GO:0045670	regulation of osteoclast differentiation	36	2/6	49/12927	0.00020909891543	0.002331984514457	0.000768499136103	ENSG00000095970/ENSG00000011600	2
GO:1903829	positive regulation of cellular protein localization	36	3/6	296/12927	0.000225828881404	0.002444393966972	0.000805543364576	ENSG00000095970/ENSG00000158869/ENSG00000011600	3
GO:0099024	plasma membrane invagination	36	2/6	51/12927	0.000226607951345	0.002444393966972	0.000805543364576	ENSG00000095970/ENSG00000158869	2
GO:0030101	natural killer cell activation	36	2/6	52/12927	0.00023562356912	0.00246095727748	0.000811001758376	ENSG00000135077/ENSG00000011600	2
GO:0050766	positive regulation of phagocytosis	36	2/6	52/12927	0.00023562356912	0.00246095727748	0.000811001758376	ENSG00000095970/ENSG00000158869	2
GO:0051047	positive regulation of secretion	36	3/6	305/12927	0.000246742328153	0.002534062266035	0.000835093307956	ENSG00000095970/ENSG00000135077/ENSG00000158869	3
GO:0032623	interleukin-2 production	36	2/6	54/12927	0.000254176458295	0.002534062266035	0.000835093307956	ENSG00000135077/ENSG00000158869	2
GO:0034394	protein localization to cell surface	36	2/6	54/12927	0.000254176458295	0.002534062266035	0.000835093307956	ENSG00000158869/ENSG00000011600	2
GO:0001910	regulation of leukocyte mediated cytotoxicity	36	2/6	56/12927	0.000273424158071	0.002645780823686	0.00087190985391	ENSG00000135077/ENSG00000011600	2
GO:0010324	membrane invagination	36	2/6	59/12927	0.00030359656909	0.002813613274098	0.00092721858017	ENSG00000095970/ENSG00000158869	2
GO:0032642	regulation of chemokine production	36	2/6	60/12927	0.000314000499863	0.002869615679307	0.000945674020056	ENSG00000095970/ENSG00000135077	2
GO:0032651	regulation of interleukin-1 beta production	36	2/6	61/12927	0.000324577479329	0.002886107856739	0.000951108972146	ENSG00000095970/ENSG00000011600	2
GO:0032602	chemokine production	36	2/6	66/12927	0.000380054298367	0.003262241439722	0.00107506276849	ENSG00000095970/ENSG00000135077	2
GO:0032755	positive regulation of interleukin-6 production	36	2/6	66/12927	0.000380054298367	0.003262241439722	0.00107506276849	ENSG00000158869/ENSG00000011600	2
GO:0031341	regulation of cell killing	36	2/6	67/12927	0.000391667285316	0.003262241439722	0.00107506276849	ENSG00000135077/ENSG00000011600	2
GO:1901224	positive regulation of NIK/NF-kappaB signaling	36	2/6	67/12927	0.000391667285316	0.003262241439722	0.00107506276849	ENSG00000095970/ENSG00000135077	2
GO:0045088	regulation of innate immune response	36	3/6	362/12927	0.000409037720286	0.003364335249356	0.001108707504987	ENSG00000095970/ENSG00000135077/ENSG00000158869	3
GO:0032611	interleukin-1 beta production	36	2/6	69/12927	0.0004154100131	0.003374565291601	0.001112078787506	ENSG00000095970/ENSG00000011600	2
GO:0050764	regulation of phagocytosis	36	2/6	73/12927	0.000464959445021	0.003731016034441	0.001229546157566	ENSG00000095970/ENSG00000158869	2
GO:0045639	positive regulation of myeloid cell differentiation	36	2/6	74/12927	0.000477776165357	0.003787671286804	0.001248216741452	ENSG00000095970/ENSG00000011600	2
GO:1903706	regulation of hemopoiesis	36	3/6	385/12927	0.000490302190489	0.003840700492167	0.001265692371439	ENSG00000066336/ENSG00000095970/ENSG00000011600	3
GO:0002286	T cell activation involved in immune response	36	2/6	77/12927	0.000517255062081	0.003957602684298	0.001304217169997	ENSG00000135077/ENSG00000158869	2
GO:0031349	positive regulation of defense response	36	3/6	395/12927	0.000528673937372	0.003998476445874	0.001317687006639	ENSG00000095970/ENSG00000135077/ENSG00000158869	3
GO:0001909	leukocyte mediated cytotoxicity	36	2/6	79/12927	0.000544430523576	0.004070855505826	0.001341539328428	ENSG00000135077/ENSG00000011600	2
GO:0002696	positive regulation of leukocyte activation	183	8/23	255/12927	7.79916514041884E-09	6.98025280067486E-07	4.27927876783508E-07	ENSG00000110448/ENSG00000115085/ENSG00000116824/ENSG00000182866/ENSG00000198851/ENSG00000271503/ENSG00000013725/ENSG00000073861	8
GO:0050867	positive regulation of cell activation	183	8/23	266/12927	1.08589168355777E-08	8.6388716158596E-07	5.29610329875544E-07	ENSG00000110448/ENSG00000115085/ENSG00000116824/ENSG00000182866/ENSG00000198851/ENSG00000271503/ENSG00000013725/ENSG00000073861	8
GO:0051251	positive regulation of lymphocyte activation	183	7/23	222/12927	7.7777775668914E-08	5.0626261253584E-06	3.10366817741025E-06	ENSG00000110448/ENSG00000115085/ENSG00000182866/ENSG00000198851/ENSG00000271503/ENSG00000013725/ENSG00000073861	7
GO:1903037	regulation of leukocyte cell-cell adhesion	183	7/23	240/12927	1.32565531751096E-07	7.3013015949065E-06	4.47609933119084E-06	ENSG00000110448/ENSG00000115085/ENSG00000182866/ENSG00000198851/ENSG00000271503/ENSG00000013725/ENSG00000073861	7
GO:0002521	leukocyte differentiation	183	8/23	402/12927	2.65538945049154E-07	1.30733881591844E-05	8.01470576650972E-06	ENSG00000115085/ENSG00000116824/ENSG00000153563/ENSG00000163508/ENSG00000167286/ENSG00000182866/ENSG00000198851/ENSG00000073861	8
GO:0007159	leukocyte cell-cell adhesion	183	7/23	267/12927	2.73883830150512E-07	1.30733881591844E-05	8.01470576650972E-06	ENSG00000110448/ENSG00000115085/ENSG00000182866/ENSG00000198851/ENSG00000271503/ENSG00000013725/ENSG00000073861	7
GO:0045058	T cell selection	183	4/23	37/12927	4.83703684109663E-07	2.00349591617183E-05	1.22825315648876E-05	ENSG00000115085/ENSG00000167286/ENSG00000198851/ENSG00000073861	4
GO:0045059	positive thymic T cell selection	183	3/23	10/12927	5.85636762948548E-07	2.20692590669032E-05	1.35296692603626E-05	ENSG00000115085/ENSG00000167286/ENSG00000198851	3
GO:0022407	regulation of cell-cell adhesion	183	7/23	317/12927	8.72939311919232E-07	3.12512273667085E-05	1.91587206879116E-05	ENSG00000110448/ENSG00000115085/ENSG00000182866/ENSG00000198851/ENSG00000271503/ENSG00000013725/ENSG00000073861	7
GO:0045061	thymic T cell selection	183	3/23	16/12927	2.71399769190915E-06	8.09675978086231E-05	4.96375893651806E-05	ENSG00000115085/ENSG00000167286/ENSG00000198851	3
GO:0019835	cytolysis	183	3/23	17/12927	3.29174447118725E-06	9.42755616548029E-05	5.77961029256878E-05	ENSG00000145649/ENSG00000180644/ENSG00000100450	3
GO:0019722	calcium-mediated signaling	183	5/23	155/12927	6.56653057196652E-06	0.000180832149597	0.000110860050547	ENSG00000115085/ENSG00000160791/ENSG00000186810/ENSG00000198851/ENSG00000101082	5
GO:0042102	positive regulation of T cell proliferation	183	4/23	72/12927	7.23042419404464E-06	0.000191740137887	0.000117547247131	ENSG00000115085/ENSG00000198851/ENSG00000271503/ENSG00000013725	4
GO:0072676	lymphocyte migration	183	4/23	78/12927	9.95442331942113E-06	0.000254548824882	0.000156052425722	ENSG00000115085/ENSG00000186810/ENSG00000271503/ENSG00000073861	4
GO:0032609	interferon-gamma production	183	4/23	85/12927	1.40140682836437E-05	0.000317118587111	0.000194411130293	ENSG00000116824/ENSG00000153283/ENSG00000163508/ENSG00000198851	4
GO:0045785	positive regulation of cell adhesion	183	6/23	328/12927	1.7864022008973E-05	0.000371809683567	0.000227939779546	ENSG00000110448/ENSG00000115085/ENSG00000182866/ENSG00000198851/ENSG00000271503/ENSG00000013725	6
GO:0046631	alpha-beta T cell activation	183	4/23	114/12927	4.46329557941115E-05	0.000819415290989	0.000502346627966	ENSG00000115085/ENSG00000163508/ENSG00000198851/ENSG00000073861	4
GO:0042129	regulation of T cell proliferation	183	4/23	119/12927	5.28012864588132E-05	0.000945143027613	0.000579424643509	ENSG00000115085/ENSG00000198851/ENSG00000271503/ENSG00000013725	4
GO:0031295	T cell costimulation	183	3/23	46/12927	7.10508815030439E-05	0.001240791003809	0.000760673108775	ENSG00000110448/ENSG00000182866/ENSG00000198851	3
GO:0031294	lymphocyte costimulation	183	3/23	47/12927	7.58072352771982E-05	0.001292332868059	0.000792271105529	ENSG00000110448/ENSG00000182866/ENSG00000198851	3
GO:0070098	chemokine-mediated signaling pathway	183	3/23	49/12927	8.5934918261297E-05	0.001430916313374	0.000877230377355	ENSG00000160791/ENSG00000186810/ENSG00000271503	3
GO:0072678	T cell migration	183	3/23	50/12927	9.1314100787065E-05	0.001452908803634	0.000890712983116	ENSG00000115085/ENSG00000186810/ENSG00000271503	3
GO:0042098	T cell proliferation	183	4/23	146/12927	0.000116994654656	0.001821047233334	0.001116402082182	ENSG00000115085/ENSG00000198851/ENSG00000271503/ENSG00000013725	4
GO:1990868	response to chemokine	183	3/23	56/12927	0.000128248229358	0.001867400612875	0.001144819252527	ENSG00000160791/ENSG00000186810/ENSG00000271503	3
GO:1990869	cellular response to chemokine	183	3/23	56/12927	0.000128248229358	0.001867400612875	0.001144819252527	ENSG00000160791/ENSG00000186810/ENSG00000271503	3
GO:0019932	second-messenger-mediated signaling	183	5/23	289/12927	0.000130405070732	0.001867400612875	0.001144819252527	ENSG00000115085/ENSG00000160791/ENSG00000186810/ENSG00000198851/ENSG00000101082	5
GO:0033632	regulation of cell-cell adhesion mediated by integrin	183	2/23	10/12927	0.000135094226533	0.001896616984266	0.001162730494618	ENSG00000198851/ENSG00000271503	2
GO:0033077	T cell differentiation in thymus	183	3/23	58/12927	0.000142426228303	0.001961099605091	0.001202261886684	ENSG00000115085/ENSG00000167286/ENSG00000198851	3
GO:0071888	macrophage apoptotic process	183	2/23	11/12927	0.000164936428862	0.002208865924385	0.001354156263553	ENSG00000160791/ENSG00000271503	2
GO:0001771	immunological synapse formation	183	2/23	12/12927	0.000197709479259	0.002483508546487	0.001522527291804	ENSG00000180644/ENSG00000013725	2
GO:0033033	negative regulation of myeloid cell apoptotic process	183	2/23	13/12927	0.000233403763861	0.002881329222835	0.001766413240109	ENSG00000160791/ENSG00000271503	2
GO:0050848	regulation of calcium-mediated signaling	183	3/23	72/12927	0.000270853438766	0.00328696715519	0.002015091596169	ENSG00000115085/ENSG00000198851/ENSG00000101082	3
GO:0032649	regulation of interferon-gamma production	183	3/23	74/12927	0.000293714257342	0.003504990137615	0.002148751672134	ENSG00000116824/ENSG00000153283/ENSG00000198851	3
GO:0033631	cell-cell adhesion mediated by integrin	183	2/23	15/12927	0.000313517692161	0.003679978157169	0.002256028949632	ENSG00000198851/ENSG00000271503	2
GO:0046634	regulation of alpha-beta T cell activation	183	3/23	80/12927	0.000369681147677	0.004269220995756	0.002617267208512	ENSG00000115085/ENSG00000198851/ENSG00000073861	3
GO:0046641	positive regulation of alpha-beta T cell proliferation	183	2/23	17/12927	0.000405201750005	0.004463453123134	0.002736342182221	ENSG00000115085/ENSG00000198851	2
GO:0046632	alpha-beta T cell differentiation	183	3/23	83/12927	0.000411985135312	0.004469414498236	0.002739996832938	ENSG00000115085/ENSG00000163508/ENSG00000073861	3
GO:0002460	adaptive immune response based on somatic recombination of immune receptors built from immunoglobulin superfamily domains	183	4/23	204/12927	0.000421411718959	0.00450344463843	0.002760859179984	ENSG00000153563/ENSG00000180644/ENSG00000101082/ENSG00000073861	4
GO:0006925	inflammatory cell apoptotic process	183	2/23	18/12927	0.000455358780034	0.004794660095647	0.002939390267399	ENSG00000160791/ENSG00000271503	2
GO:0002456	T cell mediated immunity	183	3/23	87/12927	0.000473071324251	0.004908972002376	0.00300946975153	ENSG00000153563/ENSG00000180644/ENSG00000073861	3
GO:0048512	circadian behavior	14	4/6	30/12927	3.52325241539644E-10	2.73692322345175E-08	1.30566210296894E-08	ENSG00000126368/ENSG00000159208/ENSG00000174738/ENSG00000049246	4
GO:0007622	rhythmic behavior	14	4/6	31/12927	4.04471412332771E-10	2.73692322345175E-08	1.30566210296894E-08	ENSG00000126368/ENSG00000159208/ENSG00000174738/ENSG00000049246	4
GO:0007623	circadian rhythm	14	5/6	155/12927	1.38083352565166E-09	7.00773014268219E-08	3.34307064105139E-08	ENSG00000105516/ENSG00000126368/ENSG00000159208/ENSG00000174738/ENSG00000049246	5
GO:0032922	circadian regulation of gene expression	14	3/6	56/12927	1.52605146258291E-06	6.19576893808662E-05	2.95572072752901E-05	ENSG00000126368/ENSG00000159208/ENSG00000049246	3
GO:0042752	regulation of circadian rhythm	14	3/6	86/12927	5.60460739574093E-06	0.000189622550223	9.04603298961694E-05	ENSG00000126368/ENSG00000174738/ENSG00000049246	3
GO:0042749	regulation of circadian sleep/wake cycle	14	2/6	10/12927	8.06593818478276E-06	0.000233912207359	0.000111588919248	ENSG00000126368/ENSG00000049246	2
GO:0042745	circadian sleep/wake cycle	14	2/6	13/12927	1.39723052047873E-05	0.000320788463909	0.000153033646252	ENSG00000126368/ENSG00000049246	2
GO:0007610	behavior	14	4/6	410/12927	1.4222148646233E-05	0.000320788463909	0.000153033646252	ENSG00000126368/ENSG00000159208/ENSG00000174738/ENSG00000049246	4
GO:0050795	regulation of behavior	14	2/6	42/12927	0.000153311864157	0.003112230842395	0.001484704368682	ENSG00000126368/ENSG00000049246	2
GO:0045638	negative regulation of myeloid cell differentiation	4	3/6	70/12927	3.00620755449304E-06	5.16521116181076E-05	2.30140291253055E-05	ENSG00000106004/ENSG00000122592/ENSG00000078399	3
GO:1903707	negative regulation of hemopoiesis	4	3/6	116/12927	1.38079624677055E-05	0.000217475408866	9.68979822295125E-05	ENSG00000106004/ENSG00000122592/ENSG00000078399	3
GO:0030878	thyroid gland development	4	2/6	16/12927	2.14825467858191E-05	0.000312323180194	0.000139158197803	ENSG00000105997/ENSG00000106004	2
GO:0045637	regulation of myeloid cell differentiation	4	3/6	195/12927	6.53797174775415E-05	0.000882626185947	0.000393261458512	ENSG00000106004/ENSG00000122592/ENSG00000078399	3
GO:0030099	myeloid cell differentiation	4	3/6	334/12927	0.000322647475639	0.003845031714063	0.0017131859489	ENSG00000106004/ENSG00000122592/ENSG00000078399	3
GO:0048732	gland development	4	3/6	335/12927	0.000325505330291	0.003845031714063	0.0017131859489	ENSG00000105997/ENSG00000106004/ENSG00000078399	3
GO:0070208	protein heterotrimerization	316	4/20	12/12927	2.0458677150083E-09	2.7363480688236E-07	1.74975528257289E-07	ENSG00000108821/ENSG00000142156/ENSG00000142173/ENSG00000164692	4
GO:0071230	cellular response to amino acid stimulus	316	5/20	62/12927	3.15834797160901E-08	2.41388023544403E-06	1.54355351995929E-06	ENSG00000108821/ENSG00000142156/ENSG00000168542/ENSG00000204262/ENSG00000164692	5
GO:0043200	response to amino acid	316	5/20	95/12927	2.73880744280921E-07	1.83157747737866E-05	1.17120055120131E-05	ENSG00000108821/ENSG00000142156/ENSG00000168542/ENSG00000204262/ENSG00000164692	5
GO:0044273	sulfur compound catabolic process	316	4/20	42/12927	4.49056461541162E-07	2.59405006049629E-05	1.65876295063707E-05	ENSG00000139329/ENSG00000182492/ENSG00000038427/ENSG00000011465	4
GO:0030208	dermatan sulfate biosynthetic process	316	3/20	11/12927	5.18463718717245E-07	2.59405006049629E-05	1.65876295063707E-05	ENSG00000182492/ENSG00000038427/ENSG00000011465	3
GO:0070206	protein trimerization	316	4/20	45/12927	5.95982990409082E-07	2.63909004482708E-05	1.68756372763168E-05	ENSG00000108821/ENSG00000142156/ENSG00000142173/ENSG00000164692	4
GO:0030205	dermatan sulfate metabolic process	316	3/20	12/12927	6.90603002384656E-07	2.63909004482708E-05	1.68756372763168E-05	ENSG00000182492/ENSG00000038427/ENSG00000011465	3
GO:0030207	chondroitin sulfate catabolic process	316	3/20	12/12927	6.90603002384656E-07	2.63909004482708E-05	1.68756372763168E-05	ENSG00000182492/ENSG00000038427/ENSG00000011465	3
GO:0006027	glycosaminoglycan catabolic process	316	4/20	51/12927	9.93673282076411E-07	3.5441013727392E-05	2.26627239771813E-05	ENSG00000139329/ENSG00000182492/ENSG00000038427/ENSG00000011465	4
GO:0050651	dermatan sulfate proteoglycan biosynthetic process	316	3/20	14/12927	1.14038075670684E-06	3.65703137958816E-05	2.33848538783306E-05	ENSG00000182492/ENSG00000038427/ENSG00000011465	3
GO:0006026	aminoglycan catabolic process	316	4/20	53/12927	1.16204735426166E-06	3.65703137958816E-05	2.33848538783306E-05	ENSG00000139329/ENSG00000182492/ENSG00000038427/ENSG00000011465	4
GO:0050655	dermatan sulfate proteoglycan metabolic process	316	3/20	15/12927	1.42406972475409E-06	4.232651681908E-05	2.7065652663455E-05	ENSG00000182492/ENSG00000038427/ENSG00000011465	3
GO:0018149	peptide cross-linking	316	3/20	19/12927	3.02084953219272E-06	8.50607631433214E-05	5.43920275879576E-05	ENSG00000168542/ENSG00000182492/ENSG00000011465	3
GO:0071229	cellular response to acid chemical	316	5/20	167/12927	4.49086277928028E-06	0.000114410075567	7.31594187100797E-05	ENSG00000108821/ENSG00000142156/ENSG00000168542/ENSG00000204262/ENSG00000164692	5
GO:0030206	chondroitin sulfate biosynthetic process	316	3/20	24/12927	6.27874277731315E-06	0.000139963641078	8.94996229222269E-05	ENSG00000182492/ENSG00000038427/ENSG00000011465	3
GO:0051291	protein heterooligomerization	316	4/20	88/12927	8.93795308100638E-06	0.000191272195934	0.000122308831635	ENSG00000108821/ENSG00000142156/ENSG00000142173/ENSG00000164692	4
GO:0050650	chondroitin sulfate proteoglycan biosynthetic process	316	3/20	28/12927	1.0122589014504E-05	0.000208291735491	0.000133191960717	ENSG00000182492/ENSG00000038427/ENSG00000011465	3
GO:0006024	glycosaminoglycan biosynthetic process	316	4/20	92/12927	1.06673288979679E-05	0.000211371146682	0.000135161087401	ENSG00000139329/ENSG00000182492/ENSG00000038427/ENSG00000011465	4
GO:0006023	aminoglycan biosynthetic process	316	4/20	94/12927	1.16190736748751E-05	0.000222007300574	0.000141962366328	ENSG00000139329/ENSG00000182492/ENSG00000038427/ENSG00000011465	4
GO:1903510	mucopolysaccharide metabolic process	316	4/20	95/12927	1.21177634740221E-05	0.0002235518434	0.000142950022833	ENSG00000139329/ENSG00000182492/ENSG00000038427/ENSG00000011465	4
GO:0035987	endodermal cell differentiation	316	3/20	34/12927	1.83809370463955E-05	0.000327793377327	0.000209607176845	ENSG00000130635/ENSG00000142156/ENSG00000204262	3
GO:0030204	chondroitin sulfate metabolic process	316	3/20	35/12927	2.00843190901894E-05	0.000335784709789	0.000214717227116	ENSG00000182492/ENSG00000038427/ENSG00000011465	3
GO:0060351	cartilage development involved in endochondral bone morphogenesis	316	3/20	35/12927	2.00843190901894E-05	0.000335784709789	0.000214717227116	ENSG00000108821/ENSG00000142156/ENSG00000142173	3
GO:0001706	endoderm formation	316	3/20	37/12927	2.37964013240724E-05	0.000385790142678	0.000246693155672	ENSG00000130635/ENSG00000142156/ENSG00000204262	3
GO:0042060	wound healing	316	6/20	411/12927	2.64248315042352E-05	0.000415802495728	0.000265884527519	ENSG00000108821/ENSG00000130635/ENSG00000168542/ENSG00000011465/ENSG00000133110/ENSG00000164692	6
GO:0050654	chondroitin sulfate proteoglycan metabolic process	316	3/20	39/12927	2.79339116743849E-05	0.000426989792737	0.000273038234411	ENSG00000182492/ENSG00000038427/ENSG00000011465	3
GO:0001101	response to acid chemical	316	5/20	260/12927	3.83404747859704E-05	0.000569782055847	0.000364346617118	ENSG00000108821/ENSG00000142156/ENSG00000168542/ENSG00000204262/ENSG00000164692	5
GO:0030203	glycosaminoglycan metabolic process	316	4/20	130/12927	4.17587461168837E-05	0.000603808896555	0.000386105049445	ENSG00000139329/ENSG00000182492/ENSG00000038427/ENSG00000011465	4
GO:0006022	aminoglycan metabolic process	316	4/20	134/12927	4.70192804495972E-05	0.000661981974751	0.000423303771361	ENSG00000139329/ENSG00000182492/ENSG00000038427/ENSG00000011465	4
GO:0030166	proteoglycan biosynthetic process	316	3/20	52/12927	6.66889441632511E-05	0.000914835516086	0.000584990738274	ENSG00000182492/ENSG00000038427/ENSG00000011465	3
GO:0031589	cell-substrate adhesion	316	5/20	302/12927	7.82234164581242E-05	0.001046238195127	0.000669016061813	ENSG00000108821/ENSG00000168542/ENSG00000080573/ENSG00000133110/ENSG00000154096	5
GO:0007492	endoderm development	316	3/20	56/12927	8.33183303529322E-05	0.001061316827115	0.000678658079316	ENSG00000130635/ENSG00000142156/ENSG00000204262	3
GO:0009612	response to mechanical stimulus	316	4/20	159/12927	9.15713397224841E-05	0.00112546232064	0.000719675856779	ENSG00000108821/ENSG00000168542/ENSG00000011465/ENSG00000133110	4
GO:0060350	endochondral bone morphogenesis	316	3/20	58/12927	9.25613871180535E-05	0.00112546232064	0.000719675856779	ENSG00000108821/ENSG00000142156/ENSG00000142173	3
GO:1901136	carbohydrate derivative catabolic process	316	4/20	161/12927	9.61208217704818E-05	0.001142769769938	0.000730743089483	ENSG00000139329/ENSG00000182492/ENSG00000038427/ENSG00000011465	4
GO:0006029	proteoglycan metabolic process	316	3/20	72/12927	0.00017645273763	0.002008557758125	0.001284370430675	ENSG00000182492/ENSG00000038427/ENSG00000011465	3
GO:0007160	cell-matrix adhesion	316	4/20	193/12927	0.000193481230734	0.002105592239784	0.001346419041672	ENSG00000168542/ENSG00000080573/ENSG00000133110/ENSG00000154096	4
GO:0071560	cellular response to transforming growth factor beta stimulus	316	4/20	195/12927	0.00020129079232	0.002105592239784	0.001346419041672	ENSG00000108821/ENSG00000168542/ENSG00000133110/ENSG00000164692	4
GO:0003414	chondrocyte morphogenesis involved in endochondral bone morphogenesis	316	2/20	14/12927	0.000204655694334	0.002105592239784	0.001346419041672	ENSG00000142156/ENSG00000142173	2
GO:0003429	growth plate cartilage chondrocyte morphogenesis	316	2/20	14/12927	0.000204655694334	0.002105592239784	0.001346419041672	ENSG00000142156/ENSG00000142173	2
GO:0090171	chondrocyte morphogenesis	316	2/20	14/12927	0.000204655694334	0.002105592239784	0.001346419041672	ENSG00000142156/ENSG00000142173	2
GO:0071559	response to transforming growth factor beta	316	4/20	201/12927	0.000226089412286	0.002282223312695	0.001459365620513	ENSG00000108821/ENSG00000168542/ENSG00000133110/ENSG00000164692	4
GO:0003422	growth plate cartilage morphogenesis	316	2/20	15/12927	0.00023592209812	0.002337376342487	0.001494633175226	ENSG00000142156/ENSG00000142173	2
GO:0060349	bone morphogenesis	316	3/20	86/12927	0.000298632592126	0.002904880668863	0.001857523300306	ENSG00000108821/ENSG00000142156/ENSG00000142173	3
GO:0001704	formation of primary germ layer	316	3/20	89/12927	0.000330405329824	0.003156550918851	0.002018453612644	ENSG00000130635/ENSG00000142156/ENSG00000204262	3
GO:0003418	growth plate cartilage chondrocyte differentiation	316	2/20	19/12927	0.000382792305122	0.003592875144566	0.00229746074173	ENSG00000142156/ENSG00000142173	2
GO:0003433	chondrocyte development involved in endochondral bone morphogenesis	316	2/20	20/12927	0.000424930290717	0.003919615612649	0.002506394636716	ENSG00000142156/ENSG00000142173	2
GO:0071417	cellular response to organonitrogen compound	316	5/20	448/12927	0.0004922703655	0.004463807551567	0.002854377676851	ENSG00000108821/ENSG00000142156/ENSG00000168542/ENSG00000204262/ENSG00000164692	5
GO:0071295	cellular response to vitamin	316	2/20	22/12927	0.000515667953153	0.004598039248943	0.002940212013589	ENSG00000108821/ENSG00000133110	2
GO:0060536	cartilage morphogenesis	316	2/20	23/12927	0.000564255441571	0.004948797725253	0.00316450420208	ENSG00000142156/ENSG00000142173	2
GO:0035455	response to interferon-alpha	197	4/21	20/12927	2.45167029284118E-08	4.98987012542969E-07	3.15756916972733E-07	ENSG00000119917/ENSG00000119922/ENSG00000183486/ENSG00000055332	4
GO:0032480	negative regulation of type I interferon production	197	4/21	43/12927	6.09530244268599E-07	1.00427364055683E-05	6.35500204550719E-06	ENSG00000115267/ENSG00000138646/ENSG00000187608/ENSG00000107201	4
GO:0032479	regulation of type I interferon production	197	5/21	116/12927	9.68011529413438E-07	1.52241813262295E-05	9.63379895301412E-06	ENSG00000115267/ENSG00000138646/ENSG00000187608/ENSG00000107201/ENSG00000124256	5
GO:0032606	type I interferon production	197	5/21	118/12927	1.05378398010874E-06	1.58525763964185E-05	1.00314447534379E-05	ENSG00000115267/ENSG00000138646/ENSG00000187608/ENSG00000107201/ENSG00000124256	5
GO:0039528	cytoplasmic pattern recognition receptor signaling pathway in response to virus	197	3/21	24/12927	7.3162759586137E-06	9.73627492953977E-05	6.16107449146417E-05	ENSG00000115267/ENSG00000137628/ENSG00000107201	3
GO:0001819	positive regulation of cytokine production	197	6/21	357/12927	1.62441311125114E-05	0.000208165532034	0.000131726287384	ENSG00000115267/ENSG00000134321/ENSG00000137628/ENSG00000107201/ENSG00000055332/ENSG00000124256	6
GO:0044764	multi-organism cellular process	197	3/21	37/12927	2.77077566260336E-05	0.000342388706879	0.000216662157076	ENSG00000115267/ENSG00000137628/ENSG00000107201	3
GO:0098586	cellular response to virus	197	3/21	43/12927	4.37328927740722E-05	0.000521778651718	0.000330179371942	ENSG00000115267/ENSG00000137628/ENSG00000107201	3
GO:0060760	positive regulation of response to cytokine stimulus	197	3/21	53/12927	8.21521309039148E-05	0.000947487909758	0.000599566429053	ENSG00000115267/ENSG00000107201/ENSG00000124256	3
GO:0045089	positive regulation of innate immune response	197	5/21	306/12927	0.000107164682947	0.00116390629821	0.000736515089832	ENSG00000115267/ENSG00000134321/ENSG00000137628/ENSG00000107201/ENSG00000124256	5
GO:0002753	cytoplasmic pattern recognition receptor signaling pathway	197	3/21	58/12927	0.000107644513129	0.00116390629821	0.000736515089832	ENSG00000115267/ENSG00000137628/ENSG00000107201	3
GO:0090148	membrane fission	197	2/21	10/12927	0.000112226157334	0.001176674255682	0.000744594600493	ENSG00000157601/ENSG00000183486	2
GO:0002221	pattern recognition receptor signaling pathway	197	4/21	161/12927	0.000117589963886	0.001196650808956	0.000757235680751	ENSG00000115267/ENSG00000134321/ENSG00000137628/ENSG00000107201	4
GO:0035457	cellular response to interferon-alpha	197	2/21	11/12927	0.000137030949324	0.001324550066962	0.000838169802032	ENSG00000119917/ENSG00000119922	2
GO:0050688	regulation of defense response to virus	197	3/21	63/12927	0.000137814457834	0.001324550066962	0.000838169802032	ENSG00000137628/ENSG00000138646/ENSG00000107201	3
GO:0032481	positive regulation of type I interferon production	197	3/21	72/12927	0.000205040145746	0.001917402444003	0.001213324333291	ENSG00000115267/ENSG00000107201/ENSG00000124256	3
GO:0045088	regulation of innate immune response	197	5/21	362/12927	0.000235397936646	0.00214336015999	0.001356309441065	ENSG00000115267/ENSG00000134321/ENSG00000137628/ENSG00000107201/ENSG00000124256	5
GO:0071360	cellular response to exogenous dsRNA	197	2/21	15/12927	0.000260581239248	0.002311823302049	0.001462912220341	ENSG00000115267/ENSG00000107201	2
GO:1904469	positive regulation of tumor necrosis factor secretion	197	2/21	16/12927	0.000297515522074	0.002573509265941	0.001628506015563	ENSG00000115267/ENSG00000107201	2
GO:0039529	RIG-I signaling pathway	197	2/21	17/12927	0.000336854113906	0.002775036271698	0.001756031470986	ENSG00000137628/ENSG00000107201	2
GO:0031349	positive regulation of defense response	197	5/21	395/12927	0.000352586153753	0.002837088586009	0.00179529791874	ENSG00000115267/ENSG00000134321/ENSG00000137628/ENSG00000107201/ENSG00000124256	5
GO:0001818	negative regulation of cytokine production	197	4/21	218/12927	0.000375855943161	0.002910935318523	0.001842027825533	ENSG00000115267/ENSG00000138646/ENSG00000187608/ENSG00000107201	4
GO:0032727	positive regulation of interferon-alpha production	197	2/21	18/12927	0.000378589853565	0.002910935318523	0.001842027825533	ENSG00000115267/ENSG00000107201	2
GO:0071359	cellular response to dsRNA	197	2/21	20/12927	0.000469224206816	0.003454288841667	0.002185859686848	ENSG00000115267/ENSG00000107201	2
GO:2000778	positive regulation of interleukin-6 secretion	197	2/21	20/12927	0.000469224206816	0.003454288841667	0.002185859686848	ENSG00000115267/ENSG00000107201	2
GO:0002758	innate immune response-activating signal transduction	197	4/21	242/12927	0.00055799890807	0.004020390021683	0.002544086171311	ENSG00000115267/ENSG00000134321/ENSG00000137628/ENSG00000107201	4
GO:1904467	regulation of tumor necrosis factor secretion	197	2/21	22/12927	0.000569361592666	0.004020390021683	0.002544086171311	ENSG00000115267/ENSG00000107201	2
GO:0032647	regulation of interferon-alpha production	197	2/21	23/12927	0.000622976179165	0.004310995159823	0.002727979900345	ENSG00000115267/ENSG00000107201	2
GO:0032607	interferon-alpha production	197	2/21	24/12927	0.000678945261275	0.004606177654924	0.002914770161923	ENSG00000115267/ENSG00000107201	2
GO:1990774	tumor necrosis factor secretion	197	2/21	25/12927	0.000737261782521	0.004839462797146	0.003062392034701	ENSG00000115267/ENSG00000107201	2
GO:0002218	activation of innate immune response	197	4/21	261/12927	0.000741304994939	0.004839462797146	0.003062392034701	ENSG00000115267/ENSG00000134321/ENSG00000137628/ENSG00000107201	4
GO:0002479	antigen processing and presentation of exogenous peptide antigen via MHC class I, TAP-dependent	121	4/7	71/12927	2.88787567966799E-08	1.17319956317585E-06	6.64971412326394E-08	ENSG00000204264/ENSG00000204267/ENSG00000240065/ENSG00000168394	4
GO:0042590	antigen processing and presentation of exogenous peptide antigen via MHC class I	121	4/7	75/12927	3.60984480977185E-08	1.17319956317585E-06	6.64971412326394E-08	ENSG00000204264/ENSG00000204267/ENSG00000240065/ENSG00000168394	4
GO:0002474	antigen processing and presentation of peptide antigen via MHC class I	121	4/7	92/12927	8.27226598783048E-08	2.15078915683592E-06	1.21907077715397E-07	ENSG00000204264/ENSG00000204267/ENSG00000240065/ENSG00000168394	4
GO:0002483	antigen processing and presentation of endogenous peptide antigen	121	2/7	14/12927	2.28026002442508E-05	0.000174372825397	9.88347998202823E-06	ENSG00000204267/ENSG00000168394	2
GO:0019885	antigen processing and presentation of endogenous peptide antigen via MHC class I	121	2/7	14/12927	2.28026002442508E-05	0.000174372825397	9.88347998202823E-06	ENSG00000204267/ENSG00000168394	2
GO:0072643	interferon-gamma secretion	121	2/7	17/12927	3.40522428986555E-05	0.000245932865379	1.39395146368765E-05	ENSG00000186470/ENSG00000026950	2
GO:0019883	antigen processing and presentation of endogenous antigen	121	2/7	18/12927	3.82988896833113E-05	0.000262045034675	1.48527550018382E-05	ENSG00000204267/ENSG00000168394	2
GO:0010499	proteasomal ubiquitin-independent protein catabolic process	121	2/7	21/12927	5.25264253068932E-05	0.000341421764495	1.93518409025396E-05	ENSG00000204264/ENSG00000240065	2
GO:0006521	regulation of cellular amino acid metabolic process	121	2/7	55/12927	0.000368190780484	0.002279276260142	0.000129189747538	ENSG00000204264/ENSG00000240065	2
GO:1902036	regulation of hematopoietic stem cell differentiation	121	2/7	68/12927	0.000562913589085	0.003326307571867	0.000188535651847	ENSG00000204264/ENSG00000240065	2
GO:0033238	regulation of cellular amine metabolic process	121	2/7	70/12927	0.000596459183281	0.003371291035935	0.000191085321875	ENSG00000204264/ENSG00000240065	2
GO:0061418	regulation of transcription from RNA polymerase II promoter in response to hypoxia	121	2/7	74/12927	0.000666406626304	0.003609702559145	0.00020459852562	ENSG00000204264/ENSG00000240065	2
GO:0060218	hematopoietic stem cell differentiation	121	2/7	77/12927	0.000721360504555	0.003655315389263	0.000207183868217	ENSG00000204264/ENSG00000240065	2
GO:1901532	regulation of hematopoietic progenitor cell differentiation	121	2/7	79/12927	0.000759180888539	0.003655315389263	0.000207183868217	ENSG00000204264/ENSG00000240065	2
GO:0010972	negative regulation of G2/M transition of mitotic cell cycle	121	2/7	83/12927	0.000837657618422	0.003849643265426	0.000218198403708	ENSG00000204264/ENSG00000240065	2
GO:0032609	interferon-gamma production	121	2/7	85/12927	0.000878310966224	0.003849643265426	0.000218198403708	ENSG00000186470/ENSG00000026950	2
GO:0002456	T cell mediated immunity	121	2/7	87/12927	0.000919905639548	0.003849643265426	0.000218198403708	ENSG00000111801/ENSG00000186470	2
GO:0006906	vesicle fusion	121	2/7	88/12927	0.000941055505874	0.003849643265426	0.000218198403708	ENSG00000204267/ENSG00000168394	2
GO:0031146	SCF-dependent proteasomal ubiquitin-dependent protein catabolic process	121	2/7	91/12927	0.001005912982063	0.003849643265426	0.000218198403708	ENSG00000204264/ENSG00000240065	2
GO:0070498	interleukin-1-mediated signaling pathway	121	2/7	92/12927	0.001028000811085	0.003849643265426	0.000218198403708	ENSG00000204264/ENSG00000240065	2
GO:0002223	stimulatory C-type lectin receptor signaling pathway	121	2/7	93/12927	0.001050322664417	0.003849643265426	0.000218198403708	ENSG00000204264/ENSG00000240065	2
GO:0090174	organelle membrane fusion	121	2/7	94/12927	0.00107287835569	0.003849643265426	0.000218198403708	ENSG00000204267/ENSG00000168394	2
GO:0002220	innate immune response activating cell surface receptor signaling pathway	121	2/7	95/12927	0.001095667698621	0.003849643265426	0.000218198403708	ENSG00000204264/ENSG00000240065	2
GO:2000736	regulation of stem cell differentiation	121	2/7	100/12927	0.001213112674423	0.004058647717749	0.000230044809913	ENSG00000204264/ENSG00000240065	2
GO:0044106	cellular amine metabolic process	121	2/7	101/12927	0.001237300020294	0.004058647717749	0.000230044809913	ENSG00000204264/ENSG00000240065	2
GO:0060071	Wnt signaling pathway, planar cell polarity pathway	121	2/7	102/12927	0.001261719716303	0.004058647717749	0.000230044809913	ENSG00000204264/ENSG00000240065	2
GO:0038095	Fc-epsilon receptor signaling pathway	121	2/7	104/12927	0.001311255416504	0.004058647717749	0.000230044809913	ENSG00000204264/ENSG00000240065	2
GO:0090175	regulation of establishment of planar polarity	121	2/7	104/12927	0.001311255416504	0.004058647717749	0.000230044809913	ENSG00000204264/ENSG00000240065	2
GO:0009308	amine metabolic process	121	2/7	107/12927	0.001387296956168	0.00409883191595	0.000232322456775	ENSG00000204264/ENSG00000240065	2
GO:0043618	regulation of transcription from RNA polymerase II promoter in response to stress	121	2/7	107/12927	0.001387296956168	0.00409883191595	0.000232322456775	ENSG00000204264/ENSG00000240065	2
GO:0043620	regulation of DNA-templated transcription in response to stress	121	2/7	112/12927	0.001518655149544	0.00438722598757	0.000248668679457	ENSG00000204264/ENSG00000240065	2
GO:0048284	organelle fusion	121	2/7	117/12927	0.001655771186223	0.004560517284096	0.000258490858208	ENSG00000204267/ENSG00000168394	2
GO:0001736	establishment of planar polarity	121	2/7	118/12927	0.001683883304897	0.004560517284096	0.000258490858208	ENSG00000204264/ENSG00000240065	2
GO:0007164	establishment of tissue polarity	121	2/7	118/12927	0.001683883304897	0.004560517284096	0.000258490858208	ENSG00000204264/ENSG00000240065	2
GO:0007156	homophilic cell adhesion via plasma membrane adhesion molecules	210	11/11	130/12927	6.91597785961013E-23	7.60757564557115E-22	7.27997669432646E-23	ENSG00000113211/ENSG00000113212/ENSG00000120322/ENSG00000120324/ENSG00000120327/ENSG00000120328/ENSG00000177839/ENSG00000187372/ENSG00000197479/ENSG00000272674/ENSG00000081818	11
GO:0098742	cell-cell adhesion via plasma-membrane adhesion molecules	210	11/11	203/12927	1.09164320101632E-20	6.00403760558975E-20	5.74549053166483E-21	ENSG00000113211/ENSG00000113212/ENSG00000120322/ENSG00000120324/ENSG00000120327/ENSG00000120328/ENSG00000177839/ENSG00000187372/ENSG00000197479/ENSG00000272674/ENSG00000081818	11
GO:0016339	calcium-dependent cell-cell adhesion via plasma membrane cell adhesion molecules	210	8/11	37/12927	3.28124355434563E-19	1.2031226365934E-18	1.15131352784057E-19	ENSG00000113211/ENSG00000120324/ENSG00000120327/ENSG00000177839/ENSG00000187372/ENSG00000197479/ENSG00000272674/ENSG00000081818	8
GO:0007416	synapse assembly	210	8/11	135/12927	1.84453481847015E-14	5.07247075079292E-14	4.85403899597409E-15	ENSG00000113211/ENSG00000120324/ENSG00000120327/ENSG00000177839/ENSG00000187372/ENSG00000197479/ENSG00000272674/ENSG00000081818	8
GO:0050808	synapse organization	210	8/11	331/12927	2.62284595376131E-11	5.77026109827487E-11	5.52178095528696E-12	ENSG00000113211/ENSG00000120324/ENSG00000120327/ENSG00000177839/ENSG00000187372/ENSG00000197479/ENSG00000272674/ENSG00000081818	8
GO:0007268	chemical synaptic transmission	210	8/11	468/12927	4.17251185187399E-10	6.23816496249469E-10	5.96953584927721E-11	ENSG00000113211/ENSG00000120324/ENSG00000120327/ENSG00000177839/ENSG00000187372/ENSG00000197479/ENSG00000272674/ENSG00000081818	8
GO:0098916	anterograde trans-synaptic signaling	210	8/11	468/12927	4.17251185187399E-10	6.23816496249469E-10	5.96953584927721E-11	ENSG00000113211/ENSG00000120324/ENSG00000120327/ENSG00000177839/ENSG00000187372/ENSG00000197479/ENSG00000272674/ENSG00000081818	8
GO:0099537	trans-synaptic signaling	210	8/11	475/12927	4.69590149150868E-10	6.23816496249469E-10	5.96953584927721E-11	ENSG00000113211/ENSG00000120324/ENSG00000120327/ENSG00000177839/ENSG00000187372/ENSG00000197479/ENSG00000272674/ENSG00000081818	8
GO:0099536	synaptic signaling	210	8/11	480/12927	5.10395315113201E-10	6.23816496249469E-10	5.96953584927721E-11	ENSG00000113211/ENSG00000120324/ENSG00000120327/ENSG00000177839/ENSG00000187372/ENSG00000197479/ENSG00000272674/ENSG00000081818	8
GO:1903405	protein localization to nuclear body	232	2/9	10/12927	1.933429697172E-05	0.000680075840846	0.000302540004386	ENSG00000115484/ENSG00000135624	2
GO:1904851	positive regulation of establishment of protein localization to telomere	232	2/9	10/12927	1.933429697172E-05	0.000680075840846	0.000302540004386	ENSG00000115484/ENSG00000135624	2
GO:1904867	protein localization to Cajal body	232	2/9	10/12927	1.933429697172E-05	0.000680075840846	0.000302540004386	ENSG00000115484/ENSG00000135624	2
GO:0070203	regulation of establishment of protein localization to telomere	232	2/9	11/12927	2.36222744558425E-05	0.000680075840846	0.000302540004386	ENSG00000115484/ENSG00000135624	2
GO:0070202	regulation of establishment of protein localization to chromosome	232	2/9	12/12927	2.83364933685704E-05	0.000680075840846	0.000302540004386	ENSG00000115484/ENSG00000135624	2
GO:1904816	positive regulation of protein localization to chromosome, telomeric region	232	2/9	12/12927	2.83364933685704E-05	0.000680075840846	0.000302540004386	ENSG00000115484/ENSG00000135624	2
GO:1990173	protein localization to nucleoplasm	232	2/9	12/12927	2.83364933685704E-05	0.000680075840846	0.000302540004386	ENSG00000115484/ENSG00000135624	2
GO:1904814	regulation of protein localization to chromosome, telomeric region	232	2/9	14/12927	3.9041801843789E-05	0.000756537018661	0.000336554688752	ENSG00000115484/ENSG00000135624	2
GO:0070200	establishment of protein localization to telomere	232	2/9	15/12927	4.50319653964588E-05	0.000756537018661	0.000336554688752	ENSG00000115484/ENSG00000135624	2
GO:1904874	positive regulation of telomerase RNA localization to Cajal body	232	2/9	15/12927	4.50319653964588E-05	0.000756537018661	0.000336554688752	ENSG00000115484/ENSG00000135624	2
GO:1904872	regulation of telomerase RNA localization to Cajal body	232	2/9	18/12927	6.55469440390959E-05	0.00082019720532	0.000364874696602	ENSG00000115484/ENSG00000135624	2
GO:0090670	RNA localization to Cajal body	232	2/9	19/12927	7.32318933320987E-05	0.00082019720532	0.000364874696602	ENSG00000115484/ENSG00000135624	2
GO:0090671	telomerase RNA localization to Cajal body	232	2/9	19/12927	7.32318933320987E-05	0.00082019720532	0.000364874696602	ENSG00000115484/ENSG00000135624	2
GO:0090672	telomerase RNA localization	232	2/9	19/12927	7.32318933320987E-05	0.00082019720532	0.000364874696602	ENSG00000115484/ENSG00000135624	2
GO:0090685	RNA localization to nucleus	232	2/9	19/12927	7.32318933320987E-05	0.00082019720532	0.000364874696602	ENSG00000115484/ENSG00000135624	2
GO:0007339	binding of sperm to zona pellucida	232	2/9	21/12927	8.98689586730373E-05	0.000943624066067	0.000419782635907	ENSG00000115484/ENSG00000135624	2
GO:0070199	establishment of protein localization to chromosome	232	2/9	23/12927	0.000108192508579	0.001069196555368	0.000475645084155	ENSG00000115484/ENSG00000135624	2
GO:0070198	protein localization to chromosome, telomeric region	232	2/9	27/12927	0.000149884343931	0.00139892054336	0.000622326808136	ENSG00000115484/ENSG00000135624	2
GO:0035036	sperm-egg recognition	232	2/9	30/12927	0.000185552903698	0.001640678306382	0.000729875687676	ENSG00000115484/ENSG00000135624	2
GO:0032212	positive regulation of telomere maintenance via telomerase	232	2/9	33/12927	0.000224978877659	0.001889822572338	0.000840710542832	ENSG00000115484/ENSG00000135624	2
GO:1901998	toxin transport	232	2/9	35/12927	0.000253344217501	0.002026753740009	0.000901626037222	ENSG00000115484/ENSG00000135624	2
GO:1904358	positive regulation of telomere maintenance via telomere lengthening	232	2/9	36/12927	0.000268149925338	0.002047690338947	0.000910939937752	ENSG00000115484/ENSG00000135624	2
GO:0006403	RNA localization	232	3/9	218/12927	0.000368642350503	0.002692691951497	0.00119787674534	ENSG00000115484/ENSG00000119203/ENSG00000135624	3
GO:0009988	cell-cell recognition	232	2/9	45/12927	0.000420010494296	0.002899161027892	0.001289727023686	ENSG00000115484/ENSG00000135624	2
GO:0034504	protein localization to nucleus	232	3/9	230/12927	0.000431422772008	0.002899161027892	0.001289727023686	ENSG00000115484/ENSG00000119760/ENSG00000135624	3
GO:0032206	positive regulation of telomere maintenance	232	2/9	48/12927	0.000478038949639	0.003088867059205	0.001374120057667	ENSG00000115484/ENSG00000135624	2
GO:0032210	regulation of telomere maintenance via telomerase	232	2/9	52/12927	0.000561138408548	0.003491527875407	0.001553248616253	ENSG00000115484/ENSG00000135624	2
GO:1904356	regulation of telomere maintenance via telomere lengthening	232	2/9	58/12927	0.000698003659244	0.004188021955465	0.001863092473922	ENSG00000115484/ENSG00000135624	2
GO:2000573	positive regulation of DNA biosynthetic process	232	2/9	64/12927	0.000849441896056	0.004894452519245	0.002177356697158	ENSG00000115484/ENSG00000135624	2
GO:0007004	telomere maintenance via telomerase	232	2/9	66/12927	0.000903143024384	0.004894452519245	0.002177356697158	ENSG00000115484/ENSG00000135624	2
GO:1900182	positive regulation of protein localization to nucleus	232	2/9	66/12927	0.000903143024384	0.004894452519245	0.002177356697158	ENSG00000115484/ENSG00000135624	2
GO:0070372	regulation of ERK1 and ERK2 cascade	230	8/20	208/12927	4.19163289832063E-10	3.47089673986347E-07	1.93708437716313E-07	ENSG00000118523/ENSG00000142871/ENSG00000162772/ENSG00000177606/ENSG00000275302/ENSG00000276070/ENSG00000277632/ENSG00000120129	8
GO:0070371	ERK1 and ERK2 cascade	230	8/20	220/12927	6.5488617733273E-10	3.47089673986347E-07	1.93708437716313E-07	ENSG00000118523/ENSG00000142871/ENSG00000162772/ENSG00000177606/ENSG00000275302/ENSG00000276070/ENSG00000277632/ENSG00000120129	8
GO:0002548	monocyte chemotaxis	230	5/20	36/12927	1.88697908287886E-09	6.66732609283864E-07	3.72099033185235E-07	ENSG00000275302/ENSG00000276070/ENSG00000277632/ENSG00000106366/ENSG00000120129	5
GO:0006935	chemotaxis	230	9/20	481/12927	1.47922108224536E-08	2.70929504875706E-06	1.51203954061715E-06	ENSG00000122877/ENSG00000123358/ENSG00000142871/ENSG00000275302/ENSG00000276070/ENSG00000277632/ENSG00000106366/ENSG00000120129/ENSG00000113070	9
GO:0060326	cell chemotaxis	230	7/20	205/12927	1.48181782768244E-08	2.70929504875706E-06	1.51203954061715E-06	ENSG00000123358/ENSG00000275302/ENSG00000276070/ENSG00000277632/ENSG00000106366/ENSG00000120129/ENSG00000113070	7
GO:0042330	taxis	230	9/20	483/12927	1.5335632351455E-08	2.70929504875706E-06	1.51203954061715E-06	ENSG00000122877/ENSG00000123358/ENSG00000142871/ENSG00000275302/ENSG00000276070/ENSG00000277632/ENSG00000106366/ENSG00000120129/ENSG00000113070	9
GO:0071674	mononuclear cell migration	230	5/20	58/12927	2.24511871769665E-08	3.3997512010835E-06	1.89737852533161E-06	ENSG00000275302/ENSG00000276070/ENSG00000277632/ENSG00000106366/ENSG00000120129	5
GO:0032897	negative regulation of viral transcription	230	4/20	23/12927	3.62014011552927E-08	4.79668565307628E-06	2.67699834858875E-06	ENSG00000128016/ENSG00000177606/ENSG00000275302/ENSG00000277632	4
GO:0032496	response to lipopolysaccharide	230	7/20	239/12927	4.27168771051531E-08	5.03109885905137E-06	2.80782279919252E-06	ENSG00000128016/ENSG00000170345/ENSG00000171223/ENSG00000173334/ENSG00000177606/ENSG00000277632/ENSG00000106366	7
GO:0002237	response to molecule of bacterial origin	230	7/20	251/12927	5.9804952069581E-08	6.33932491937558E-06	3.53793505927416E-06	ENSG00000128016/ENSG00000170345/ENSG00000171223/ENSG00000173334/ENSG00000177606/ENSG00000277632/ENSG00000106366	7
GO:0035914	skeletal muscle cell differentiation	230	4/20	42/12927	4.49056461541162E-07	4.32727135666938E-05	2.41502135297735E-05	ENSG00000120738/ENSG00000122877/ENSG00000162772/ENSG00000170345	4
GO:0043922	negative regulation by host of viral transcription	230	3/20	11/12927	5.18463718717245E-07	4.579762848669E-05	2.55593517472887E-05	ENSG00000177606/ENSG00000275302/ENSG00000277632	3
GO:0072677	eosinophil migration	230	3/20	13/12927	8.96898238690559E-07	7.3131702539384E-05	4.08143166108578E-05	ENSG00000275302/ENSG00000276070/ENSG00000277632	3
GO:1990868	response to chemokine	230	4/20	56/12927	1.45322273139165E-06	9.06127114867737E-05	5.05703513957962E-05	ENSG00000275302/ENSG00000276070/ENSG00000277632/ENSG00000120129	4
GO:1990869	cellular response to chemokine	230	4/20	56/12927	1.45322273139165E-06	9.06127114867737E-05	5.05703513957962E-05	ENSG00000275302/ENSG00000276070/ENSG00000277632/ENSG00000120129	4
GO:0070374	positive regulation of ERK1 and ERK2 cascade	230	5/20	142/12927	2.02342403633581E-06	0.000112769576686	6.29359504444785E-05	ENSG00000118523/ENSG00000177606/ENSG00000275302/ENSG00000276070/ENSG00000277632	5
GO:0051591	response to cAMP	230	4/20	62/12927	2.19407349179831E-06	0.000112769576686	6.29359504444785E-05	ENSG00000170345/ENSG00000171223/ENSG00000177606/ENSG00000120129	4
GO:0030595	leukocyte chemotaxis	230	5/20	146/12927	2.3204653734029E-06	0.000112769576686	6.29359504444785E-05	ENSG00000275302/ENSG00000276070/ENSG00000277632/ENSG00000106366/ENSG00000120129	5
GO:0046782	regulation of viral transcription	230	4/20	63/12927	2.34050064820214E-06	0.000112769576686	6.29359504444785E-05	ENSG00000128016/ENSG00000177606/ENSG00000275302/ENSG00000277632	4
GO:0002573	myeloid leukocyte differentiation	230	5/20	164/12927	4.10913870666933E-06	0.000189377696916	0.000105690432638	ENSG00000170345/ENSG00000171223/ENSG00000173334/ENSG00000177606/ENSG00000277632	5
GO:1901216	positive regulation of neuron death	230	4/20	83/12927	7.07850478899495E-06	0.000296671381134	0.00016557032393	ENSG00000120738/ENSG00000170345/ENSG00000177606/ENSG00000277632	4
GO:0002688	regulation of leukocyte chemotaxis	230	4/20	84/12927	7.4250551902149E-06	0.000296671381134	0.00016557032393	ENSG00000275302/ENSG00000277632/ENSG00000106366/ENSG00000120129	4
GO:0043921	modulation by host of viral transcription	230	3/20	26/12927	8.04967398236388E-06	0.000296671381134	0.00016557032393	ENSG00000177606/ENSG00000275302/ENSG00000277632	3
GO:0052472	modulation by host of symbiont transcription	230	3/20	26/12927	8.04967398236388E-06	0.000296671381134	0.00016557032393	ENSG00000177606/ENSG00000275302/ENSG00000277632	3
GO:0030099	myeloid cell differentiation	230	6/20	334/12927	8.11648118196965E-06	0.000296671381134	0.00016557032393	ENSG00000128016/ENSG00000170345/ENSG00000171223/ENSG00000173334/ENSG00000177606/ENSG00000277632	6
GO:0046683	response to organophosphorus	230	4/20	88/12927	8.93795308100638E-06	0.000309347327423	0.000172644685215	ENSG00000170345/ENSG00000171223/ENSG00000177606/ENSG00000120129	4
GO:0052312	modulation of transcription in other organism involved in symbiotic interaction	230	3/20	27/12927	9.04695014160997E-06	0.000309347327423	0.000172644685215	ENSG00000177606/ENSG00000275302/ENSG00000277632	3
GO:0045637	regulation of myeloid cell differentiation	230	5/20	195/12927	9.56908740326999E-06	0.000316976020233	0.000176902207916	ENSG00000128016/ENSG00000170345/ENSG00000173334/ENSG00000177606/ENSG00000277632	5
GO:0002761	regulation of myeloid leukocyte differentiation	230	4/20	94/12927	1.16190736748751E-05	0.000373218730163	0.000208290890121	ENSG00000170345/ENSG00000173334/ENSG00000177606/ENSG00000277632	4
GO:0014074	response to purine-containing compound	230	4/20	97/12927	1.31623107541669E-05	0.0004103543941	0.000229016057085	ENSG00000170345/ENSG00000171223/ENSG00000177606/ENSG00000120129	4
GO:0007519	skeletal muscle tissue development	230	4/20	98/12927	1.37087888315576E-05	0.000415180461756	0.000231709453333	ENSG00000120738/ENSG00000122877/ENSG00000162772/ENSG00000170345	4
GO:0060538	skeletal muscle organ development	230	4/20	105/12927	1.80155399190376E-05	0.000530457564283	0.000296044837266	ENSG00000120738/ENSG00000122877/ENSG00000162772/ENSG00000170345	4
GO:0051592	response to calcium ion	230	4/20	108/12927	2.01370507952293E-05	0.000547314713922	0.000305452700322	ENSG00000170345/ENSG00000171223/ENSG00000177606/ENSG00000120129	4
GO:0048247	lymphocyte chemotaxis	230	3/20	36/12927	2.18885541184536E-05	0.000580046684139	0.00032372019512	ENSG00000275302/ENSG00000276070/ENSG00000277632	3
GO:0071774	response to fibroblast growth factor	230	4/20	112/12927	2.32449053827337E-05	0.000588460976352	0.000328416155621	ENSG00000118523/ENSG00000123358/ENSG00000128016/ENSG00000160888	4
GO:0002521	leukocyte differentiation	230	6/20	402/12927	2.33163783083006E-05	0.000588460976352	0.000328416155621	ENSG00000120738/ENSG00000170345/ENSG00000171223/ENSG00000173334/ENSG00000177606/ENSG00000277632	6
GO:0002763	positive regulation of myeloid leukocyte differentiation	230	3/20	42/12927	3.49855898750412E-05	0.000854081707284	0.000476657318266	ENSG00000170345/ENSG00000173334/ENSG00000177606	3
GO:0007517	muscle organ development	230	5/20	265/12927	4.19968690670065E-05	0.00097683269063	0.000545163825357	ENSG00000120738/ENSG00000122877/ENSG00000162772/ENSG00000170345/ENSG00000113070	5
GO:0070098	chemokine-mediated signaling pathway	230	3/20	49/12927	5.57610821123851E-05	0.00121439604817	0.00067774635459	ENSG00000275302/ENSG00000276070/ENSG00000277632	3
GO:0071347	cellular response to interleukin-1	230	4/20	141/12927	5.73711853331903E-05	0.001216269129064	0.000678791708574	ENSG00000120738/ENSG00000275302/ENSG00000276070/ENSG00000277632	4
GO:0071222	cellular response to lipopolysaccharide	230	4/20	147/12927	6.74937002829073E-05	0.001349874005658	0.000753355701271	ENSG00000128016/ENSG00000173334/ENSG00000277632/ENSG00000106366	4
GO:0071219	cellular response to molecule of bacterial origin	230	4/20	154/12927	8.08859122091236E-05	0.00158776049892	0.0008861185704	ENSG00000128016/ENSG00000173334/ENSG00000277632/ENSG00000106366	4
GO:0002685	regulation of leukocyte migration	230	4/20	155/12927	8.29460745439068E-05	0.001598597073028	0.00089216639031	ENSG00000275302/ENSG00000277632/ENSG00000106366/ENSG00000120129	4
GO:0030593	neutrophil chemotaxis	230	3/20	57/12927	8.78603848137242E-05	0.001633894875483	0.000911865859009	ENSG00000275302/ENSG00000276070/ENSG00000277632	3
GO:0070555	response to interleukin-1	230	4/20	160/12927	9.3825979391326E-05	0.001714750657841	0.000956990933175	ENSG00000120738/ENSG00000275302/ENSG00000276070/ENSG00000277632	4
GO:0071277	cellular response to calcium ion	230	3/20	60/12927	0.000102450277467	0.001817065745475	0.001014092302837	ENSG00000170345/ENSG00000171223/ENSG00000177606	3
GO:0051851	modification by host of symbiont morphology or physiology	230	3/20	61/12927	0.000107643159508	0.001850101929067	0.001032529577096	ENSG00000177606/ENSG00000275302/ENSG00000277632	3
GO:0050920	regulation of chemotaxis	230	4/20	166/12927	0.000108213509059	0.001850101929067	0.001032529577096	ENSG00000275302/ENSG00000277632/ENSG00000106366/ENSG00000120129	4
GO:0035994	response to muscle stretch	230	2/20	11/12927	0.000124037963044	0.002026153964854	0.00113078304692	ENSG00000170345/ENSG00000177606	2
GO:0051702	interaction with symbiont	230	3/20	64/12927	0.000124245290298	0.002026153964854	0.00113078304692	ENSG00000177606/ENSG00000275302/ENSG00000277632	3
GO:0071216	cellular response to biotic stimulus	230	4/20	177/12927	0.000138669113281	0.002193869553397	0.001224384001002	ENSG00000128016/ENSG00000173334/ENSG00000277632/ENSG00000106366	4
GO:0002690	positive regulation of leukocyte chemotaxis	230	3/20	67/12927	0.000142434180543	0.002220297520234	0.001239133273457	ENSG00000275302/ENSG00000277632/ENSG00000106366	3
GO:1990266	neutrophil migration	230	3/20	69/12927	0.000155474038924	0.00238778772794	0.001332608443994	ENSG00000275302/ENSG00000276070/ENSG00000277632	3
GO:0045638	negative regulation of myeloid cell differentiation	230	3/20	70/12927	0.000162275365504	0.002422702639921	0.001352094224067	ENSG00000128016/ENSG00000173334/ENSG00000277632	3
GO:0071621	granulocyte chemotaxis	230	3/20	73/12927	0.000183833521291	0.002669363459848	0.001489753986529	ENSG00000275302/ENSG00000276070/ENSG00000277632	3
GO:0045639	positive regulation of myeloid cell differentiation	230	3/20	74/12927	0.00019141217796	0.002741850116727	0.001530208307448	ENSG00000170345/ENSG00000173334/ENSG00000177606	3
GO:0009314	response to radiation	230	5/20	371/12927	0.000205829734637	0.002870783140995	0.001602164970446	ENSG00000120738/ENSG00000170345/ENSG00000171223/ENSG00000177606/ENSG00000120129	5
GO:0072676	lymphocyte migration	230	3/20	78/12927	0.000223752236491	0.003080225593247	0.001719053409538	ENSG00000275302/ENSG00000276070/ENSG00000277632	3
GO:0030316	osteoclast differentiation	230	3/20	79/12927	0.000232355193666	0.003157647503669	0.001762262062623	ENSG00000170345/ENSG00000171223/ENSG00000277632	3
GO:1903706	regulation of hemopoiesis	230	5/20	385/12927	0.000244570945169	0.003281584833917	0.001831430662027	ENSG00000128016/ENSG00000170345/ENSG00000173334/ENSG00000177606/ENSG00000277632	5
GO:0140131	positive regulation of lymphocyte chemotaxis	230	2/20	17/12927	0.000305008587185	0.003991470400197	0.002227613073397	ENSG00000275302/ENSG00000277632	2
GO:0097530	granulocyte migration	230	3/20	88/12927	0.000319583215635	0.004032835816351	0.002250698836931	ENSG00000275302/ENSG00000276070/ENSG00000277632	3
GO:0007610	behavior	230	5/20	410/12927	0.000327379781342	0.004037614935267	0.0022533660314	ENSG00000120738/ENSG00000122877/ENSG00000170345/ENSG00000177606/ENSG00000277632	5
GO:1902105	regulation of leukocyte differentiation	230	4/20	222/12927	0.000330422450585	0.004037614935267	0.0022533660314	ENSG00000170345/ENSG00000173334/ENSG00000177606/ENSG00000277632	4
GO:0043410	positive regulation of MAPK cascade	230	5/20	412/12927	0.000334824405219	0.004037614935267	0.0022533660314	ENSG00000118523/ENSG00000177606/ENSG00000275302/ENSG00000276070/ENSG00000277632	5
GO:0014912	negative regulation of smooth muscle cell migration	230	2/20	18/12927	0.000342816362428	0.004037614935267	0.0022533660314	ENSG00000173334/ENSG00000106366	2
GO:0060716	labyrinthine layer blood vessel development	230	2/20	18/12927	0.000342816362428	0.004037614935267	0.0022533660314	ENSG00000142871/ENSG00000171223	2
GO:0090025	regulation of monocyte chemotaxis	230	2/20	18/12927	0.000342816362428	0.004037614935267	0.0022533660314	ENSG00000106366/ENSG00000120129	2
GO:0051817	modification of morphology or physiology of other organism involved in symbiotic interaction	230	3/20	92/12927	0.000364285125377	0.004243321240654	0.002368169351785	ENSG00000177606/ENSG00000275302/ENSG00000277632	3
GO:0051385	response to mineralocorticoid	230	2/20	19/12927	0.000382792305122	0.004363009069133	0.002434966332525	ENSG00000118523/ENSG00000170345	2
GO:1901623	regulation of lymphocyte chemotaxis	230	2/20	19/12927	0.000382792305122	0.004363009069133	0.002434966332525	ENSG00000275302/ENSG00000277632	2
GO:0051403	stress-activated MAPK cascade	230	4/20	240/12927	0.000444229555478	0.004905034675064	0.002737467216868	ENSG00000118523/ENSG00000128016/ENSG00000173334/ENSG00000120129	4
GO:0007156	homophilic cell adhesion via plasma membrane adhesion molecules	349	5/19	130/12927	9.88807671591899E-07	0.000119972791569	8.96442456776473E-05	ENSG00000118946/ENSG00000149564/ENSG00000154133/ENSG00000179776/ENSG00000113555	5
GO:0072012	glomerulus vasculature development	349	3/19	20/12927	3.02084953219272E-06	0.000218633984892	0.000163364362859	ENSG00000120156/ENSG00000174059/ENSG00000177464	3
GO:0061437	renal system vasculature development	349	3/19	22/12927	4.07322220924089E-06	0.000235839565915	0.000176220455579	ENSG00000120156/ENSG00000174059/ENSG00000177464	3
GO:0061440	kidney vasculature development	349	3/19	22/12927	4.07322220924089E-06	0.000235839565915	0.000176220455579	ENSG00000120156/ENSG00000174059/ENSG00000177464	3
GO:0098742	cell-cell adhesion via plasma-membrane adhesion molecules	349	5/19	203/12927	8.83689228023928E-06	0.000465141875478	0.000347556241835	ENSG00000118946/ENSG00000149564/ENSG00000154133/ENSG00000179776/ENSG00000113555	5
GO:0019933	cAMP-mediated signaling	349	4/19	107/12927	1.56277413586652E-05	0.000754038520556	0.000563421201615	ENSG00000134817/ENSG00000162618/ENSG00000064989/ENSG00000129467	4
GO:0019935	cyclic-nucleotide-mediated signaling	349	4/19	126/12927	2.97785782532951E-05	0.001326292062204	0.000991011794502	ENSG00000134817/ENSG00000162618/ENSG00000064989/ENSG00000129467	4
GO:0032835	glomerulus development	349	3/19	48/12927	4.46553996181379E-05	0.00184681974135	0.001379952574666	ENSG00000120156/ENSG00000174059/ENSG00000177464	3
GO:0001570	vasculogenesis	349	3/19	61/12927	9.18048692827925E-05	0.003543667954316	0.002647845703525	ENSG00000134817/ENSG00000174059/ENSG00000066056	3
GO:0021602	cranial nerve morphogenesis	134	2/7	20/12927	4.75361737833846E-05	0.000491207129095	0.000221001509695	ENSG00000120093/ENSG00000173917	2
GO:0021545	cranial nerve development	134	2/7	33/12927	0.000131658046769	0.001255815215335	0.000565010241195	ENSG00000120093/ENSG00000173917	2
GO:0002011	morphogenesis of an epithelial sheet	134	2/7	48/12927	0.000280182283297	0.002481614509204	0.001116515865771	ENSG00000173917/ENSG00000182742	2
GO:0021675	nerve development	134	2/7	56/12927	0.000381728869401	0.003155625320378	0.001419763514262	ENSG00000120093/ENSG00000173917	2
GO:0006939	smooth muscle contraction	350	3/11	70/12927	2.4323269683732E-05	0.001613443555688	0.001118016957393	ENSG00000130176/ENSG00000107796/ENSG00000065534	3
GO:1903317	regulation of protein maturation	379	3/7	81/12927	8.14703216506108E-06	0.000142573062889	8.06127393174465E-05	ENSG00000159189/ENSG00000173369/ENSG00000173372	3
GO:0016064	immunoglobulin mediated immune response	379	3/7	85/12927	9.42255877117958E-06	0.000147395275544	8.33392836158319E-05	ENSG00000159189/ENSG00000173369/ENSG00000173372	3
GO:0019724	B cell mediated immunity	379	3/7	87/12927	1.01071046087285E-05	0.000147395275544	8.33392836158319E-05	ENSG00000159189/ENSG00000173369/ENSG00000173372	3
GO:0002526	acute inflammatory response	379	3/7	91/12927	1.15733515057747E-05	0.000155795116424	8.80886673314028E-05	ENSG00000159189/ENSG00000173369/ENSG00000173372	3
GO:0016485	protein processing	379	3/7	194/12927	0.000111427781542	0.001147050692344	0.000648557985445	ENSG00000159189/ENSG00000173369/ENSG00000173372	3
GO:0002460	adaptive immune response based on somatic recombination of immune receptors built from immunoglobulin superfamily domains	379	3/7	204/12927	0.000129358021939	0.001257647435516	0.000711090880833	ENSG00000159189/ENSG00000173369/ENSG00000173372	3
GO:0051604	protein maturation	379	3/7	258/12927	0.000259182881004	0.002387210746093	0.001349761263956	ENSG00000159189/ENSG00000173369/ENSG00000173372	3
GO:0050808	synapse organization	379	3/7	331/12927	0.000539375367743	0.004103943015434	0.002320424923012	ENSG00000159189/ENSG00000173369/ENSG00000173372	3
GO:0022411	cellular component disassembly	333	4/5	481/12927	9.18994689745139E-06	0.00043192750418	0.000244259114906	ENSG00000143387/ENSG00000166033/ENSG00000197635/ENSG00000087245	4
GO:0030574	collagen catabolic process	333	2/5	32/12927	5.90925072632572E-05	0.002221878273098	0.001256493312335	ENSG00000143387/ENSG00000087245	2
GO:0035589	G protein-coupled purinergic nucleotide receptor signaling pathway	468	3/14	11/12927	1.66006625891575E-07	7.6197041284233E-05	4.38606979987214E-05	ENSG00000171659/ENSG00000181631/ENSG00000169313	3
GO:0035590	purinergic nucleotide receptor signaling pathway	468	3/14	14/12927	3.65519675989601E-07	8.38867656396134E-05	4.82870729859946E-05	ENSG00000171659/ENSG00000181631/ENSG00000169313	3
GO:0035588	G protein-coupled purinergic receptor signaling pathway	468	3/14	21/12927	1.32959465326912E-06	0.00020342798195	0.000117097634376	ENSG00000171659/ENSG00000181631/ENSG00000169313	3
GO:0035587	purinergic receptor signaling pathway	468	3/14	24/12927	2.01950933901174E-06	0.000231738696652	0.00013339390634	ENSG00000171659/ENSG00000181631/ENSG00000169313	3
GO:1905521	regulation of macrophage migration	468	3/14	33/12927	5.41268370933327E-06	0.000496884364517	0.000286017602325	ENSG00000168329/ENSG00000171860/ENSG00000169313	3
GO:1905517	macrophage migration	468	3/14	43/12927	1.21650421674266E-05	0.000930625725808	0.000535688698952	ENSG00000168329/ENSG00000171860/ENSG00000169313	3
GO:0007200	phospholipase C-activating G protein-coupled receptor signaling pathway	468	3/14	55/12927	2.56633660274282E-05	0.00168278357237	0.000968647349306	ENSG00000168329/ENSG00000171860/ENSG00000169313	3
GO:0032651	regulation of interleukin-1 beta production	468	3/14	61/12927	3.50710490761089E-05	0.002012201440742	0.001158267541856	ENSG00000168329/ENSG00000239998/ENSG00000163563	3
GO:0032611	interleukin-1 beta production	468	3/14	69/12927	5.0795743810305E-05	0.002331524640893	0.001342077020672	ENSG00000168329/ENSG00000239998/ENSG00000163563	3
GO:0032652	regulation of interleukin-1 production	468	3/14	69/12927	5.0795743810305E-05	0.002331524640893	0.001342077020672	ENSG00000168329/ENSG00000239998/ENSG00000163563	3
GO:0032612	interleukin-1 production	468	3/14	78/12927	7.33321232115051E-05	0.003059949504916	0.001761374442688	ENSG00000168329/ENSG00000239998/ENSG00000163563	3
GO:1903975	regulation of glial cell migration	468	2/14	13/12927	8.43813684648931E-05	0.003227587343782	0.001857870481113	ENSG00000168329/ENSG00000169313	2
GO:0006342	chromatin silencing	91	3/7	75/12927	6.45684276182238E-06	6.88729894594387E-05	1.43485394707164E-05	ENSG00000187837/ENSG00000273542/ENSG00000276180	3
GO:0045814	negative regulation of gene expression, epigenetic	91	3/7	90/12927	1.11944214822777E-05	0.00010746644623	2.23888429645553E-05	ENSG00000187837/ENSG00000273542/ENSG00000276180	3
GO:0006335	DNA replication-dependent nucleosome assembly	91	2/7	12/12927	1.65466855537392E-05	0.000122190908705	2.5456439313445E-05	ENSG00000273542/ENSG00000276180	2
GO:0034723	DNA replication-dependent nucleosome organization	91	2/7	12/12927	1.65466855537392E-05	0.000122190908705	2.5456439313445E-05	ENSG00000273542/ENSG00000276180	2
GO:0060968	regulation of gene silencing	91	3/7	113/12927	2.21909762317586E-05	0.000142022247883	2.95879683090115E-05	ENSG00000187837/ENSG00000273542/ENSG00000276180	3
GO:0000183	chromatin silencing at rDNA	91	2/7	17/12927	3.40522428986555E-05	0.000192295018722	4.00614622337124E-05	ENSG00000273542/ENSG00000276180	2
GO:0051290	protein heterotetramerization	91	2/7	30/12927	0.000108552304454	0.00054847480145	0.000114265583636	ENSG00000273542/ENSG00000276180	2
GO:0034080	CENP-A containing nucleosome assembly	91	2/7	33/12927	0.000131658046769	0.000601865356658	0.00012538861597	ENSG00000273542/ENSG00000276180	2
GO:0061641	CENP-A containing chromatin organization	91	2/7	33/12927	0.000131658046769	0.000601865356658	0.00012538861597	ENSG00000273542/ENSG00000276180	2
GO:0016458	gene silencing	91	3/7	214/12927	0.000149082659256	0.000650542513117	0.000135529690233	ENSG00000187837/ENSG00000273542/ENSG00000276180	3
GO:0031055	chromatin remodeling at centromere	91	2/7	37/12927	0.000165897280578	0.000692440823283	0.000144258504851	ENSG00000273542/ENSG00000276180	2
GO:0016233	telomere capping	91	2/7	41/12927	0.000204047085956	0.000778653994477	0.000162219582183	ENSG00000273542/ENSG00000276180	2
GO:0043486	histone exchange	91	2/7	44/12927	0.000235218394165	0.000778653994477	0.000162219582183	ENSG00000273542/ENSG00000276180	2
GO:0045652	regulation of megakaryocyte differentiation	91	2/7	50/12927	0.00030411886088	0.000918554129915	0.000191365443732	ENSG00000273542/ENSG00000276180	2
GO:0040029	regulation of gene expression, epigenetic	91	3/7	273/12927	0.000306184709972	0.000918554129915	0.000191365443732	ENSG00000187837/ENSG00000273542/ENSG00000276180	3
GO:0030219	megakaryocyte differentiation	91	2/7	65/12927	0.000514384596344	0.001496391553	0.000311748240208	ENSG00000273542/ENSG00000276180	2
GO:0043044	ATP-dependent chromatin remodeling	91	2/7	70/12927	0.000596459183281	0.001636002331284	0.000340833819018	ENSG00000273542/ENSG00000276180	2
GO:0045638	negative regulation of myeloid cell differentiation	91	2/7	70/12927	0.000596459183281	0.001636002331284	0.000340833819018	ENSG00000273542/ENSG00000276180	2
GO:0006303	double-strand break repair via nonhomologous end joining	91	2/7	72/12927	0.000630957364389	0.001682552971705	0.000350531869105	ENSG00000273542/ENSG00000276180	2
GO:0000726	non-recombinational repair	91	2/7	78/12927	0.000740152375188	0.001920395351839	0.000400082364967	ENSG00000273542/ENSG00000276180	2
GO:0060964	regulation of gene silencing by miRNA	91	2/7	83/12927	0.000837657618422	0.002107946318937	0.000439155483112	ENSG00000273542/ENSG00000276180	2
GO:0060147	regulation of posttranscriptional gene silencing	91	2/7	85/12927	0.000878310966224	0.002107946318937	0.000439155483112	ENSG00000273542/ENSG00000276180	2
GO:0060966	regulation of gene silencing by RNA	91	2/7	85/12927	0.000878310966224	0.002107946318937	0.000439155483112	ENSG00000273542/ENSG00000276180	2
GO:0051291	protein heterooligomerization	91	2/7	88/12927	0.000941055505874	0.002203447038144	0.00045905146628	ENSG00000273542/ENSG00000276180	2
GO:0035195	gene silencing by miRNA	91	2/7	116/12927	0.00162788845888	0.003551756637557	0.000739949299491	ENSG00000273542/ENSG00000276180	2
GO:1903707	negative regulation of hemopoiesis	91	2/7	116/12927	0.00162788845888	0.003551756637557	0.000739949299491	ENSG00000273542/ENSG00000276180	2
GO:0042742	defense response to bacterium	91	2/7	120/12927	0.001740794979588	0.003632963435661	0.000756867382429	ENSG00000184678/ENSG00000197903	2
GO:0051262	protein tetramerization	91	2/7	120/12927	0.001740794979588	0.003632963435661	0.000756867382429	ENSG00000273542/ENSG00000276180	2
GO:0035194	posttranscriptional gene silencing by RNA	91	2/7	124/12927	0.001857362926676	0.003774151264776	0.000786281513495	ENSG00000273542/ENSG00000276180	2
GO:0016441	posttranscriptional gene silencing	91	2/7	125/12927	0.001887075632388	0.003774151264776	0.000786281513495	ENSG00000273542/ENSG00000276180	2
GO:0031047	gene silencing by RNA	91	2/7	141/12927	0.002393351518633	0.004659674830058	0.000970765589595	ENSG00000273542/ENSG00000276180	2
GO:0000723	telomere maintenance	91	2/7	142/12927	0.002426913973988	0.004659674830058	0.000970765589595	ENSG00000273542/ENSG00000276180	2
GO:0032200	telomere organization	91	2/7	146/12927	0.002563410103612	0.004825242547976	0.001005258864162	ENSG00000273542/ENSG00000276180	2
GO:0070268	cornification	547	5/6	49/12927	3.79550830921326E-12	1.89775415460663E-10	7.99054380887002E-11	ENSG00000185479/ENSG00000186081/ENSG00000186847/ENSG00000128422/ENSG00000134757	5
GO:0031581	hemidesmosome assembly	547	3/6	12/12927	1.22048038264372E-08	8.71771701888372E-08	3.67061769216157E-08	ENSG00000186081/ENSG00000186847/ENSG00000065618	3
GO:0007044	cell-substrate junction assembly	547	3/6	92/12927	6.87012461058436E-06	3.81673589476909E-05	1.60704669253435E-05	ENSG00000186081/ENSG00000186847/ENSG00000065618	3
GO:0045109	intermediate filament organization	547	2/6	15/12927	1.88011090792616E-05	9.40055453963081E-05	3.95812822721297E-05	ENSG00000186847/ENSG00000128422	2
GO:0034329	cell junction assembly	547	3/6	215/12927	8.74487244055366E-05	0.000397494201843	0.000167365979724	ENSG00000186081/ENSG00000186847/ENSG00000065618	3
GO:0045104	intermediate filament cytoskeleton organization	547	2/6	35/12927	0.00010610053939	0.000431994402957	0.000181892380192	ENSG00000186847/ENSG00000128422	2
GO:0045103	intermediate filament-based process	547	2/6	36/12927	0.000112318544769	0.000431994402957	0.000181892380192	ENSG00000186847/ENSG00000128422	2
GO:0034330	cell junction organization	547	3/6	260/12927	0.000153805324744	0.000549304731229	0.000231286202623	ENSG00000186081/ENSG00000186847/ENSG00000065618	3
GO:0042303	molting cycle	547	2/6	86/12927	0.000644925052859	0.002015390790185	0.000848585595867	ENSG00000186847/ENSG00000128422	2
GO:0042633	hair cycle	547	2/6	86/12927	0.000644925052859	0.002015390790185	0.000848585595867	ENSG00000186847/ENSG00000128422	2
GO:0042102	positive regulation of T cell proliferation	575	3/12	72/12927	3.51600730913463E-05	0.000298860621276	0.000155238919204	ENSG00000223865/ENSG00000231389/ENSG00000242574	3
GO:0051251	positive regulation of lymphocyte activation	575	4/12	222/12927	3.76102125816346E-05	0.000311046622972	0.000161568765287	ENSG00000223865/ENSG00000231389/ENSG00000242574/ENSG00000019582	4
GO:1903037	regulation of leukocyte cell-cell adhesion	575	4/12	240/12927	5.10172902885917E-05	0.00041082344285	0.000213396421983	ENSG00000223865/ENSG00000231389/ENSG00000242574/ENSG00000019582	4
GO:0002696	positive regulation of leukocyte activation	575	4/12	255/12927	6.4627383556288E-05	0.000507076394057	0.00026339365498	ENSG00000223865/ENSG00000231389/ENSG00000242574/ENSG00000019582	4
GO:0050867	positive regulation of cell activation	575	4/12	266/12927	7.61755883858538E-05	0.000576887727164	0.000299656163749	ENSG00000223865/ENSG00000231389/ENSG00000242574/ENSG00000019582	4
GO:0007159	leukocyte cell-cell adhesion	575	4/12	267/12927	7.72954144239556E-05	0.000576887727164	0.000299656163749	ENSG00000223865/ENSG00000231389/ENSG00000242574/ENSG00000019582	4
GO:0022407	regulation of cell-cell adhesion	575	4/12	317/12927	0.000150316133362	0.001069691553693	0.000555636135561	ENSG00000223865/ENSG00000231389/ENSG00000242574/ENSG00000019582	4
GO:0042129	regulation of T cell proliferation	575	3/12	119/12927	0.000157501943125	0.001095354422639	0.000568966349565	ENSG00000223865/ENSG00000231389/ENSG00000242574	3
GO:0045785	positive regulation of cell adhesion	575	4/12	328/12927	0.000171451868635	0.001165872706718	0.000605596074009	ENSG00000223865/ENSG00000231389/ENSG00000242574/ENSG00000019582	4
GO:0042098	T cell proliferation	575	3/12	146/12927	0.000288142637421	0.001916774935889	0.000995641607565	ENSG00000223865/ENSG00000231389/ENSG00000242574	3
GO:0007156	homophilic cell adhesion via plasma membrane adhesion molecules	621	10/10	130/12927	7.44447383438194E-21	8.18892121782013E-20	4.7017729480307E-20	ENSG00000204956/ENSG00000253485/ENSG00000253731/ENSG00000253910/ENSG00000254221/ENSG00000254245/ENSG00000262209/ENSG00000262576/ENSG00000081853/ENSG00000253537	10
GO:0098742	cell-cell adhesion via plasma-membrane adhesion molecules	621	10/10	203/12927	7.30609079146522E-19	4.01834993530587E-18	2.30718656572586E-18	ENSG00000204956/ENSG00000253485/ENSG00000253731/ENSG00000253910/ENSG00000254221/ENSG00000254245/ENSG00000262209/ENSG00000262576/ENSG00000081853/ENSG00000253537	10
GO:0007156	homophilic cell adhesion via plasma membrane adhesion molecules	129	5/5	130/12927	9.52279757094566E-11	1.90455951418913E-10	NA	ENSG00000248383/ENSG00000249158/ENSG00000250120/ENSG00000251664/ENSG00000243232	5
GO:0098742	cell-cell adhesion via plasma-membrane adhesion molecules	129	5/5	203/12927	9.094394536827E-10	9.094394536827E-10	NA	ENSG00000248383/ENSG00000249158/ENSG00000250120/ENSG00000251664/ENSG00000243232	5
