ID	Term	GeneRatio	BgRatio	pvalue	p.adjust	qvalue	geneID	Count	commun
GO:0070268	cornification	11/635	21/5817	3.04410450118577e-06	0.00293451673914308	0.00284864094900436	ENSG00000096696/ENSG00000112378/ENSG00000121552/ENSG00000163472/ENSG00000167759/ENSG00000167880/ENSG00000171345/ENSG00000171346/ENSG00000081277/ENSG00000052344/ENSG00000128422	11	326
GO:0006357	regulation of transcription by RNA polymerase II	117/707	436/5817	2.18444818160795e-18	2.09707025434363e-15	2.07637548209682e-15	ENSG00000075426/ENSG00000080298/ENSG00000083812/ENSG00000089280/ENSG00000089335/ENSG00000105722/ENSG00000105732/ENSG00000109381/ENSG00000109787/ENSG00000120784/ENSG00000122386/ENSG00000124762/ENSG00000124831/ENSG00000129911/ENSG00000130522/ENSG00000130818/ENSG00000134323/ENSG00000136451/ENSG00000137504/ENSG00000142065/ENSG00000144381/ENSG00000146587/ENSG00000147601/ENSG00000150347/ENSG00000152382/ENSG00000153896/ENSG00000153922/ENSG00000155090/ENSG00000157429/ENSG00000157557/ENSG00000159882/ENSG00000160908/ENSG00000163660/ENSG00000166860/ENSG00000167232/ENSG00000167395/ENSG00000167554/ENSG00000167625/ENSG00000167637/ENSG00000168813/ENSG00000169925/ENSG00000169926/ENSG00000171425/ENSG00000171448/ENSG00000171466/ENSG00000171469/ENSG00000171817/ENSG00000171827/ENSG00000172888/ENSG00000173276/ENSG00000173451/ENSG00000177125/ENSG00000177873/ENSG00000178177/ENSG00000180182/ENSG00000180257/ENSG00000180626/ENSG00000180855/ENSG00000181007/ENSG00000183309/ENSG00000183647/ENSG00000185219/ENSG00000185252/ENSG00000186017/ENSG00000186130/ENSG00000187626/ENSG00000188283/ENSG00000188785/ENSG00000188786/ENSG00000196150/ENSG00000196214/ENSG00000196428/ENSG00000196458/ENSG00000196670/ENSG00000196693/ENSG00000196843/ENSG00000196967/ENSG00000197044/ENSG00000197050/ENSG00000197279/ENSG00000197362/ENSG00000197483/ENSG00000197566/ENSG00000197808/ENSG00000197841/ENSG00000198040/ENSG00000198146/ENSG00000198182/ENSG00000204611/ENSG00000256294/ENSG00000256771/ENSG00000273604/ENSG00000275111/ENSG00000090447/ENSG00000087903/ENSG00000085274/ENSG00000102349/ENSG00000082258/ENSG00000106546/ENSG00000001167/ENSG00000066117/ENSG00000081386/ENSG00000032219/ENSG00000041988/ENSG00000048405/ENSG00000136997/ENSG00000102034/ENSG00000128645/ENSG00000154582/ENSG00000161914/ENSG00000161298/ENSG00000174576/ENSG00000083817/ENSG00000169951/ENSG00000152443/ENSG00000129315/ENSG00000168661	117	25
GO:0090503	RNA phosphodiester bond hydrolysis, exonucleolytic	9/707	13/5817	2.50474611801736e-06	0.00120227813664833	0.00119041354977351	ENSG00000113300/ENSG00000132773/ENSG00000135473/ENSG00000143319/ENSG00000151014/ENSG00000163874/ENSG00000172795/ENSG00000174840/ENSG00000178896	9	25
GO:0006120	mitochondrial electron transport, NADH to ubiquinone	27/632	37/5817	6.83596097313531e-19	5.87892643689637e-16	5.8141647013614e-16	ENSG00000091140/ENSG00000099795/ENSG00000110717/ENSG00000115286/ENSG00000119013/ENSG00000119421/ENSG00000131495/ENSG00000136521/ENSG00000139180/ENSG00000147123/ENSG00000158864/ENSG00000164258/ENSG00000165264/ENSG00000166136/ENSG00000170906/ENSG00000174886/ENSG00000183648/ENSG00000184983/ENSG00000186010/ENSG00000189043/ENSG00000213619/ENSG00000023228/ENSG00000090266/ENSG00000088682/ENSG00000004779/ENSG00000125356/ENSG00000065518	27	60
GO:0006099	tricarboxylic acid cycle	21/632	24/5817	6.22621574651753e-18	2.67727277100254e-15	2.64778017009798e-15	ENSG00000062485/ENSG00000091140/ENSG00000091483/ENSG00000100412/ENSG00000105953/ENSG00000112992/ENSG00000117118/ENSG00000119689/ENSG00000122729/ENSG00000131828/ENSG00000136143/ENSG00000138413/ENSG00000143252/ENSG00000146701/ENSG00000150768/ENSG00000163541/ENSG00000168291/ENSG00000172340/ENSG00000181192/ENSG00000204370/ENSG00000073578	21	60
GO:0032981	mitochondrial respiratory chain complex I assembly	27/632	43/5817	2.75138473073839e-16	7.88730289478337e-14	7.80041706118111e-14	ENSG00000099795/ENSG00000110717/ENSG00000115286/ENSG00000119013/ENSG00000119421/ENSG00000131495/ENSG00000136521/ENSG00000137038/ENSG00000139180/ENSG00000147123/ENSG00000155463/ENSG00000158864/ENSG00000164258/ENSG00000165264/ENSG00000166136/ENSG00000170906/ENSG00000174886/ENSG00000183648/ENSG00000184983/ENSG00000186010/ENSG00000213619/ENSG00000023228/ENSG00000090266/ENSG00000004779/ENSG00000125356/ENSG00000065518/ENSG00000106603	27	60
GO:0042407	cristae formation	19/632	22/5817	4.24698362424552e-16	9.13101479212788e-14	9.03042833786943e-14	ENSG00000106554/ENSG00000110955/ENSG00000116459/ENSG00000132305/ENSG00000135390/ENSG00000141385/ENSG00000152234/ENSG00000154518/ENSG00000154723/ENSG00000159199/ENSG00000165629/ENSG00000167283/ENSG00000167863/ENSG00000168924/ENSG00000169020/ENSG00000174917/ENSG00000241468/ENSG00000241837/ENSG00000099624	19	60
GO:0042776	mitochondrial ATP synthesis coupled proton transport	16/632	18/5817	3.93871794800789e-14	6.77459487057357e-12	6.69996653050605e-12	ENSG00000110955/ENSG00000116459/ENSG00000135390/ENSG00000135940/ENSG00000152234/ENSG00000154518/ENSG00000154723/ENSG00000159199/ENSG00000165629/ENSG00000167283/ENSG00000167863/ENSG00000169020/ENSG00000179091/ENSG00000241468/ENSG00000241837/ENSG00000099624	16	60
GO:0009060	aerobic respiration	14/632	17/5817	1.3938816155651e-11	1.99789698230998e-09	1.97588832522211e-09	ENSG00000110717/ENSG00000115286/ENSG00000117118/ENSG00000117640/ENSG00000140740/ENSG00000143252/ENSG00000146701/ENSG00000155463/ENSG00000156467/ENSG00000173660/ENSG00000184076/ENSG00000010256/ENSG00000111775/ENSG00000099624	14	60
GO:0006635	fatty acid beta-oxidation	16/632	26/5817	5.89610008195269e-10	6.33830758809915e-08	6.26848535028655e-08	ENSG00000084754/ENSG00000093144/ENSG00000104325/ENSG00000113790/ENSG00000117054/ENSG00000122971/ENSG00000127884/ENSG00000138029/ENSG00000138796/ENSG00000157184/ENSG00000167315/ENSG00000167969/ENSG00000101986/ENSG00000104823/ENSG00000121310/ENSG00000072778	16	60
GO:0070125	mitochondrial translational elongation	20/632	47/5817	2.24684608471847e-08	2.14698625873098e-06	2.12333524731289e-06	ENSG00000106591/ENSG00000113048/ENSG00000116221/ENSG00000116898/ENSG00000131368/ENSG00000132313/ENSG00000134056/ENSG00000135900/ENSG00000155463/ENSG00000167862/ENSG00000173141/ENSG00000178952/ENSG00000182154/ENSG00000182180/ENSG00000197345/ENSG00000204568/ENSG00000061794/ENSG00000111639/ENSG00000125445/ENSG00000082515	20	60
GO:0055114	oxidation-reduction process	43/632	167/5817	3.22564818820011e-08	2.77405744185209e-06	2.74349866954283e-06	ENSG00000083123/ENSG00000087299/ENSG00000100714/ENSG00000112992/ENSG00000115425/ENSG00000116005/ENSG00000117054/ENSG00000117592/ENSG00000119471/ENSG00000119711/ENSG00000119723/ENSG00000125652/ENSG00000130508/ENSG00000134056/ENSG00000142657/ENSG00000143198/ENSG00000143252/ENSG00000146066/ENSG00000147576/ENSG00000148450/ENSG00000149809/ENSG00000155463/ENSG00000156467/ENSG00000156709/ENSG00000160211/ENSG00000161267/ENSG00000166228/ENSG00000167468/ENSG00000167815/ENSG00000169738/ENSG00000173660/ENSG00000175806/ENSG00000186205/ENSG00000198736/ENSG00000278535/ENSG00000008311/ENSG00000073578/ENSG00000099797/ENSG00000010256/ENSG00000100348/ENSG00000106049/ENSG00000106853/ENSG00000143149	43	60
GO:0006091	generation of precursor metabolites and energy	13/632	22/5817	5.12785227161249e-08	4.00904813962431e-06	3.96488481862478e-06	ENSG00000044446/ENSG00000100412/ENSG00000105953/ENSG00000110955/ENSG00000114480/ENSG00000119689/ENSG00000127184/ENSG00000127540/ENSG00000156873/ENSG00000176340/ENSG00000181192/ENSG00000245848/ENSG00000111775	13	60
GO:0006090	pyruvate metabolic process	8/632	10/5817	6.87094555552159e-07	3.93934211849904e-05	3.89594667288522e-05	ENSG00000091140/ENSG00000100889/ENSG00000110435/ENSG00000131828/ENSG00000150768/ENSG00000168291/ENSG00000173599/ENSG00000063854	8	60
GO:0006103	2-oxoglutarate metabolic process	8/632	10/5817	6.87094555552159e-07	3.93934211849904e-05	3.89594667288522e-05	ENSG00000087299/ENSG00000091140/ENSG00000105953/ENSG00000119689/ENSG00000134056/ENSG00000138413/ENSG00000147576/ENSG00000166123	8	60
GO:0009083	branched-chain amino acid catabolic process	8/632	13/5817	1.45587185282946e-05	0.000736499878490196	0.00072838666073449	ENSG00000083123/ENSG00000091140/ENSG00000105552/ENSG00000119711/ENSG00000137992/ENSG00000078070/ENSG00000106049/ENSG00000103507	8	60
GO:1902600	proton transmembrane transport	15/632	44/5817	3.31602707668916e-05	0.00158432404775149	0.00156687127366365	ENSG00000075415/ENSG00000110955/ENSG00000112695/ENSG00000112992/ENSG00000126267/ENSG00000127184/ENSG00000131174/ENSG00000166347/ENSG00000176340/ENSG00000178741/ENSG00000189043/ENSG00000241468/ENSG00000241837/ENSG00000006695/ENSG00000111775	15	60
GO:0006979	response to oxidative stress	15/632	47/5817	7.93945341813108e-05	0.00359364733662775	0.00355406003426588	ENSG00000110717/ENSG00000117592/ENSG00000130508/ENSG00000138413/ENSG00000158864/ENSG00000165672/ENSG00000167468/ENSG00000167815/ENSG00000168077/ENSG00000171503/ENSG00000175806/ENSG00000184983/ENSG00000100348/ENSG00000065518/ENSG00000001084	15	60
GO:0006006	glucose metabolic process	11/632	28/5817	8.64197054041507e-05	0.00371604733237848	0.0036751116824502	ENSG00000079739/ENSG00000105221/ENSG00000121879/ENSG00000131828/ENSG00000150768/ENSG00000160211/ENSG00000165458/ENSG00000168291/ENSG00000169738/ENSG00000005882/ENSG00000152256	11	60
GO:0006614	SRP-dependent cotranslational protein targeting to membrane	19/89	49/5817	5.59168918267861e-23	1.59922310624608e-20	1.55390099392332e-20	ENSG00000118181/ENSG00000122026/ENSG00000131469/ENSG00000136942/ENSG00000140988/ENSG00000142534/ENSG00000142541/ENSG00000147403/ENSG00000167526/ENSG00000172809/ENSG00000177954/ENSG00000182774/ENSG00000198755/ENSG00000213741/ENSG00000063177/ENSG00000125691/ENSG00000124614/ENSG00000116251/ENSG00000166441	19	69
GO:0019083	viral transcription	19/89	58/5817	2.53155444502028e-21	3.620122856379e-19	3.51752828150186e-19	ENSG00000118181/ENSG00000122026/ENSG00000131469/ENSG00000136942/ENSG00000140988/ENSG00000142534/ENSG00000142541/ENSG00000147403/ENSG00000167526/ENSG00000172809/ENSG00000177954/ENSG00000182774/ENSG00000198755/ENSG00000213741/ENSG00000063177/ENSG00000125691/ENSG00000124614/ENSG00000116251/ENSG00000166441	19	69
GO:0000184	nuclear-transcribed mRNA catabolic process, nonsense-mediated decay	19/89	62/5817	1.09244749904584e-20	1.04146661575703e-18	1.0119513675372e-18	ENSG00000118181/ENSG00000122026/ENSG00000131469/ENSG00000136942/ENSG00000140988/ENSG00000142534/ENSG00000142541/ENSG00000147403/ENSG00000167526/ENSG00000172809/ENSG00000177954/ENSG00000182774/ENSG00000198755/ENSG00000213741/ENSG00000063177/ENSG00000125691/ENSG00000124614/ENSG00000116251/ENSG00000166441	19	69
GO:0006413	translational initiation	20/89	75/5817	2.16805039000397e-20	1.55015602885284e-18	1.50622448147644e-18	ENSG00000118181/ENSG00000122026/ENSG00000131469/ENSG00000136942/ENSG00000140988/ENSG00000142534/ENSG00000142541/ENSG00000147403/ENSG00000167526/ENSG00000172809/ENSG00000175390/ENSG00000177954/ENSG00000182774/ENSG00000198755/ENSG00000213741/ENSG00000063177/ENSG00000125691/ENSG00000124614/ENSG00000116251/ENSG00000166441	20	69
GO:0050776	regulation of immune response	8/85	51/5817	5.68879518660477e-07	0.000201952229124469	0.000185035548701145	ENSG00000167286/ENSG00000172116/ENSG00000198851/ENSG00000005844/ENSG00000026751/ENSG00000101082/ENSG00000153563/ENSG00000076662	8	177
GO:0042110	T cell activation	5/85	18/5817	4.36661721198151e-06	0.000775074555126717	0.000710149851843308	ENSG00000116824/ENSG00000172116/ENSG00000198851/ENSG00000101082/ENSG00000153563	5	177
GO:0002250	adaptive immune response	7/85	51/5817	7.62941214651221e-06	0.000902813770670611	0.000827188895885008	ENSG00000013725/ENSG00000167286/ENSG00000172116/ENSG00000172673/ENSG00000176083/ENSG00000198851/ENSG00000026751	7	177
GO:0007166	cell surface receptor signaling pathway	7/85	67/5817	4.74590347114385e-05	0.00421198933064017	0.0038591688752196	ENSG00000116824/ENSG00000139193/ENSG00000160791/ENSG00000167286/ENSG00000198851/ENSG00000078549/ENSG00000153563	7	177
GO:0030198	extracellular matrix organization	26/531	93/5817	1.16479937771758e-07	0.000106346183185615	0.000102011903395898	ENSG00000049540/ENSG00000087245/ENSG00000091986/ENSG00000108821/ENSG00000115414/ENSG00000116962/ENSG00000117122/ENSG00000122707/ENSG00000129038/ENSG00000130635/ENSG00000137675/ENSG00000142173/ENSG00000143382/ENSG00000148848/ENSG00000150093/ENSG00000163359/ENSG00000163520/ENSG00000164692/ENSG00000168542/ENSG00000172987/ENSG00000182492/ENSG00000187955/ENSG00000204262/ENSG00000038427/ENSG00000077942/ENSG00000142156	26	19
GO:0007155	cell adhesion	35/531	163/5817	9.91298655892465e-07	0.00045252783641491	0.000434084464053964	ENSG00000105711/ENSG00000110400/ENSG00000115414/ENSG00000123096/ENSG00000127083/ENSG00000130635/ENSG00000132205/ENSG00000135218/ENSG00000137101/ENSG00000142173/ENSG00000144476/ENSG00000148498/ENSG00000148848/ENSG00000150093/ENSG00000159674/ENSG00000162576/ENSG00000163359/ENSG00000166482/ENSG00000168477/ENSG00000181790/ENSG00000197635/ENSG00000198053/ENSG00000206384/ENSG00000262655/ENSG00000038427/ENSG00000064205/ENSG00000078098/ENSG00000064309/ENSG00000112902/ENSG00000142156/ENSG00000140937/ENSG00000152377/ENSG00000165124/ENSG00000104415/ENSG00000130396	35	19
GO:0007186	G protein-coupled receptor signaling pathway	35/531	175/5817	5.55083190312492e-06	0.00168930317585102	0.0016204533836491	ENSG00000065135/ENSG00000104213/ENSG00000110237/ENSG00000111452/ENSG00000116584/ENSG00000120063/ENSG00000125730/ENSG00000128602/ENSG00000129048/ENSG00000130203/ENSG00000137486/ENSG00000144476/ENSG00000151617/ENSG00000160801/ENSG00000161921/ENSG00000163485/ENSG00000163870/ENSG00000168398/ENSG00000170776/ENSG00000181104/ENSG00000181790/ENSG00000196917/ENSG00000198121/ENSG00000276409/ENSG00000113721/ENSG00000117114/ENSG00000020181/ENSG00000122420/ENSG00000108352/ENSG00000051382/ENSG00000101333/ENSG00000100739/ENSG00000121957/ENSG00000119737/ENSG00000150594	35	19
GO:0007204	positive regulation of cytosolic calcium ion concentration	15/531	48/5817	1.32762875182589e-05	0.00267516882560772	0.00256613877086023	ENSG00000120063/ENSG00000129048/ENSG00000133789/ENSG00000135218/ENSG00000137672/ENSG00000144476/ENSG00000151617/ENSG00000160801/ENSG00000168398/ENSG00000179348/ENSG00000181104/ENSG00000198121/ENSG00000097007/ENSG00000122420/ENSG00000100739	15	19
GO:0045766	positive regulation of angiogenesis	16/531	54/5817	1.46504316845987e-05	0.00267516882560772	0.00256613877086023	ENSG00000091879/ENSG00000124212/ENSG00000125730/ENSG00000143369/ENSG00000143494/ENSG00000145423/ENSG00000148848/ENSG00000150093/ENSG00000165197/ENSG00000174059/ENSG00000179348/ENSG00000184304/ENSG00000185591/ENSG00000101017/ENSG00000112902/ENSG00000133048	16	19
GO:0001501	skeletal system development	13/531	40/5817	3.14386181051856e-05	0.00410049404714778	0.00393337297195705	ENSG00000072840/ENSG00000101265/ENSG00000108821/ENSG00000112175/ENSG00000160801/ENSG00000164692/ENSG00000168542/ENSG00000184916/ENSG00000197576/ENSG00000204262/ENSG00000266524/ENSG00000038427/ENSG00000140937	13	19
GO:0001525	angiogenesis	10/101	98/5817	6.26576801222947e-06	0.00268801447724644	0.00248652056906369	ENSG00000102359/ENSG00000127329/ENSG00000128917/ENSG00000154133/ENSG00000164134/ENSG00000172889/ENSG00000265107/ENSG00000005108/ENSG00000106511/ENSG00000164867	10	110
GO:0090051	negative regulation of cell migration involved in sprouting angiogenesis	4/101	11/5817	2.57362011956672e-05	0.00552041515647062	0.0051066041319824	ENSG00000128917/ENSG00000173269/ENSG00000108840/ENSG00000106511	4	110
GO:0006936	muscle contraction	10/99	34/5817	1.20245005221421e-10	4.84587371042328e-08	4.45539387767792e-08	ENSG00000065534/ENSG00000107796/ENSG00000122786/ENSG00000140416/ENSG00000163017/ENSG00000163431/ENSG00000163681/ENSG00000198467/ENSG00000035403/ENSG00000101335	10	127
GO:0070527	platelet aggregation	5/99	13/5817	1.49057349446663e-06	0.000300350559135027	0.000276148352659082	ENSG00000100345/ENSG00000159176/ENSG00000196924/ENSG00000035403/ENSG00000101335	5	127
GO:0007015	actin filament organization	6/99	33/5817	1.59366310650601e-05	0.00214082077307307	0.00196831373154426	ENSG00000072110/ENSG00000140416/ENSG00000154556/ENSG00000198467/ENSG00000067560/ENSG00000134775	6	127
GO:0045214	sarcomere organization	4/99	11/5817	2.377450419945e-05	0.00239528129809459	0.0022022698626859	ENSG00000140416/ENSG00000159176/ENSG00000134775/ENSG00000071127	4	127
GO:2000300	regulation of synaptic vesicle exocytosis	4/99	12/5817	3.51968633820045e-05	0.00283686718858956	0.00260827282325591	ENSG00000107130/ENSG00000117016/ENSG00000144566/ENSG00000186318	4	127
GO:0048488	synaptic vesicle endocytosis	4/91	10/5817	1.095642476463e-05	0.00438256990585202	0.00404811062356331	ENSG00000157107/ENSG00000164885/ENSG00000073921/ENSG00000041353	4	163
GO:0032922	circadian regulation of gene expression	5/91	28/5817	6.20519601097285e-05	0.00894215340433559	0.00825972590768893	ENSG00000126368/ENSG00000133794/ENSG00000159208/ENSG00000213923/ENSG00000049246	5	163
GO:0048813	dendrite morphogenesis	4/91	15/5817	6.70661505325169e-05	0.00894215340433559	0.00825972590768893	ENSG00000106460/ENSG00000164885/ENSG00000169439/ENSG00000073921	4	163
GO:0051301	cell division	31/84	147/5817	3.60660250574672e-29	8.25911973815999e-27	6.37799179963631e-27	ENSG00000080986/ENSG00000088325/ENSG00000089685/ENSG00000101447/ENSG00000109805/ENSG00000117399/ENSG00000117650/ENSG00000117724/ENSG00000118007/ENSG00000121152/ENSG00000129195/ENSG00000129810/ENSG00000137812/ENSG00000138160/ENSG00000142945/ENSG00000143228/ENSG00000145386/ENSG00000146670/ENSG00000154473/ENSG00000154839/ENSG00000156970/ENSG00000157456/ENSG00000158402/ENSG00000161888/ENSG00000164611/ENSG00000165480/ENSG00000167513/ENSG00000170312/ENSG00000175063/ENSG00000184661/ENSG00000186185	31	318
GO:0000070	mitotic sister chromatid segregation	8/84	14/5817	3.77164696688977e-12	2.15926788854439e-10	1.66746497483548e-10	ENSG00000080986/ENSG00000117650/ENSG00000135476/ENSG00000137804/ENSG00000149503/ENSG00000154473/ENSG00000166851/ENSG00000186185	8	318
GO:0000281	mitotic cytokinesis	7/84	19/5817	4.45342082675871e-09	2.03966673865549e-07	1.57510462925361e-07	ENSG00000090889/ENSG00000112984/ENSG00000135476/ENSG00000137804/ENSG00000149503/ENSG00000166851/ENSG00000167513	7	318
GO:0007094	mitotic spindle assembly checkpoint	6/84	12/5817	6.52866463665949e-09	2.49177366965837e-07	1.92423799817332e-07	ENSG00000117399/ENSG00000117724/ENSG00000154473/ENSG00000156970/ENSG00000166851/ENSG00000178999	6	318
GO:0006260	DNA replication	9/84	49/5817	2.26806187692456e-08	7.41980242593893e-07	5.72984053117784e-07	ENSG00000092853/ENSG00000093009/ENSG00000143476/ENSG00000166803/ENSG00000167513/ENSG00000170312/ENSG00000171848/ENSG00000065328/ENSG00000085840	9	318
GO:0031145	anaphase-promoting complex-dependent catabolic process	8/84	50/5817	4.42539906243938e-07	1.26677048162327e-05	9.78246108539231e-06	ENSG00000117399/ENSG00000154473/ENSG00000156970/ENSG00000164611/ENSG00000166851/ENSG00000170312/ENSG00000175063/ENSG00000178999	8	318
GO:0000083	regulation of transcription involved in G1/S transition of mitotic cell cycle	5/84	14/5817	1.00685740912508e-06	2.30570346689642e-05	1.78054783929487e-05	ENSG00000093009/ENSG00000167513/ENSG00000171848/ENSG00000085840/ENSG00000101412	5	318
GO:0090307	mitotic spindle assembly	5/84	14/5817	1.00685740912508e-06	2.30570346689642e-05	1.78054783929487e-05	ENSG00000088325/ENSG00000089685/ENSG00000117399/ENSG00000117650/ENSG00000138160	5	318
GO:0051726	regulation of cell cycle	8/84	59/5817	1.64518158768391e-06	3.42496894163286e-05	2.64488523187461e-05	ENSG00000111206/ENSG00000117724/ENSG00000143476/ENSG00000157456/ENSG00000166803/ENSG00000166851/ENSG00000007968/ENSG00000101412	8	318
GO:0000086	G2/M transition of mitotic cell cycle	8/84	64/5817	3.09731305966212e-06	5.91070575552188e-05	4.56446135108102e-05	ENSG00000111206/ENSG00000117650/ENSG00000127564/ENSG00000145386/ENSG00000157456/ENSG00000158402/ENSG00000166851/ENSG00000170312	8	318
GO:0006281	DNA repair	9/84	91/5817	5.29103592694973e-06	9.32036328670375e-05	7.19752255649842e-05	ENSG00000085999/ENSG00000092853/ENSG00000111206/ENSG00000164611/ENSG00000170312/ENSG00000187741/ENSG00000276043/ENSG00000051341/ENSG00000051180	9	318
GO:0010389	regulation of G2/M transition of mitotic cell cycle	6/84	36/5817	1.04301175959788e-05	0.000159233128631943	0.000122965596921013	ENSG00000072571/ENSG00000088325/ENSG00000117650/ENSG00000117724/ENSG00000166851/ENSG00000170312	6	318
GO:0051321	meiotic cell cycle	5/84	25/5817	2.35811841910065e-05	0.000317652422337676	0.000245302720996229	ENSG00000085999/ENSG00000117650/ENSG00000127564/ENSG00000154473/ENSG00000051180	5	318
GO:0007088	regulation of mitotic nuclear division	4/84	13/5817	2.62058573653579e-05	0.000333396740925943	0.000257461054817552	ENSG00000117650/ENSG00000127564/ENSG00000148773/ENSG00000158402	4	318
GO:0007018	microtubule-based movement	5/84	26/5817	2.8866300427972e-05	0.000347914884105557	0.000268672491517967	ENSG00000090889/ENSG00000112984/ENSG00000138160/ENSG00000142945/ENSG00000186185	5	318
GO:0008283	cell proliferation	8/84	103/5817	0.000105456357876148	0.00109770481607445	0.000847687470009228	ENSG00000101447/ENSG00000117724/ENSG00000126787/ENSG00000148773/ENSG00000158402/ENSG00000170312/ENSG00000178999/ENSG00000065328	8	318
GO:0007077	mitotic nuclear envelope disassembly	3/84	10/5817	0.000324042330792365	0.00274835902783154	0.00212238251747046	ENSG00000157456/ENSG00000166851/ENSG00000170312	3	318
GO:0007131	reciprocal meiotic recombination	3/84	10/5817	0.000324042330792365	0.00274835902783154	0.00212238251747046	ENSG00000085999/ENSG00000121211/ENSG00000051180	3	318
GO:0034080	CENP-A containing nucleosome assembly	3/84	10/5817	0.000324042330792365	0.00274835902783154	0.00212238251747046	ENSG00000100162/ENSG00000123485/ENSG00000137812	3	318
GO:0006977	DNA damage response, signal transduction by p53 class mediator resulting in cell cycle arrest	4/84	28/5817	0.000636182407485833	0.00502364728669847	0.00387944263004065	ENSG00000075218/ENSG00000158402/ENSG00000170312/ENSG00000101412	4	318
GO:0006468	protein phosphorylation	10/84	206/5817	0.000697382797204392	0.00532335535199353	0.00411088806773115	ENSG00000089685/ENSG00000117650/ENSG00000127564/ENSG00000156970/ENSG00000157456/ENSG00000166851/ENSG00000168078/ENSG00000170312/ENSG00000178999/ENSG00000115825	10	318
GO:0000079	regulation of cyclin-dependent protein serine/threonine kinase activity	4/84	29/5817	0.000729912437445835	0.00535611499174438	0.0041361862496578	ENSG00000127564/ENSG00000145386/ENSG00000157456/ENSG00000158402	4	318
GO:1900182	positive regulation of protein localization to nucleus	3/84	13/5817	0.000748452749938079	0.00535611499174438	0.0041361862496578	ENSG00000075218/ENSG00000166851/ENSG00000170312	3	318
GO:0007098	centrosome cycle	3/84	16/5817	0.00142032721318917	0.00956632152412703	0.00738746042773312	ENSG00000166803/ENSG00000166851/ENSG00000170312	3	318
GO:0000122	negative regulation of transcription by RNA polymerase II	24/98	368/5817	4.86500886196572e-09	2.20384901447047e-06	1.80773487186726e-06	ENSG00000109906/ENSG00000114315/ENSG00000117560/ENSG00000118689/ENSG00000124216/ENSG00000125968/ENSG00000141570/ENSG00000141582/ENSG00000143867/ENSG00000152804/ENSG00000164442/ENSG00000171056/ENSG00000177374/ENSG00000178175/ENSG00000179094/ENSG00000179772/ENSG00000185551/ENSG00000198435/ENSG00000203883/ENSG00000057657/ENSG00000019549/ENSG00000078401/ENSG00000117318/ENSG00000115112	24	32
GO:0006882	cellular zinc ion homeostasis	6/98	12/5817	1.66959214740462e-08	3.78162621387146e-06	3.10192646333595e-06	ENSG00000104635/ENSG00000125148/ENSG00000169715/ENSG00000187193/ENSG00000205364/ENSG00000205362	6	32
GO:0071280	cellular response to copper ion	5/98	10/5817	2.88826059042924e-07	3.27095511866111e-05	2.68304207479348e-05	ENSG00000125148/ENSG00000169715/ENSG00000187193/ENSG00000205364/ENSG00000205362	5	32
GO:0045944	positive regulation of transcription by RNA polymerase II	22/98	456/5817	4.60494502027742e-06	0.000417208018837134	0.000342220124664827	ENSG00000067082/ENSG00000100906/ENSG00000106952/ENSG00000109906/ENSG00000114315/ENSG00000118689/ENSG00000125347/ENSG00000143867/ENSG00000152804/ENSG00000163884/ENSG00000164442/ENSG00000167711/ENSG00000170989/ENSG00000179094/ENSG00000203883/ENSG00000204103/ENSG00000221869/ENSG00000078401/ENSG00000068001/ENSG00000069399/ENSG00000126003/ENSG00000162783	22	32
GO:0030154	cell differentiation	12/98	158/5817	1.14479773778898e-05	0.000740847678883439	0.000607689626224827	ENSG00000114315/ENSG00000130222/ENSG00000143867/ENSG00000143878/ENSG00000152804/ENSG00000155926/ENSG00000164442/ENSG00000168874/ENSG00000171056/ENSG00000179772/ENSG00000185551/ENSG00000203883	12	32
GO:0006915	apoptotic process	14/98	224/5817	1.92921161345508e-05	0.00109241607611894	0.000896068025723217	ENSG00000100906/ENSG00000102871/ENSG00000109906/ENSG00000116717/ENSG00000117560/ENSG00000118503/ENSG00000118515/ENSG00000121966/ENSG00000125347/ENSG00000130222/ENSG00000137393/ENSG00000143878/ENSG00000168209/ENSG00000105327	14	32
GO:0000398	mRNA splicing, via spliceosome	36/352	133/5817	4.91038993979498e-15	3.16229112122797e-12	3.16229112122797e-12	ENSG00000099783/ENSG00000100603/ENSG00000100941/ENSG00000102241/ENSG00000105705/ENSG00000109536/ENSG00000113141/ENSG00000124562/ENSG00000125651/ENSG00000125944/ENSG00000139168/ENSG00000140829/ENSG00000145833/ENSG00000146007/ENSG00000153015/ENSG00000163510/ENSG00000169217/ENSG00000169249/ENSG00000174243/ENSG00000175467/ENSG00000183684/ENSG00000184209/ENSG00000196504/ENSG00000068394/ENSG00000087087/ENSG00000096746/ENSG00000105258/ENSG00000134597/ENSG00000125351/ENSG00000060339/ENSG00000105298/ENSG00000116350/ENSG00000138668/ENSG00000126945/ENSG00000085872/ENSG00000144028	36	45
GO:0031146	SCF-dependent proteasomal ubiquitin-dependent protein catabolic process	8/127	54/5817	1.85389314106154e-05	0.00813859088926017	0.00764974853995921	ENSG00000115233/ENSG00000129084/ENSG00000173692/ENSG00000240065/ENSG00000072803/ENSG00000107872/ENSG00000108094/ENSG00000113558	8	298
GO:0006695	cholesterol biosynthetic process	13/24	25/5817	9.18609138285038e-27	6.52212488182377e-25	4.73808923957546e-25	ENSG00000079459/ENSG00000110921/ENSG00000112972/ENSG00000113161/ENSG00000120437/ENSG00000147155/ENSG00000160285/ENSG00000160752/ENSG00000167508/ENSG00000172893/ENSG00000186480/ENSG00000067064/ENSG00000147383	13	274
GO:0048704	embryonic skeletal system morphogenesis	6/24	21/5817	1.30759002483989e-10	3.09462972545441e-09	2.24813723568964e-09	ENSG00000120075/ENSG00000120093/ENSG00000173917/ENSG00000182742/ENSG00000260027/ENSG00000108511	6	274
GO:0009952	anterior/posterior pattern specification	6/24	46/5817	2.11160508170064e-08	3.74809902001863e-07	2.72285918429819e-07	ENSG00000120075/ENSG00000120093/ENSG00000173917/ENSG00000182742/ENSG00000260027/ENSG00000108511	6	274
GO:0019216	regulation of lipid metabolic process	3/24	39/5817	0.000511693660974143	0.00605504165486069	0.00439877006802333	ENSG00000079459/ENSG00000112972/ENSG00000113161	3	274
GO:0060216	definitive hemopoiesis	2/24	10/5817	0.000719548003728307	0.00729827260924426	0.00530193265905068	ENSG00000120093/ENSG00000182742	2	274
GO:0045087	innate immune response	8/47	135/5817	1.00280495362534e-05	0.000689416048757072	0.000571296613751661	ENSG00000132514/ENSG00000142512/ENSG00000159189/ENSG00000173369/ENSG00000173372/ENSG00000182578/ENSG00000197629/ENSG00000011600	8	340
GO:0030449	regulation of complement activation	4/47	18/5817	1.05397800421487e-05	0.000689416048757072	0.000571296613751661	ENSG00000159189/ENSG00000171860/ENSG00000173369/ENSG00000173372	4	340
GO:0043312	neutrophil degranulation	9/47	181/5817	1.10013199269745e-05	0.000689416048757072	0.000571296613751661	ENSG00000117984/ENSG00000140678/ENSG00000143119/ENSG00000160255/ENSG00000171860/ENSG00000179163/ENSG00000011600/ENSG00000069424/ENSG00000111679	9	340
GO:0045766	positive regulation of angiogenesis	5/47	54/5817	6.51371351534173e-05	0.00293161764293974	0.00242933600870706	ENSG00000140678/ENSG00000160255/ENSG00000166501/ENSG00000171860/ENSG00000109458	5	340
GO:0042130	negative regulation of T cell proliferation	3/47	11/5817	7.79685543335038e-05	0.00293161764293974	0.00242933600870706	ENSG00000134460/ENSG00000177425/ENSG00000111679	3	340
GO:0006956	complement activation	3/47	12/5817	0.000103369170814757	0.00323890068552904	0.00268397145273403	ENSG00000159189/ENSG00000173369/ENSG00000173372	3	340
GO:0019221	cytokine-mediated signaling pathway	6/47	107/5817	0.000195830407669831	0.00460201458024104	0.00381353951778093	ENSG00000134460/ENSG00000140678/ENSG00000160255/ENSG00000182578/ENSG00000111679/ENSG00000162892	6	340
GO:0036498	IRE1-mediated unfolded protein response	2/4	21/5817	7.41622891730484e-05	0.0022990309643645	0.000234196702651732	ENSG00000090520/ENSG00000044574	2	71
GO:0006886	intracellular protein transport	2/2	138/5817	0.000558825469814203	0.00558825469814203	NA	ENSG00000100359/ENSG00000100280	2	29
GO:1900034	regulation of cellular response to heat	3/3	44/5817	4.03921752295225e-07	2.66588356514848e-05	1.27554237566913e-06	ENSG00000100393/ENSG00000126883/ENSG00000005339	3	30
GO:0007221	positive regulation of transcription of Notch receptor target	2/3	12/5817	1.16915889264855e-05	0.00033720714717594	1.61343132620067e-05	ENSG00000100393/ENSG00000005339	2	30
GO:0030511	positive regulation of transforming growth factor beta receptor signaling pathway	2/3	14/5817	1.61165206144391e-05	0.00033720714717594	1.61343132620067e-05	ENSG00000100393/ENSG00000005339	2	30
GO:0031648	protein destabilization	2/3	17/5817	2.40779330264296e-05	0.00033720714717594	1.61343132620067e-05	ENSG00000100393/ENSG00000005339	2	30
GO:0016573	histone acetylation	2/3	18/5817	2.70845638106731e-05	0.00033720714717594	1.61343132620067e-05	ENSG00000100393/ENSG00000005339	2	30
GO:1904837	beta-catenin-TCF complex assembly	2/3	21/5817	3.71620821469502e-05	0.00033720714717594	1.61343132620067e-05	ENSG00000100393/ENSG00000005339	2	30
GO:0016032	viral process	3/3	200/5817	4.0056692046553e-05	0.00033720714717594	1.61343132620067e-05	ENSG00000100393/ENSG00000126883/ENSG00000005339	3	30
GO:0034644	cellular response to UV	2/3	22/5817	4.08735935970836e-05	0.00033720714717594	1.61343132620067e-05	ENSG00000100393/ENSG00000005339	2	30
GO:0045747	positive regulation of Notch signaling pathway	2/3	24/5817	4.88247585227581e-05	0.000358048229166892	1.71314942185116e-05	ENSG00000100393/ENSG00000005339	2	30
GO:0032481	positive regulation of type I interferon production	2/3	26/5817	5.74797061693599e-05	0.000379366060717775	1.81514861587452e-05	ENSG00000100393/ENSG00000005339	2	30
GO:0061418	regulation of transcription from RNA polymerase II promoter in response to hypoxia	2/3	42/5817	0.000151996908230904	0.000911981449385422	4.36354760471494e-05	ENSG00000100393/ENSG00000005339	2	30
GO:0007219	Notch signaling pathway	2/3	47/5817	0.000190724781888186	0.00104898630038502	5.01907320758384e-05	ENSG00000100393/ENSG00000005339	2	30
GO:0002223	stimulatory C-type lectin receptor signaling pathway	2/3	55/5817	0.000261762430927833	0.001328947726249	6.35860156099998e-05	ENSG00000100393/ENSG00000005339	2	30
GO:0051726	regulation of cell cycle	2/3	59/5817	0.000301460521950263	0.00142117103205124	6.79986139737435e-05	ENSG00000100393/ENSG00000126883	2	30
GO:0001666	response to hypoxia	2/3	65/5817	0.000366220762162541	0.00161137135351518	7.70991078236929e-05	ENSG00000100393/ENSG00000005339	2	30
GO:0022617	extracellular matrix disassembly	3/14	18/5817	8.86781050245435e-06	0.000257166504571176	0.000186690747420092	ENSG00000100448/ENSG00000172236/ENSG00000092009	3	10
GO:0006508	proteolysis	4/14	127/5817	0.000183080958307903	0.0026546738954646	0.00192716798218845	ENSG00000100448/ENSG00000163751/ENSG00000172236/ENSG00000197253	4	10
GO:0061136	regulation of proteasomal protein catabolic process	2/3	10/5817	7.9733678126927e-06	0.00011960051719039	8.39301875020284e-06	ENSG00000100911/ENSG00000092010	2	2
GO:2000045	regulation of G1/S transition of mitotic cell cycle	2/3	10/5817	7.9733678126927e-06	0.00011960051719039	8.39301875020284e-06	ENSG00000100911/ENSG00000092010	2	2
GO:0006521	regulation of cellular amino acid metabolic process	2/3	32/5817	8.76623656793424e-05	0.000560919494845356	3.93627715680951e-05	ENSG00000100911/ENSG00000092010	2	2
GO:0010972	negative regulation of G2/M transition of mitotic cell cycle	2/3	34/5817	9.91275644542658e-05	0.000560919494845356	3.93627715680951e-05	ENSG00000100911/ENSG00000092010	2	2
GO:0038061	NIK/NF-kappaB signaling	2/3	40/5817	0.00013772926593628	0.000560919494845356	3.93627715680951e-05	ENSG00000100911/ENSG00000092010	2	2
GO:0061418	regulation of transcription from RNA polymerase II promoter in response to hypoxia	2/3	42/5817	0.000151996908230904	0.000560919494845356	3.93627715680951e-05	ENSG00000100911/ENSG00000092010	2	2
GO:0002479	antigen processing and presentation of exogenous peptide antigen via MHC class I, TAP-dependent	2/3	43/5817	0.000159393031479591	0.000560919494845356	3.93627715680951e-05	ENSG00000100911/ENSG00000092010	2	2
GO:1902036	regulation of hematopoietic stem cell differentiation	2/3	44/5817	0.000166963941466605	0.000560919494845356	3.93627715680951e-05	ENSG00000100911/ENSG00000092010	2	2
GO:0060071	Wnt signaling pathway, planar cell polarity pathway	2/3	49/5817	0.000207438157583599	0.000560919494845356	3.93627715680951e-05	ENSG00000100911/ENSG00000092010	2	2
GO:0031145	anaphase-promoting complex-dependent catabolic process	2/3	50/5817	0.000216056507064786	0.000560919494845356	3.93627715680951e-05	ENSG00000100911/ENSG00000092010	2	2
GO:0031146	SCF-dependent proteasomal ubiquitin-dependent protein catabolic process	2/3	54/5817	0.000252272892617416	0.000560919494845356	3.93627715680951e-05	ENSG00000100911/ENSG00000092010	2	2
GO:0070498	interleukin-1-mediated signaling pathway	2/3	54/5817	0.000252272892617416	0.000560919494845356	3.93627715680951e-05	ENSG00000100911/ENSG00000092010	2	2
GO:0002223	stimulatory C-type lectin receptor signaling pathway	2/3	55/5817	0.000261762430927833	0.000560919494845356	3.93627715680951e-05	ENSG00000100911/ENSG00000092010	2	2
GO:0038095	Fc-epsilon receptor signaling pathway	2/3	63/5817	0.000343939585568682	0.000606952209827086	4.25931375317253e-05	ENSG00000100911/ENSG00000092010	2	2
GO:0043488	regulation of mRNA stability	2/3	63/5817	0.000343939585568682	0.000606952209827086	4.25931375317253e-05	ENSG00000100911/ENSG00000092010	2	2
GO:0090263	positive regulation of canonical Wnt signaling pathway	2/3	72/5817	0.000449665189277822	0.000749441982129703	5.25924197985756e-05	ENSG00000100911/ENSG00000092010	2	2
GO:0090090	negative regulation of canonical Wnt signaling pathway	2/3	78/5817	0.000527937472161263	0.000833585482359889	5.84972268322729e-05	ENSG00000100911/ENSG00000092010	2	2
GO:0050852	T cell receptor signaling pathway	2/3	86/5817	0.000641966742125963	0.000962950113188945	6.75754465395751e-05	ENSG00000100911/ENSG00000092010	2	2
GO:0055085	transmembrane transport	2/3	93/5817	0.000750782023956367	0.0010725457485091	7.52663683164278e-05	ENSG00000100911/ENSG00000092010	2	2
GO:0000165	MAPK cascade	2/3	115/5817	0.00114745968788173	0.0014845256652592	0.000104177239667312	ENSG00000100911/ENSG00000092010	2	2
GO:0000209	protein polyubiquitination	2/3	117/5817	0.00118762053220736	0.0014845256652592	0.000104177239667312	ENSG00000100911/ENSG00000092010	2	2
GO:0016579	protein deubiquitination	2/3	126/5817	0.00137676579827319	0.00165211895792782	0.000115938172486163	ENSG00000100911/ENSG00000092010	2	2
GO:0008380	RNA splicing	2/3	88/5817	0.000672196918254043	0.00537757534603235	0.00141515140685062	ENSG00000108848/ENSG00000116754	2	42
GO:0060337	type I interferon signaling pathway	9/12	27/5817	4.89578468860113e-20	1.41977755969433e-18	8.24553210711769e-19	ENSG00000111331/ENSG00000111335/ENSG00000134321/ENSG00000135114/ENSG00000157601/ENSG00000187608/ENSG00000089127/ENSG00000119917/ENSG00000132530	9	4
GO:0009615	response to virus	8/12	50/5817	8.0038496984825e-15	1.16055820627996e-13	6.74008395661684e-14	ENSG00000111331/ENSG00000111335/ENSG00000134321/ENSG00000135114/ENSG00000137965/ENSG00000157601/ENSG00000089127/ENSG00000119917	8	4
GO:0051607	defense response to virus	8/12	72/5817	1.76029639634612e-13	1.52973432450151e-12	8.88411948893796e-13	ENSG00000111331/ENSG00000111335/ENSG00000134321/ENSG00000135114/ENSG00000157601/ENSG00000187608/ENSG00000089127/ENSG00000119917	8	4
GO:0045071	negative regulation of viral genome replication	6/12	17/5817	2.10997837862277e-13	1.52973432450151e-12	8.88411948893796e-13	ENSG00000111331/ENSG00000134321/ENSG00000135114/ENSG00000157601/ENSG00000187608/ENSG00000089127	6	4
GO:0006139	nucleobase-containing compound metabolic process	2/12	13/5817	0.000300514492538624	0.00145248671393668	0.000843549452739998	ENSG00000111331/ENSG00000111335	2	4
GO:0006614	SRP-dependent cotranslational protein targeting to membrane	2/2	49/5817	6.95206550832013e-05	0.000335366221332484	NA	ENSG00000114391/ENSG00000109475	2	51
GO:0019083	viral transcription	2/2	58/5817	9.77190840582753e-05	0.000335366221332484	NA	ENSG00000114391/ENSG00000109475	2	51
GO:0000184	nuclear-transcribed mRNA catabolic process, nonsense-mediated decay	2/2	62/5817	0.000111788740444161	0.000335366221332484	NA	ENSG00000114391/ENSG00000109475	2	51
GO:0006413	translational initiation	2/2	75/5817	0.000164047464163166	0.000369106794367125	NA	ENSG00000114391/ENSG00000109475	2	51
GO:0000027	ribosomal large subunit assembly	1/2	12/5817	0.00412193639143821	0.0052996325032777	NA	ENSG00000114391	1	51
GO:0007093	mitotic cell cycle checkpoint	1/2	12/5817	0.00412193639143821	0.0052996325032777	NA	ENSG00000114391	1	51
GO:0060041	retina development in camera-type eye	1/2	14/5817	0.00480809816316474	0.00540911043356034	NA	ENSG00000114391	1	51
GO:0006412	translation	2/2	86/5817	0.000216069723068963	0.00108034861534482	NA	ENSG00000116120/ENSG00000114686	2	57
GO:0006956	complement activation	1/2	12/5817	0.00412193639143821	0.00823961641623846	0.00216832010953644	ENSG00000000971	1	58
GO:0042391	regulation of membrane potential	1/2	12/5817	0.00412193639143821	0.00823961641623846	0.00216832010953644	ENSG00000162687	1	58
GO:0030449	regulation of complement activation	1/2	18/5817	0.00617971231217884	0.00823961641623846	0.00216832010953644	ENSG00000000971	1	58
GO:0042274	ribosomal small subunit biogenesis	1/2	10/5817	0.00343553815489817	0.00875534617384566	NA	ENSG00000124541	1	65
GO:0006906	vesicle fusion	1/2	11/5817	0.00377876683126999	0.00875534617384566	NA	ENSG00000102189	1	65
GO:0045022	early endosome to late endosome transport	1/2	16/5817	0.00549402347007855	0.00875534617384566	NA	ENSG00000102189	1	65
GO:0000462	maturation of SSU-rRNA from tricistronic rRNA transcript (SSU-rRNA, 5.8S rRNA, LSU-rRNA)	1/2	17/5817	0.00583689744923044	0.00875534617384566	NA	ENSG00000124541	1	65
GO:0010389	regulation of G2/M transition of mitotic cell cycle	2/3	36/5817	0.000111294106072422	0.00147050284944197	0.000185747728350564	ENSG00000127914/ENSG00000119397	2	3
GO:0097711	ciliary basal body-plasma membrane docking	2/3	37/5817	0.000117640227955357	0.00147050284944197	0.000185747728350564	ENSG00000127914/ENSG00000119397	2	3
GO:0000086	G2/M transition of mitotic cell cycle	2/3	64/5817	0.000354993420964343	0.00295827850803619	0.000373677285225624	ENSG00000127914/ENSG00000119397	2	3
GO:0009954	proximal/distal pattern formation	2/3	10/5817	7.9733678126927e-06	9.56804137523124e-05	NA	ENSG00000128710/ENSG00000128709	2	72
GO:0008344	adult locomotory behavior	2/3	18/5817	2.70845638106731e-05	0.000107426814531201	NA	ENSG00000128710/ENSG00000128709	2	72
GO:0048704	embryonic skeletal system morphogenesis	2/3	21/5817	3.71620821469502e-05	0.000107426814531201	NA	ENSG00000128710/ENSG00000128709	2	72
GO:0007338	single fertilization	2/3	22/5817	4.08735935970836e-05	0.000107426814531201	NA	ENSG00000128710/ENSG00000128709	2	72
GO:0007519	skeletal muscle tissue development	2/3	23/5817	4.47611727213336e-05	0.000107426814531201	NA	ENSG00000128710/ENSG00000128709	2	72
GO:0045944	positive regulation of transcription by RNA polymerase II	3/3	456/5817	0.000478805258550549	0.000820809014658084	NA	ENSG00000128710/ENSG00000175879/ENSG00000128709	3	72
GO:0035115	embryonic forelimb morphogenesis	1/3	12/5817	0.00617705879269381	0.00823607839025842	NA	ENSG00000128709	1	72
GO:0061512	protein localization to cilium	1/1	13/5817	0.00223482894963023	0.00974156208813174	NA	ENSG00000113966	1	76
GO:0007368	determination of left/right symmetry	1/1	15/5817	0.00257864878803493	0.00974156208813174	NA	ENSG00000113966	1	76
GO:0006612	protein targeting to membrane	1/1	17/5817	0.00292246862643952	0.00974156208813174	NA	ENSG00000113966	1	76
GO:0008283	cell proliferation	2/2	103/5817	0.000310537415945627	0.00496859865513003	NA	ENSG00000132780/ENSG00000107104	2	79
GO:0030325	adrenal gland development	1/2	10/5817	0.00343553815489817	0.00924016308347564	NA	ENSG00000137868	1	100
GO:0048844	artery morphogenesis	1/2	10/5817	0.00343553815489817	0.00924016308347564	NA	ENSG00000137868	1	100
GO:0001523	retinoid metabolic process	1/2	14/5817	0.00480809816316474	0.00924016308347564	NA	ENSG00000137868	1	100
GO:0048286	lung alveolus development	1/2	14/5817	0.00480809816316474	0.00924016308347564	NA	ENSG00000137868	1	100
GO:0048589	developmental growth	1/2	14/5817	0.00480809816316474	0.00924016308347564	NA	ENSG00000137868	1	100
GO:0050890	cognition	1/2	17/5817	0.00583689744923044	0.00924016308347564	NA	ENSG00000137868	1	100
GO:0001568	blood vessel development	1/2	18/5817	0.00617971231217884	0.00924016308347564	NA	ENSG00000137868	1	100
GO:0003281	ventricular septum development	1/2	18/5817	0.00617971231217884	0.00924016308347564	NA	ENSG00000137868	1	100
GO:0043010	camera-type eye development	1/2	18/5817	0.00617971231217884	0.00924016308347564	NA	ENSG00000137868	1	100
GO:0007612	learning	1/2	19/5817	0.00652246805892398	0.00924016308347564	NA	ENSG00000137868	1	100
GO:0060325	face morphogenesis	1/2	19/5817	0.00652246805892398	0.00924016308347564	NA	ENSG00000137868	1	100
GO:0071902	positive regulation of protein serine/threonine kinase activity	1/2	19/5817	0.00652246805892398	0.00924016308347564	NA	ENSG00000108950	1	100
GO:1901800	positive regulation of proteasomal protein catabolic process	1/2	11/5817	0.00377876683126999	0.00913145528249357	NA	ENSG00000139324	1	103
GO:0045022	early endosome to late endosome transport	1/2	16/5817	0.00549402347007855	0.00913145528249357	NA	ENSG00000051009	1	103
GO:0007032	endosome organization	1/2	19/5817	0.00652246805892398	0.00913145528249357	NA	ENSG00000051009	1	103
GO:0007040	lysosome organization	1/2	19/5817	0.00652246805892398	0.00913145528249357	NA	ENSG00000051009	1	103
GO:0008333	endosome to lysosome transport	1/2	19/5817	0.00652246805892398	0.00913145528249357	NA	ENSG00000051009	1	103
GO:0034976	response to endoplasmic reticulum stress	1/2	24/5817	0.00823536004960057	0.00960792005786733	NA	ENSG00000139324	1	103
GO:0007155	cell adhesion	2/2	163/5817	0.000780511232196859	0.00780511232196859	0.000821590770733536	ENSG00000140545/ENSG00000140511	2	109
GO:0006974	cellular response to DNA damage stimulus	2/2	108/5817	0.000341573422679198	0.00375730764947118	0.000719101942482523	ENSG00000143624/ENSG00000067369	2	118
GO:0015949	nucleobase-containing small molecule interconversion	1/2	13/5817	0.00446504683540327	0.00686812049963104	NA	ENSG00000143774	1	119
GO:0046034	ATP metabolic process	1/2	13/5817	0.00446504683540327	0.00686812049963104	NA	ENSG00000143774	1	119
GO:0008089	anterograde axonal transport	1/2	15/5817	0.00515109037472328	0.00686812049963104	NA	ENSG00000065000	1	119
GO:0006614	SRP-dependent cotranslational protein targeting to membrane	2/2	49/5817	6.95206550832013e-05	0.000223577480888323	NA	ENSG00000145592/ENSG00000071082	2	123
GO:0019083	viral transcription	2/2	58/5817	9.77190840582753e-05	0.000223577480888323	NA	ENSG00000145592/ENSG00000071082	2	123
GO:0000184	nuclear-transcribed mRNA catabolic process, nonsense-mediated decay	2/2	62/5817	0.000111788740444161	0.000223577480888323	NA	ENSG00000145592/ENSG00000071082	2	123
GO:0006413	translational initiation	2/2	75/5817	0.000164047464163166	0.00024607119624475	NA	ENSG00000145592/ENSG00000071082	2	123
GO:0016192	vesicle-mediated transport	2/2	54/5817	8.4595286925222e-05	8.4595286925222e-05	NA	ENSG00000146574/ENSG00000122674	2	126
GO:0007417	central nervous system development	1/1	36/5817	0.00618875709128408	0.00618875709128408	NA	ENSG00000150787	1	134
GO:0046326	positive regulation of glucose import	1/1	16/5817	0.00275055870723717	0.00773594636410468	NA	ENSG00000128989	1	159
GO:0032515	negative regulation of phosphoprotein phosphatase activity	1/1	18/5817	0.00309437854564187	0.00773594636410468	NA	ENSG00000128989	1	159
GO:0006479	protein methylation	1/2	14/5817	0.00480809816316474	0.00961619632632948	0.00506115596122604	ENSG00000139160	1	165
GO:0006614	SRP-dependent cotranslational protein targeting to membrane	2/2	49/5817	6.95206550832013e-05	0.00026084039436971	NA	ENSG00000162244/ENSG00000148303	2	167
GO:0019083	viral transcription	2/2	58/5817	9.77190840582753e-05	0.00026084039436971	NA	ENSG00000162244/ENSG00000148303	2	167
GO:0000184	nuclear-transcribed mRNA catabolic process, nonsense-mediated decay	2/2	62/5817	0.000111788740444161	0.00026084039436971	NA	ENSG00000162244/ENSG00000148303	2	167
GO:0006413	translational initiation	2/2	75/5817	0.000164047464163166	0.000287083062285541	NA	ENSG00000162244/ENSG00000148303	2	167
GO:0007566	embryo implantation	1/2	16/5817	0.00549402347007855	0.00617971231217884	NA	ENSG00000162244	1	167
GO:0006644	phospholipid metabolic process	2/2	20/5817	1.1232078627388e-05	0.000190945336665595	NA	ENSG00000162407/ENSG00000127472	2	168
GO:0051493	regulation of cytoskeleton organization	2/2	12/5817	3.90166941793476e-06	5.62786255435439e-05	NA	ENSG00000163220/ENSG00000143546	2	169
GO:0002224	toll-like receptor signaling pathway	2/2	16/5817	7.09394439624504e-06	5.62786255435439e-05	NA	ENSG00000163220/ENSG00000143546	2	169
GO:2001244	positive regulation of intrinsic apoptotic signaling pathway	2/2	17/5817	8.0398036490777e-06	5.62786255435439e-05	NA	ENSG00000163220/ENSG00000143546	2	169
GO:0042742	defense response to bacterium	2/2	23/5817	1.49563994354167e-05	6.85275028677269e-05	NA	ENSG00000163220/ENSG00000143546	2	169
GO:0030593	neutrophil chemotaxis	2/2	24/5817	1.63160721113635e-05	6.85275028677269e-05	NA	ENSG00000163220/ENSG00000143546	2	169
GO:0006919	activation of cysteine-type endopeptidase activity involved in apoptotic process	2/2	32/5817	2.93216368378128e-05	8.79649105134383e-05	NA	ENSG00000163220/ENSG00000143546	2	169
GO:0050729	positive regulation of inflammatory response	2/2	32/5817	2.93216368378128e-05	8.79649105134383e-05	NA	ENSG00000163220/ENSG00000143546	2	169
GO:0030307	positive regulation of cell growth	2/2	39/5817	4.38051066468131e-05	0.000114988404947884	NA	ENSG00000163220/ENSG00000143546	2	169
GO:0006914	autophagy	2/2	53/5817	8.14621281502139e-05	0.000190078299017166	NA	ENSG00000163220/ENSG00000143546	2	169
GO:0051092	positive regulation of NF-kappaB transcription factor activity	2/2	65/5817	0.000122961702868247	0.000258219576023319	NA	ENSG00000163220/ENSG00000143546	2	169
GO:0006954	inflammatory response	2/2	127/5817	0.000472988742619638	0.00090297850863749	NA	ENSG00000163220/ENSG00000143546	2	169
GO:0045087	innate immune response	2/2	135/5817	0.000534706058866969	0.000935735603017197	NA	ENSG00000163220/ENSG00000143546	2	169
GO:0043312	neutrophil degranulation	2/2	181/5817	0.000963002951790264	0.00155562015289197	NA	ENSG00000163220/ENSG00000143546	2	169
GO:0006915	apoptotic process	2/2	224/5817	0.0014764862936718	0.0022147294405077	NA	ENSG00000163220/ENSG00000143546	2	169
GO:0061844	antimicrobial humoral immune response mediated by antimicrobial peptide	1/2	13/5817	0.00446504683540327	0.00625106556956458	NA	ENSG00000163220	1	169
GO:0061844	antimicrobial humoral immune response mediated by antimicrobial peptide	3/4	13/5817	3.48452429650606e-08	6.27214373371091e-07	2.20075218726699e-07	ENSG00000163734/ENSG00000163739/ENSG00000081041	3	8
GO:0070098	chemokine-mediated signaling pathway	3/4	23/5817	2.15493762273422e-07	1.47748040156899e-06	5.18414175989118e-07	ENSG00000163734/ENSG00000163739/ENSG00000081041	3	8
GO:0030593	neutrophil chemotaxis	3/4	24/5817	2.46246733594831e-07	1.47748040156899e-06	5.18414175989118e-07	ENSG00000163734/ENSG00000163739/ENSG00000081041	3	8
GO:0071222	cellular response to lipopolysaccharide	3/4	57/5817	3.5446758426455e-06	1.59510412919047e-05	5.59685659365079e-06	ENSG00000163734/ENSG00000163739/ENSG00000081041	3	8
GO:0006955	immune response	3/4	94/5817	1.61605872542891e-05	5.81781141154407e-05	2.04133733738388e-05	ENSG00000163734/ENSG00000163739/ENSG00000081041	3	8
GO:0006954	inflammatory response	3/4	127/5817	4.0019163819401e-05	0.000120057491458203	4.21254355993695e-05	ENSG00000163734/ENSG00000163739/ENSG00000081041	3	8
GO:0007186	G protein-coupled receptor signaling pathway	3/4	175/5817	0.000104731096939791	0.000269308534988035	9.44942228028191e-05	ENSG00000163734/ENSG00000163739/ENSG00000081041	3	8
GO:0006935	chemotaxis	2/4	42/5817	0.000302600372473066	0.000680850838064398	0.000238895030899789	ENSG00000163739/ENSG00000081041	2	8
GO:0002230	positive regulation of defense response to virus by host	2/2	11/5817	3.2513911816123e-06	5.07217024331521e-05	2.42687571450488e-06	ENSG00000163840/ENSG00000138496	2	171
GO:1900182	positive regulation of protein localization to nucleus	2/2	13/5817	4.61106385755928e-06	5.07217024331521e-05	2.42687571450488e-06	ENSG00000163840/ENSG00000138496	2	171
GO:0006302	double-strand break repair	2/2	26/5817	1.92127660731636e-05	0.000140893617869867	6.74132142918022e-06	ENSG00000163840/ENSG00000138496	2	171
GO:0051607	defense response to virus	2/2	72/5817	0.000151101015640019	0.000831055586020106	3.97634251684261e-05	ENSG00000163840/ENSG00000138496	2	171
GO:0045087	innate immune response	2/2	135/5817	0.000534706058866969	0.00235270665901467	0.000112569696603573	ENSG00000163840/ENSG00000138496	2	171
GO:0045893	positive regulation of transcription, DNA-templated	2/2	252/5817	0.00186960904563038	0.00685523316731138	0.000328001586952698	ENSG00000163840/ENSG00000138496	2	171
GO:0001835	blastocyst hatching	1/1	10/5817	0.0017190991920234	0.00283651366683813	NA	ENSG00000139679	1	179
GO:0035025	positive regulation of Rho protein signal transduction	1/1	11/5817	0.00189100911122542	0.00283651366683813	NA	ENSG00000139679	1	179
GO:0055114	oxidation-reduction process	2/2	167/5817	0.000819409693969603	0.00573586785778722	NA	ENSG00000164647/ENSG00000157214	2	180
GO:0045055	regulated exocytosis	1/2	10/5817	0.00343553815489817	0.00961785158002249	NA	ENSG00000157214	1	180
GO:0006893	Golgi to plasma membrane transport	1/2	12/5817	0.00412193639143821	0.00961785158002249	NA	ENSG00000157214	1	180
GO:0007041	lysosomal transport	1/2	10/5817	0.00343553815489817	0.00893009367080655	0.0015666831001415	ENSG00000165102	1	183
GO:0045742	positive regulation of epidermal growth factor receptor signaling pathway	1/2	10/5817	0.00343553815489817	0.00893009367080655	0.0015666831001415	ENSG00000160410	1	183
GO:0006027	glycosaminoglycan catabolic process	1/2	13/5817	0.00446504683540327	0.00893009367080655	0.0015666831001415	ENSG00000165102	1	183
GO:0055114	oxidation-reduction process	2/2	167/5817	0.000819409693969603	0.00245822908190881	NA	ENSG00000165661/ENSG00000059573	2	186
GO:0061512	protein localization to cilium	1/1	13/5817	0.00223482894963023	0.00223482894963023	NA	ENSG00000168026	1	200
GO:0006606	protein import into nucleus	2/3	35/5817	0.000105123197906411	0.00767399344716803	0.00121721597575845	ENSG00000168610/ENSG00000145675	2	203
GO:0006508	proteolysis	3/4	127/5817	4.0019163819401e-05	0.000351453526016717	NA	ENSG00000169035/ENSG00000129455/ENSG00000167754	3	207
GO:0022617	extracellular matrix disassembly	2/4	18/5817	5.4069773233341e-05	0.000351453526016717	NA	ENSG00000169035/ENSG00000167754	2	207
GO:0008544	epidermis development	2/4	27/5817	0.000123786164671894	0.000465130363816019	NA	ENSG00000169035/ENSG00000167754	2	207
GO:0009611	response to wounding	2/4	29/5817	0.000143117035020314	0.000465130363816019	NA	ENSG00000167755/ENSG00000129455	2	207
GO:0060828	regulation of canonical Wnt signaling pathway	1/1	11/5817	0.00189100911122542	0.00601684717208151	0.000904789048433309	ENSG00000169862	1	212
GO:0007043	cell-cell junction assembly	1/1	12/5817	0.00206291903042799	0.00601684717208151	0.000904789048433309	ENSG00000169862	1	212
GO:0050808	synapse organization	1/1	15/5817	0.00257864878803493	0.00601684717208151	0.000904789048433309	ENSG00000169862	1	212
GO:0031424	keratinization	2/4	16/5817	4.24271477925686e-05	0.000535841110082363	9.40072122951514e-05	ENSG00000170421/ENSG00000111057	2	297
GO:0070268	cornification	2/4	21/5817	7.41622891730484e-05	0.000535841110082363	9.40072122951514e-05	ENSG00000170421/ENSG00000111057	2	297
GO:0097191	extrinsic apoptotic signaling pathway	2/4	23/5817	8.93068516803938e-05	0.000535841110082363	9.40072122951514e-05	ENSG00000170421/ENSG00000111057	2	297
GO:0033209	tumor necrosis factor-mediated signaling pathway	2/4	61/5817	0.000640347642341006	0.00288156439053453	0.000505537612374478	ENSG00000170421/ENSG00000111057	2	297
GO:0006986	response to unfolded protein	2/2	23/5817	1.49563994354167e-05	0.000164520393789583	1.57435783530702e-05	ENSG00000170606/ENSG00000113013	2	214
GO:0016226	iron-sulfur cluster assembly	1/2	10/5817	0.00343553815489817	0.00713398577128165	0.000682678064237478	ENSG00000113013	1	214
GO:0051131	chaperone-mediated protein complex assembly	1/2	10/5817	0.00343553815489817	0.00713398577128165	0.000682678064237478	ENSG00000170606	1	214
GO:0034620	cellular response to unfolded protein	1/2	12/5817	0.00412193639143821	0.00713398577128165	0.000682678064237478	ENSG00000113013	1	214
GO:0006611	protein export from nucleus	1/2	13/5817	0.00446504683540327	0.00713398577128165	0.000682678064237478	ENSG00000113013	1	214
GO:0042026	protein refolding	1/2	13/5817	0.00446504683540327	0.00713398577128165	0.000682678064237478	ENSG00000113013	1	214
GO:0030218	erythrocyte differentiation	1/2	16/5817	0.00549402347007855	0.00713398577128165	0.000682678064237478	ENSG00000113013	1	214
GO:0051085	chaperone cofactor-dependent protein refolding	1/2	16/5817	0.00549402347007855	0.00713398577128165	0.000682678064237478	ENSG00000113013	1	214
GO:0035722	interleukin-12-mediated signaling pathway	1/2	17/5817	0.00583689744923044	0.00713398577128165	0.000682678064237478	ENSG00000113013	1	214
GO:0034605	cellular response to heat	1/2	25/5817	0.00857776109912611	0.00943553720903872	0.000902922220960644	ENSG00000113013	1	214
GO:1901687	glutathione derivative biosynthetic process	1/2	10/5817	0.00343553815489817	0.00915355291928795	NA	ENSG00000170899	1	216
GO:0006749	glutathione metabolic process	1/2	15/5817	0.00515109037472328	0.00915355291928795	NA	ENSG00000170899	1	216
GO:0006805	xenobiotic metabolic process	1/2	20/5817	0.00686516468946596	0.00915355291928795	NA	ENSG00000170899	1	216
GO:0016226	iron-sulfur cluster assembly	1/2	10/5817	0.00343553815489817	0.00926956846826826	0.00162624008215233	ENSG00000151413	1	217
GO:0070584	mitochondrion morphogenesis	1/2	14/5817	0.00480809816316474	0.00926956846826826	0.00162624008215233	ENSG00000151413	1	217
GO:0061077	chaperone-mediated protein folding	1/2	17/5817	0.00583689744923044	0.00926956846826826	0.00162624008215233	ENSG00000170946	1	217
GO:0032781	positive regulation of ATPase activity	1/2	18/5817	0.00617971231217884	0.00926956846826826	0.00162624008215233	ENSG00000170946	1	217
GO:0042493	response to drug	2/2	77/5817	0.000172974010861775	0.0020756881303413	NA	ENSG00000171793/ENSG00000073050	2	221
GO:0006614	SRP-dependent cotranslational protein targeting to membrane	3/3	49/5817	5.61903833002658e-07	2.30690435998269e-06	NA	ENSG00000171858/ENSG00000197756/ENSG00000105640	3	222
GO:0019083	viral transcription	3/3	58/5817	9.41060826700505e-07	2.30690435998269e-06	NA	ENSG00000171858/ENSG00000197756/ENSG00000105640	3	222
GO:0000184	nuclear-transcribed mRNA catabolic process, nonsense-mediated decay	3/3	62/5817	1.15345217999134e-06	2.30690435998269e-06	NA	ENSG00000171858/ENSG00000197756/ENSG00000105640	3	222
GO:0006413	translational initiation	3/3	75/5817	2.05940926636477e-06	3.08911389954715e-06	NA	ENSG00000171858/ENSG00000197756/ENSG00000105640	3	222
GO:0090502	RNA phosphodiester bond hydrolysis, endonucleolytic	1/1	28/5817	0.00481347773766549	0.00962695547533099	NA	ENSG00000172336	1	223
GO:0009083	branched-chain amino acid catabolic process	1/1	13/5817	0.00223482894963023	0.00924015815712553	NA	ENSG00000072506	1	232
GO:0051289	protein homotetramerization	1/1	36/5817	0.00618875709128408	0.00924015815712553	NA	ENSG00000072506	1	232
GO:0006629	lipid metabolic process	1/1	42/5817	0.00722021660649796	0.00924015815712553	NA	ENSG00000072506	1	232
GO:0007005	mitochondrion organization	1/1	43/5817	0.00739212652570043	0.00924015815712553	NA	ENSG00000072506	1	232
GO:0000281	mitotic cytokinesis	1/2	19/5817	0.00652246805892398	0.00755038060193991	NA	ENSG00000096093	1	233
GO:0021762	substantia nigra development	1/2	20/5817	0.00686516468946596	0.00755038060193991	NA	ENSG00000175455	1	233
GO:0007052	mitotic spindle organization	1/2	22/5817	0.00755038060193991	0.00755038060193991	NA	ENSG00000096093	1	233
GO:0006355	regulation of transcription, DNA-templated	2/2	203/5817	0.00121205951630177	0.0036361785489053	0.00127585212242291	ENSG00000176293/ENSG00000121413	2	235
GO:0009653	anatomical structure morphogenesis	2/2	31/5817	2.74890345354495e-05	0.000687225863386239	8.6807477480367e-05	ENSG00000176692/ENSG00000176678	2	236
GO:0007507	heart development	2/2	77/5817	0.000172974010861775	0.00216217513577218	0.000273116859255434	ENSG00000176692/ENSG00000176678	2	236
GO:0030154	cell differentiation	2/2	158/5817	0.000733218269555226	0.00611015224629355	0.000771808704794975	ENSG00000176692/ENSG00000176678	2	236
GO:0048662	negative regulation of smooth muscle cell proliferation	1/1	12/5817	0.00206291903042799	0.00664718354249046	NA	ENSG00000178585	1	242
GO:0043392	negative regulation of DNA binding	1/1	15/5817	0.00257864878803493	0.00664718354249046	NA	ENSG00000178585	1	242
GO:0030178	negative regulation of Wnt signaling pathway	1/1	16/5817	0.00275055870723717	0.00664718354249046	NA	ENSG00000178585	1	242
GO:0032091	negative regulation of protein binding	1/1	26/5817	0.00446965789926057	0.00664718354249046	NA	ENSG00000178585	1	242
GO:0043433	negative regulation of DNA-binding transcription factor activity	1/1	28/5817	0.00481347773766549	0.00664718354249046	NA	ENSG00000178585	1	242
GO:0045669	positive regulation of osteoblast differentiation	1/1	29/5817	0.00498538765686785	0.00664718354249046	NA	ENSG00000178585	1	242
GO:0009952	anterior/posterior pattern specification	1/1	46/5817	0.00790785628330737	0.00903755003806556	NA	ENSG00000178585	1	242
GO:0050776	regulation of immune response	2/3	51/5817	0.000224849216305703	0.00157394451413992	NA	ENSG00000160593/ENSG00000158481	2	245
GO:0009952	anterior/posterior pattern specification	2/2	46/5817	6.11852704176133e-05	0.00055066743375852	6.4405547808014e-05	ENSG00000180818/ENSG00000123364	2	249
GO:0006509	membrane protein ectodomain proteolysis	1/1	11/5817	0.00189100911122542	0.00550111741447434	NA	ENSG00000182240	1	255
GO:0030163	protein catabolic process	1/1	16/5817	0.00275055870723717	0.00550111741447434	NA	ENSG00000182240	1	255
GO:0042593	glucose homeostasis	1/1	32/5817	0.00550111741447457	0.00733482321929942	NA	ENSG00000182240	1	255
GO:0036297	interstrand cross-link repair	1/2	12/5817	0.00412193639143821	0.00412193639143821	NA	ENSG00000181544	1	256
GO:0017157	regulation of exocytosis	1/1	11/5817	0.00189100911122542	0.00515729757606986	NA	ENSG00000080371	1	258
GO:0008089	anterograde axonal transport	1/1	15/5817	0.00257864878803493	0.00515729757606986	NA	ENSG00000080371	1	258
GO:0032482	Rab protein signal transduction	1/1	29/5817	0.00498538765686785	0.00664718354249046	NA	ENSG00000080371	1	258
GO:0051028	mRNA transport	1/1	15/5817	0.00257864878803493	0.00515729757606986	NA	ENSG00000183426	1	259
GO:0005977	glycogen metabolic process	1/1	10/5817	0.0017190991920234	0.00378201822245139	NA	ENSG00000184203	1	261
GO:0009966	regulation of signal transduction	1/1	10/5817	0.0017190991920234	0.00378201822245139	NA	ENSG00000184203	1	261
GO:0032515	negative regulation of phosphoprotein phosphatase activity	1/1	18/5817	0.00309437854564187	0.00378201822245139	NA	ENSG00000184203	1	261
GO:0043666	regulation of phosphoprotein phosphatase activity	1/1	20/5817	0.00343819838404669	0.00378201822245139	NA	ENSG00000184203	1	261
GO:0006091	generation of precursor metabolites and energy	1/1	22/5817	0.00378201822245139	0.00378201822245139	NA	ENSG00000184203	1	261
GO:0006334	nucleosome assembly	4/6	20/5817	1.5182151359162e-09	5.92103903007317e-08	1.91774543484151e-08	ENSG00000184678/ENSG00000187837/ENSG00000197903/ENSG00000276180	4	264
GO:0061844	antimicrobial humoral immune response mediated by antimicrobial peptide	2/6	13/5817	6.8817729916746e-05	0.00134194573337655	0.000434638294211027	ENSG00000184678/ENSG00000197903	2	264
GO:0050830	defense response to Gram-positive bacterium	2/6	18/5817	0.000134679102098203	0.00175082832727664	0.000567069903571381	ENSG00000184678/ENSG00000197903	2	264
GO:0045071	negative regulation of viral genome replication	2/2	17/5817	8.0398036490777e-06	8.84378401398547e-05	8.46295120955547e-06	ENSG00000185885/ENSG00000142089	2	269
GO:0060337	type I interferon signaling pathway	2/2	27/5817	2.07497873590167e-05	0.000114123830474592	1.0920940715272e-05	ENSG00000185885/ENSG00000142089	2	269
GO:0009615	response to virus	2/2	50/5817	7.24173490450013e-05	0.000265530279831672	2.54095961561408e-05	ENSG00000185885/ENSG00000142089	2	269
GO:0051607	defense response to virus	2/2	72/5817	0.000151101015640019	0.000415527793010053	3.97634251684261e-05	ENSG00000185885/ENSG00000142089	2	269
GO:0050776	regulation of immune response	2/2	51/5817	7.53731592101034e-05	0.00022611947763031	NA	ENSG00000186470/ENSG00000026950	2	273
GO:0050852	T cell receptor signaling pathway	2/2	86/5817	0.000216069723068963	0.000324104584603445	NA	ENSG00000186470/ENSG00000026950	2	273
GO:0032259	methylation	2/2	21/5817	1.24144026934288e-05	2.48288053868576e-05	1.30677923088724e-05	ENSG00000186523/ENSG00000145002	2	275
GO:0007018	microtubule-based movement	1/1	26/5817	0.00446965789926057	0.00954100051572965	NA	ENSG00000186638	1	276
GO:0097711	ciliary basal body-plasma membrane docking	1/1	37/5817	0.00636066701048643	0.00954100051572965	NA	ENSG00000186638	1	276
GO:0060271	cilium assembly	1/1	56/5817	0.00962695547533088	0.00962695547533088	NA	ENSG00000186638	1	276
GO:0002088	lens development in camera-type eye	1/1	11/5817	0.00189100911122542	0.00378201822245083	NA	ENSG00000127377	1	277
GO:0007601	visual perception	1/1	45/5817	0.00773594636410502	0.00773594636410502	NA	ENSG00000127377	1	277
GO:0034620	cellular response to unfolded protein	1/1	12/5817	0.00206291903042799	0.00429774798005822	NA	ENSG00000187522	1	279
GO:0042026	protein refolding	1/1	13/5817	0.00223482894963023	0.00429774798005822	NA	ENSG00000187522	1	279
GO:0051085	chaperone cofactor-dependent protein refolding	1/1	16/5817	0.00275055870723717	0.00429774798005822	NA	ENSG00000187522	1	279
GO:0002181	cytoplasmic translation	1/1	18/5817	0.00309437854564187	0.00429774798005822	NA	ENSG00000187522	1	279
GO:0006986	response to unfolded protein	1/1	23/5817	0.00395392814165363	0.00429774798005822	NA	ENSG00000187522	1	279
GO:0034605	cellular response to heat	1/1	25/5817	0.00429774798005822	0.00429774798005822	NA	ENSG00000187522	1	279
GO:0036297	interstrand cross-link repair	1/1	12/5817	0.00206291903042799	0.00326628846484422	NA	ENSG00000187790	1	281
GO:0090305	nucleic acid phosphodiester bond hydrolysis	1/1	19/5817	0.00326628846484422	0.00326628846484422	NA	ENSG00000187790	1	281
GO:0010801	negative regulation of peptidyl-threonine phosphorylation	1/1	12/5817	0.00206291903042799	0.00464156781846281	NA	ENSG00000188766	1	285
GO:0000188	inactivation of MAPK activity	1/1	18/5817	0.00309437854564187	0.00464156781846281	NA	ENSG00000188766	1	285
GO:0042177	negative regulation of protein catabolic process	1/2	16/5817	0.00549402347007855	0.00972816241538406	NA	ENSG00000189091	1	286
GO:0000375	RNA splicing, via transesterification reactions	1/2	17/5817	0.00583689744923044	0.00972816241538406	NA	ENSG00000189091	1	286
GO:0046513	ceramide biosynthetic process	1/2	17/5817	0.00583689744923044	0.00972816241538406	NA	ENSG00000139624	1	286
GO:0006357	regulation of transcription by RNA polymerase II	2/2	436/5817	0.00560598955913264	0.00560598955913264	NA	ENSG00000196109/ENSG00000160321	2	287
GO:0019886	antigen processing and presentation of exogenous peptide antigen via MHC class II	10/11	45/5817	2.87711091546164e-21	1.03575992956619e-19	7.26849073379783e-20	ENSG00000196126/ENSG00000196735/ENSG00000198502/ENSG00000204252/ENSG00000204257/ENSG00000204287/ENSG00000223865/ENSG00000231389/ENSG00000179344/ENSG00000019582	10	316
GO:0060333	interferon-gamma-mediated signaling pathway	8/11	30/5817	2.95448867268266e-17	5.31807961082879e-16	3.73198569180967e-16	ENSG00000196126/ENSG00000196735/ENSG00000198502/ENSG00000204287/ENSG00000223865/ENSG00000231389/ENSG00000179344/ENSG00000179583	8	316
GO:0002250	adaptive immune response	8/11	51/5817	3.18331399672243e-15	3.81997679606692e-14	2.68068547092415e-14	ENSG00000196126/ENSG00000196735/ENSG00000198502/ENSG00000204252/ENSG00000204257/ENSG00000204287/ENSG00000223865/ENSG00000231389	8	316
GO:0050852	T cell receptor signaling pathway	7/11	86/5817	3.7936878122222e-11	3.41431903099998e-10	2.3960133550877e-10	ENSG00000196126/ENSG00000196735/ENSG00000198502/ENSG00000204287/ENSG00000223865/ENSG00000231389/ENSG00000179344	7	316
GO:0050870	positive regulation of T cell activation	2/11	10/5817	0.000145109217637971	0.000870655305827828	0.0006109861795283	ENSG00000223865/ENSG00000231389	2	316
GO:0032729	positive regulation of interferon-gamma production	2/11	18/5817	0.000489313502731479	0.00220191076229165	0.00154520053494151	ENSG00000223865/ENSG00000231389	2	316
GO:0006357	regulation of transcription by RNA polymerase II	3/4	436/5817	0.00158012072538892	0.00790060362694458	0.00665313989637438	ENSG00000196378/ENSG00000197162/ENSG00000054267	3	293
GO:0060333	interferon-gamma-mediated signaling pathway	2/2	30/5817	2.57155484363882e-05	0.000177939771939146	1.87305023093838e-05	ENSG00000198019/ENSG00000150337	2	300
GO:0006898	receptor-mediated endocytosis	2/2	42/5817	5.08990510430581e-05	0.000177939771939146	1.87305023093838e-05	ENSG00000198019/ENSG00000150337	2	300
GO:0002479	antigen processing and presentation of exogenous peptide antigen via MHC class I, TAP-dependent	2/2	43/5817	5.33819315817439e-05	0.000177939771939146	1.87305023093838e-05	ENSG00000198019/ENSG00000150337	2	300
GO:0006955	immune response	2/2	94/5817	0.000258396924633226	0.000645992311583064	6.79991906929541e-05	ENSG00000198019/ENSG00000150337	2	300
GO:0006911	phagocytosis, engulfment	1/2	13/5817	0.00446504683540327	0.00893009367080655	0.0009400098600849	ENSG00000150337	1	300
GO:0043161	proteasome-mediated ubiquitin-dependent protein catabolic process	2/2	101/5817	0.000298536826675312	0.00447805240012967	0.00062849858247434	ENSG00000204977/ENSG00000170633	2	305
GO:0035249	synaptic transmission, glutamatergic	1/2	10/5817	0.00343553815489817	0.00687107630979633	NA	ENSG00000125814	1	307
GO:0006851	mitochondrial calcium ion transmembrane transport	1/2	13/5817	0.00446504683540327	0.00446504683540327	NA	ENSG00000183172	1	310
GO:0070507	regulation of microtubule cytoskeleton organization	1/1	11/5817	0.00189100911122542	0.00550111741447434	NA	ENSG00000204104	1	313
GO:0042073	intraciliary transport	1/1	12/5817	0.00206291903042799	0.00550111741447434	NA	ENSG00000204104	1	313
GO:0032480	negative regulation of type I interferon production	1/1	15/5817	0.00257864878803493	0.00550111741447434	NA	ENSG00000204104	1	313
GO:0035735	intraciliary transport involved in cilium assembly	1/1	16/5817	0.00275055870723717	0.00550111741447434	NA	ENSG00000204104	1	313
GO:0042733	embryonic digit morphogenesis	1/1	22/5817	0.00378201822245139	0.00605122915592222	NA	ENSG00000204104	1	313
GO:0001822	kidney development	1/1	36/5817	0.00618875709128408	0.00805520764262381	NA	ENSG00000204104	1	313
GO:0001933	negative regulation of protein phosphorylation	1/1	41/5817	0.00704830668729584	0.00805520764262381	NA	ENSG00000204104	1	313
GO:0060271	cilium assembly	1/1	56/5817	0.00962695547533088	0.00962695547533088	NA	ENSG00000204104	1	313
GO:0060337	type I interferon signaling pathway	2/2	27/5817	2.07497873590167e-05	0.000663993195488536	4.36837628610879e-05	ENSG00000204525/ENSG00000204264	2	320
GO:0002479	antigen processing and presentation of exogenous peptide antigen via MHC class I, TAP-dependent	2/2	43/5817	5.33819315817439e-05	0.000854110905307902	5.61915069281515e-05	ENSG00000204525/ENSG00000204264	2	320
GO:0006417	regulation of translation	1/1	20/5817	0.00343819838404669	0.00446965789926057	NA	ENSG00000204842	1	321
GO:0016070	RNA metabolic process	1/1	26/5817	0.00446965789926057	0.00446965789926057	NA	ENSG00000204842	1	321
GO:1901687	glutathione derivative biosynthetic process	2/2	10/5817	2.66022914859189e-06	7.98068744577568e-06	NA	ENSG00000213366/ENSG00000168765	2	333
GO:0006749	glutathione metabolic process	2/2	15/5817	6.20720134671441e-06	9.31080202007161e-06	NA	ENSG00000213366/ENSG00000168765	2	333
GO:0050790	regulation of catalytic activity	2/2	33/5817	3.12133553434782e-05	0.000499413685495651	6.57123270389014e-05	ENSG00000213654/ENSG00000015285	2	334
GO:0006954	inflammatory response	2/2	127/5817	0.000472988742619638	0.00270013258582077	NA	ENSG00000213906/ENSG00000213903	2	335
GO:0007186	G protein-coupled receptor signaling pathway	2/2	175/5817	0.000900044195273589	0.00270013258582077	NA	ENSG00000213906/ENSG00000213903	2	335
GO:0031175	neuron projection development	1/1	49/5817	0.00842358604091442	0.00842358604091442	NA	ENSG00000221890	1	339
GO:0006614	SRP-dependent cotranslational protein targeting to membrane	2/2	49/5817	6.95206550832013e-05	0.000335366221332484	3.92241194540917e-05	ENSG00000231500/ENSG00000198034	2	344
GO:0019083	viral transcription	2/2	58/5817	9.77190840582753e-05	0.000335366221332484	3.92241194540917e-05	ENSG00000231500/ENSG00000198034	2	344
GO:0000184	nuclear-transcribed mRNA catabolic process, nonsense-mediated decay	2/2	62/5817	0.000111788740444161	0.000335366221332484	3.92241194540917e-05	ENSG00000231500/ENSG00000198034	2	344
GO:0006413	translational initiation	2/2	75/5817	0.000164047464163166	0.000369106794367125	4.31703853060964e-05	ENSG00000231500/ENSG00000198034	2	344
GO:1905515	non-motile cilium assembly	1/1	15/5817	0.00257864878803493	0.00504269096326852	NA	ENSG00000110318	1	345
GO:0031122	cytoplasmic microtubule organization	1/1	18/5817	0.00309437854564187	0.00504269096326852	NA	ENSG00000110318	1	345
GO:0007052	mitotic spindle organization	1/1	22/5817	0.00378201822245139	0.00504269096326852	NA	ENSG00000110318	1	345
GO:0060271	cilium assembly	1/1	56/5817	0.00962695547533088	0.00962695547533088	NA	ENSG00000110318	1	345
GO:0002250	adaptive immune response	2/2	51/5817	7.53731592101034e-05	0.000376865796050517	7.93401675895826e-05	ENSG00000244482/ENSG00000204577	2	350
GO:0006956	complement activation	2/2	12/5817	3.90166941793476e-06	2.15182980019433e-05	2.83135500025569e-06	ENSG00000244731/ENSG00000224389	2	351
GO:0006958	complement activation, classical pathway	2/2	14/5817	5.37957450048582e-06	2.15182980019433e-05	2.83135500025569e-06	ENSG00000244731/ENSG00000224389	2	351
GO:0030449	regulation of complement activation	2/2	18/5817	9.04477910521242e-06	2.41194109472331e-05	3.17360670358331e-06	ENSG00000244731/ENSG00000224389	2	351
GO:0010951	negative regulation of endopeptidase activity	2/2	31/5817	2.74890345354495e-05	5.49780690708991e-05	7.23395645669725e-06	ENSG00000244731/ENSG00000224389	2	351
GO:0006954	inflammatory response	2/2	127/5817	0.000472988742619638	0.000712941411822626	9.38080805029771e-05	ENSG00000244731/ENSG00000224389	2	351
GO:0045087	innate immune response	2/2	135/5817	0.000534706058866969	0.000712941411822626	9.38080805029771e-05	ENSG00000244731/ENSG00000224389	2	351
GO:0007156	homophilic cell adhesion via plasma membrane adhesion molecules	2/2	45/5817	5.85250412690216e-05	0.000175575123807065	NA	ENSG00000248383/ENSG00000243232	2	352
GO:0007399	nervous system development	2/2	97/5817	0.000275245042574307	0.00041286756386146	NA	ENSG00000248383/ENSG00000243232	2	352
GO:0007155	cell adhesion	2/2	163/5817	0.000780511232196859	0.000780511232196859	NA	ENSG00000248383/ENSG00000243232	2	352
GO:0007018	microtubule-based movement	1/1	26/5817	0.00446965789926057	0.00446965789926057	NA	ENSG00000197653	1	354
GO:0043010	camera-type eye development	1/1	18/5817	0.00309437854564187	0.00799381124290832	NA	ENSG00000180660	1	355
GO:0009653	anatomical structure morphogenesis	1/1	31/5817	0.00532920749527221	0.00799381124290832	NA	ENSG00000180660	1	355
GO:0006635	fatty acid beta-oxidation	1/1	26/5817	0.00446965789926057	0.00446965789926057	NA	ENSG00000205560	1	356
GO:0001958	endochondral ossification	1/1	10/5817	0.0017190991920234	0.00793430396318466	0.000556793260574362	ENSG00000153162	1	362
GO:0010862	positive regulation of pathway-restricted SMAD protein phosphorylation	1/1	10/5817	0.0017190991920234	0.00793430396318466	0.000556793260574362	ENSG00000153162	1	362
GO:0048468	cell development	1/1	10/5817	0.0017190991920234	0.00793430396318466	0.000556793260574362	ENSG00000153162	1	362
GO:0032332	positive regulation of chondrocyte differentiation	1/1	11/5817	0.00189100911122542	0.00793430396318466	0.000556793260574362	ENSG00000153162	1	362
GO:0050714	positive regulation of protein secretion	1/1	16/5817	0.00275055870723717	0.00793430396318466	0.000556793260574362	ENSG00000153162	1	362
GO:0051384	response to glucocorticoid	1/1	16/5817	0.00275055870723717	0.00793430396318466	0.000556793260574362	ENSG00000153162	1	362
GO:0032526	response to retinoic acid	1/1	17/5817	0.00292246862643952	0.00793430396318466	0.000556793260574362	ENSG00000153162	1	362
GO:0043408	regulation of MAPK cascade	1/1	17/5817	0.00292246862643952	0.00793430396318466	0.000556793260574362	ENSG00000153162	1	362
GO:0060395	SMAD protein signal transduction	1/1	17/5817	0.00292246862643952	0.00793430396318466	0.000556793260574362	ENSG00000153162	1	362
GO:0006879	cellular iron ion homeostasis	1/1	19/5817	0.00326628846484422	0.00793430396318466	0.000556793260574362	ENSG00000153162	1	362
GO:0030501	positive regulation of bone mineralization	1/1	19/5817	0.00326628846484422	0.00793430396318466	0.000556793260574362	ENSG00000153162	1	362
GO:0014823	response to activity	1/1	20/5817	0.00343819838404669	0.00793430396318466	0.000556793260574362	ENSG00000153162	1	362
GO:0051216	cartilage development	1/1	20/5817	0.00343819838404669	0.00793430396318466	0.000556793260574362	ENSG00000153162	1	362
GO:0030509	BMP signaling pathway	1/1	25/5817	0.00429774798005822	0.00859549596011644	0.00060319269895554	ENSG00000153162	1	362
GO:0050679	positive regulation of epithelial cell proliferation	1/1	25/5817	0.00429774798005822	0.00859549596011644	0.00060319269895554	ENSG00000153162	1	362
GO:0045666	positive regulation of neuron differentiation	1/1	29/5817	0.00498538765686785	0.00868597486495984	0.000609542095786655	ENSG00000153162	1	362
GO:0045669	positive regulation of osteoblast differentiation	1/1	29/5817	0.00498538765686785	0.00868597486495984	0.000609542095786655	ENSG00000153162	1	362
GO:0071260	cellular response to mechanical stimulus	1/1	32/5817	0.00550111741447457	0.00868597486495984	0.000609542095786655	ENSG00000153162	1	362
GO:0050731	positive regulation of peptidyl-tyrosine phosphorylation	1/1	34/5817	0.00584493725287938	0.00876740587931907	0.000615256552934671	ENSG00000153162	1	362
GO:0001822	kidney development	1/1	36/5817	0.00618875709128408	0.00884108155897726	0.000620426776068579	ENSG00000153162	1	362
GO:0000398	mRNA splicing, via spliceosome	2/2	133/5817	0.000518922032585324	0.00311353219551195	NA	ENSG00000275895/ENSG00000160201	2	368
GO:0000462	maturation of SSU-rRNA from tricistronic rRNA transcript (SSU-rRNA, 5.8S rRNA, LSU-rRNA)	1/1	17/5817	0.00292246862643952	0.00584493725287905	NA	ENSG00000275464	1	371
