from	to	site_count	MI	distance	row_num	interaction_type	tf	community
ENSG00000043039	ENSG00000135457	1	0.203566	NA	4446	Trans	ENSG00000043039	4
ENSG00000043039	ENSG00000115271	1	0.163218	NA	19754	Trans	ENSG00000043039	4
ENSG00000043039	ENSG00000105514	1	0.171528	NA	14180	Trans	ENSG00000043039	4
ENSG00000071564	ENSG00000176532	1	0.171332	NA	14285	Trans	ENSG00000071564	4
ENSG00000118513	ENSG00000151690	1	0.170486	NA	14793	Trans	ENSG00000118513	4
ENSG00000118513	ENSG00000129514	2	0.262246	NA	829	Trans	ENSG00000118513	4
ENSG00000118513	ENSG00000125850	1	0.207407	NA	3917	Trans	ENSG00000118513	4
ENSG00000118513	ENSG00000104413	1	0.185644	NA	8331	Trans	ENSG00000118513	4
ENSG00000118513	ENSG00000076826	1	0.16786	NA	16377	Trans	ENSG00000118513	4
ENSG00000135373	ENSG00000267795	1	0.191591	NA	6739	Trans	ENSG00000135373	4
ENSG00000135373	ENSG00000150459	1	0.177804	NA	11105	Trans	ENSG00000135373	4
ENSG00000135373	ENSG00000137203	2	0.194903	NA	6018	Trans	ENSG00000135373	4
ENSG00000135373	ENSG00000132698	1	0.208251	NA	3814	Trans	ENSG00000135373	4
ENSG00000135373	ENSG00000129354	1	0.164857	NA	18463	Trans	ENSG00000135373	4
ENSG00000135373	ENSG00000125850	1	0.197468	NA	5488	Trans	ENSG00000135373	4
ENSG00000148516	ENSG00000183421	1	0.176461	NA	11717	Trans	ENSG00000148516	4
ENSG00000148516	ENSG00000175707	1	0.162818	NA	20071	Trans	ENSG00000148516	4
ENSG00000148516	ENSG00000164050	2	0.163091	NA	19840	Trans	ENSG00000148516	4
ENSG00000148516	ENSG00000157992	1	0.203864	NA	4400	Trans	ENSG00000148516	4
ENSG00000148516	ENSG00000147676	2	0.189553	NA	7274	Trans	ENSG00000148516	4
ENSG00000148516	ENSG00000142949	1	0.168625	NA	15907	Trans	ENSG00000148516	4
ENSG00000148516	ENSG00000137203	1	0.169907	NA	15130	Trans	ENSG00000148516	4
ENSG00000148516	ENSG00000136717	1	0.171203	NA	14368	Trans	ENSG00000148516	4
ENSG00000148516	ENSG00000135525	1	0.170086	NA	15028	Trans	ENSG00000148516	4
ENSG00000148516	ENSG00000134709	1	0.236815	NA	1646	Trans	ENSG00000148516	4
ENSG00000148516	ENSG00000115221	1	0.173594	NA	13072	Trans	ENSG00000148516	4
ENSG00000148516	ENSG00000103942	1	0.165512	NA	17966	Trans	ENSG00000148516	4
ENSG00000148516	ENSG00000103544	1	0.167364	NA	16718	Trans	ENSG00000148516	4
ENSG00000148516	ENSG00000102890	1	0.174936	NA	12419	Trans	ENSG00000148516	4
ENSG00000148516	ENSG00000083307	1	0.180369	NA	10068	Trans	ENSG00000148516	4
ENSG00000148516	ENSG00000064961	1	0.212961	NA	3255	Trans	ENSG00000148516	4
ENSG00000029363	ENSG00000258890	1	0.170263	NA	14921	Trans	ENSG00000029363	154
ENSG00000029363	ENSG00000164284	1	0.180052	NA	10184	Trans	ENSG00000029363	154
ENSG00000029363	ENSG00000132475	1	0.172601	NA	13592	Trans	ENSG00000029363	154
ENSG00000070495	ENSG00000179820	1	0.16576	NA	17792	Trans	ENSG00000070495	154
ENSG00000070495	ENSG00000174574	1	0.170525	NA	14763	Trans	ENSG00000070495	154
ENSG00000070495	ENSG00000167470	1	0.211268	NA	3436	Trans	ENSG00000070495	154
ENSG00000070495	ENSG00000165494	1	0.183709	NA	8894	Trans	ENSG00000070495	154
ENSG00000070495	ENSG00000164741	1	0.166086	NA	17576	Trans	ENSG00000070495	154
ENSG00000070495	ENSG00000163660	2	0.16679	NA	17070	Trans	ENSG00000070495	154
ENSG00000070495	ENSG00000158792	1	0.164707	NA	18580	Trans	ENSG00000070495	154
ENSG00000070495	ENSG00000148840	1	0.196719	NA	5648	Trans	ENSG00000070495	154
ENSG00000070495	ENSG00000137193	1	0.175916	NA	11964	Trans	ENSG00000070495	154
ENSG00000070495	ENSG00000119703	2	0.175526	NA	12130	Trans	ENSG00000070495	154
ENSG00000070495	ENSG00000115875	1	0.205092	NA	4230	Trans	ENSG00000070495	154
ENSG00000070495	ENSG00000112081	1	0.202954	NA	4533	Trans	ENSG00000070495	154
ENSG00000075426	ENSG00000197566	1	0.172255	NA	13772	Trans	ENSG00000075426	154
ENSG00000075426	ENSG00000187626	1	0.171936	NA	13936	Trans	ENSG00000075426	154
ENSG00000075426	ENSG00000187479	1	0.225121	NA	2291	Trans	ENSG00000075426	154
ENSG00000075426	ENSG00000177283	1	0.166652	NA	17186	Trans	ENSG00000075426	154
ENSG00000075426	ENSG00000173846	1	0.207328	NA	3933	Trans	ENSG00000075426	154
ENSG00000075426	ENSG00000173276	1	0.197845	NA	5406	Trans	ENSG00000075426	154
ENSG00000075426	ENSG00000168386	1	0.18769	NA	7740	Trans	ENSG00000075426	154
ENSG00000075426	ENSG00000164741	2	0.163571	NA	19488	Trans	ENSG00000075426	154
ENSG00000075426	ENSG00000163660	2	0.170654	NA	14676	Trans	ENSG00000075426	154
ENSG00000075426	ENSG00000163659	1	0.168778	NA	15800	Trans	ENSG00000075426	154
ENSG00000075426	ENSG00000158615	1	0.190653	NA	6994	Trans	ENSG00000075426	154
ENSG00000075426	ENSG00000154734	1	0.170484	NA	14794	Trans	ENSG00000075426	154
ENSG00000075426	ENSG00000153922	1	0.168581	NA	15934	Trans	ENSG00000075426	154
ENSG00000075426	ENSG00000150347	1	0.162759	NA	20121	Trans	ENSG00000075426	154
ENSG00000075426	ENSG00000148339	1	0.19601	NA	5786	Trans	ENSG00000075426	154
ENSG00000075426	ENSG00000144655	1	0.268206	NA	715	Trans	ENSG00000075426	154
ENSG00000075426	ENSG00000143751	1	0.222088	NA	2479	Trans	ENSG00000075426	154
ENSG00000075426	ENSG00000143384	2	0.216209	NA	2935	Trans	ENSG00000075426	154
ENSG00000075426	ENSG00000139722	1	0.204699	NA	4281	Trans	ENSG00000075426	154
ENSG00000075426	ENSG00000137947	1	0.194114	NA	6195	Trans	ENSG00000075426	154
ENSG00000075426	ENSG00000133874	1	0.207197	NA	3949	Trans	ENSG00000075426	154
ENSG00000075426	ENSG00000130522	1	0.16917	NA	15570	Trans	ENSG00000075426	154
ENSG00000075426	ENSG00000130164	1	0.180264	NA	10104	Trans	ENSG00000075426	154
ENSG00000075426	ENSG00000124762	2	0.34086	NA	150	Trans	ENSG00000075426	154
ENSG00000075426	ENSG00000099860	1	0.203586	NA	4443	Trans	ENSG00000075426	154
ENSG00000075426	ENSG00000066697	1	0.168349	NA	16061	Trans	ENSG00000075426	154
ENSG00000075426	ENSG00000059804	1	0.205719	NA	4150	Trans	ENSG00000075426	154
ENSG00000089280	ENSG00000089195	1	0.164063	NA	19103	Trans	ENSG00000089280	154
ENSG00000105722	ENSG00000175182	1	0.166789	NA	17073	Trans	ENSG00000105722	154
ENSG00000105722	ENSG00000174574	1	0.176772	NA	11566	Trans	ENSG00000105722	154
ENSG00000105722	ENSG00000132510	1	0.178324	NA	10894	Trans	ENSG00000105722	154
ENSG00000105732	ENSG00000167625	1	0.177761	151794	11124	Intra-Cytoband	ENSG00000105732	154
ENSG00000105732	ENSG00000111605	1	0.164545	NA	18711	Trans	ENSG00000105732	154
ENSG00000112081	ENSG00000173846	1	0.174659	NA	12543	Trans	ENSG00000112081	154
ENSG00000112081	ENSG00000169991	1	0.170047	NA	15048	Trans	ENSG00000112081	154
ENSG00000112081	ENSG00000169641	1	0.193057	NA	6407	Trans	ENSG00000112081	154
ENSG00000112081	ENSG00000168175	1	0.170409	NA	14832	Trans	ENSG00000112081	154
ENSG00000112081	ENSG00000136527	1	0.220744	NA	2586	Trans	ENSG00000112081	154
ENSG00000112081	ENSG00000115875	1	0.337158	NA	164	Trans	ENSG00000112081	154
ENSG00000112081	ENSG00000070495	1	0.202954	NA	4533	Trans	ENSG00000112081	154
ENSG00000112658	ENSG00000213516	1	0.210603	NA	3531	Trans	ENSG00000112658	154
ENSG00000112658	ENSG00000204569	2	0.171546	12570899	14166	Inter-Cytoband	ENSG00000112658	154
ENSG00000112658	ENSG00000198055	1	0.173653	NA	13030	Trans	ENSG00000112658	154
ENSG00000112658	ENSG00000197019	1	0.203759	NA	4417	Trans	ENSG00000112658	154
ENSG00000112658	ENSG00000188785	1	0.18934	NA	7343	Trans	ENSG00000112658	154
ENSG00000112658	ENSG00000187626	2	0.23538799999999999	14926676	1701	Inter-Cytoband	ENSG00000112658	154
ENSG00000112658	ENSG00000179820	1	0.212038	NA	3339	Trans	ENSG00000112658	154
ENSG00000112658	ENSG00000176444	1	0.186424	NA	8083	Trans	ENSG00000112658	154
ENSG00000112658	ENSG00000175087	2	0.166804	NA	17063	Trans	ENSG00000112658	154
ENSG00000112658	ENSG00000174574	1	0.303821	NA	330	Trans	ENSG00000112658	154
ENSG00000112658	ENSG00000173846	2	0.219153	NA	2711	Trans	ENSG00000112658	154
ENSG00000112658	ENSG00000169991	1	0.228104	NA	2101	Trans	ENSG00000112658	154
ENSG00000112658	ENSG00000167552	1	0.18539	NA	8397	Trans	ENSG00000112658	154
ENSG00000112658	ENSG00000166289	1	0.169428	NA	15415	Trans	ENSG00000112658	154
ENSG00000112658	ENSG00000164741	1	0.189436	NA	7316	Trans	ENSG00000112658	154
ENSG00000112658	ENSG00000154813	1	0.209735	NA	3632	Trans	ENSG00000112658	154
ENSG00000112658	ENSG00000154734	1	0.175047	NA	12358	Trans	ENSG00000112658	154
ENSG00000112658	ENSG00000148339	2	0.226327	NA	2218	Trans	ENSG00000112658	154
ENSG00000112658	ENSG00000120709	2	0.21807000000000001	NA	2782	Trans	ENSG00000112658	154
ENSG00000112658	ENSG00000120705	1	0.172512	NA	13648	Trans	ENSG00000112658	154
ENSG00000112658	ENSG00000117228	1	0.197152	NA	5554	Trans	ENSG00000112658	154
ENSG00000112658	ENSG00000116752	1	0.175526	NA	12129	Trans	ENSG00000112658	154
ENSG00000112658	ENSG00000112081	1	0.162806	6576946	20081	Inter-Cytoband	ENSG00000112658	154
ENSG00000112658	ENSG00000078804	1	0.165299	NA	18120	Trans	ENSG00000112658	154
ENSG00000115875	ENSG00000222009	1	0.187133	NA	7905	Trans	ENSG00000115875	154
ENSG00000115875	ENSG00000185347	1	0.238819	NA	1550	Trans	ENSG00000115875	154
ENSG00000115875	ENSG00000179820	1	0.201398	NA	4784	Trans	ENSG00000115875	154
ENSG00000115875	ENSG00000143751	1	0.181478	NA	9662	Trans	ENSG00000115875	154
ENSG00000115875	ENSG00000137947	1	0.168434	NA	16007	Trans	ENSG00000115875	154
ENSG00000115875	ENSG00000136527	1	0.26369	NA	802	Trans	ENSG00000115875	154
ENSG00000115875	ENSG00000130164	1	0.176614	NA	11652	Trans	ENSG00000115875	154
ENSG00000115875	ENSG00000124762	1	0.175874	NA	11980	Trans	ENSG00000115875	154
ENSG00000115875	ENSG00000001167	1	0.173639	NA	13041	Trans	ENSG00000115875	154
ENSG00000116030	ENSG00000168175	1	0.179106	NA	10580	Trans	ENSG00000116030	154
ENSG00000116560	ENSG00000173846	1	0.166946	9623847	16971	Inter-Cytoband	ENSG00000116560	154
ENSG00000116560	ENSG00000166797	1	0.17356	NA	13085	Trans	ENSG00000116560	154
ENSG00000116560	ENSG00000146576	1	0.164906	NA	18420	Trans	ENSG00000116560	154
ENSG00000129911	ENSG00000197019	1	0.20735	38569193	3928	Inter-Cytoband	ENSG00000129911	154
ENSG00000129911	ENSG00000182481	1	0.174942	NA	12415	Trans	ENSG00000129911	154
ENSG00000129911	ENSG00000179820	1	0.202963	52013824	4531	Inter-Cytoband	ENSG00000129911	154
ENSG00000129911	ENSG00000178896	1	0.175117	NA	12326	Trans	ENSG00000129911	154
ENSG00000129911	ENSG00000173846	1	0.261686	NA	843	Trans	ENSG00000129911	154
ENSG00000129911	ENSG00000168175	1	0.187224	NA	7874	Trans	ENSG00000129911	154
ENSG00000129911	ENSG00000167470	1	0.260318	603846	876	Intra-Cytoband	ENSG00000129911	154
ENSG00000129911	ENSG00000160789	1	0.180199	NA	10133	Trans	ENSG00000129911	154
ENSG00000129911	ENSG00000148339	1	0.182762	NA	9182	Trans	ENSG00000129911	154
ENSG00000129911	ENSG00000143479	1	0.168069	NA	16234	Trans	ENSG00000129911	154
ENSG00000129911	ENSG00000141378	1	0.175517	NA	12139	Trans	ENSG00000129911	154
ENSG00000129911	ENSG00000137218	1	0.185961	NA	8226	Trans	ENSG00000129911	154
ENSG00000129911	ENSG00000132467	1	0.190146	NA	7124	Trans	ENSG00000129911	154
ENSG00000129911	ENSG00000123395	1	0.230849	NA	1932	Trans	ENSG00000129911	154
ENSG00000129911	ENSG00000109089	1	0.191976	NA	6654	Trans	ENSG00000129911	154
ENSG00000129911	ENSG00000105722	1	0.187552	40395173	7779	Inter-Cytoband	ENSG00000129911	154
ENSG00000132510	ENSG00000173846	1	0.200524	NA	4932	Trans	ENSG00000132510	154
ENSG00000136603	ENSG00000178053	1	0.165268	11786515	18150	Inter-Cytoband	ENSG00000136603	154
ENSG00000136603	ENSG00000174574	1	0.184604	NA	8636	Trans	ENSG00000136603	154
ENSG00000146587	ENSG00000196458	1	0.170747	NA	14623	Trans	ENSG00000146587	154
ENSG00000146587	ENSG00000187626	1	0.215309	NA	3019	Trans	ENSG00000146587	154
ENSG00000146587	ENSG00000176444	1	0.172118	NA	13845	Trans	ENSG00000146587	154
ENSG00000146587	ENSG00000103343	1	0.227869	NA	2119	Trans	ENSG00000146587	154
ENSG00000153922	ENSG00000196428	1	0.253099	NA	1049	Trans	ENSG00000153922	154
ENSG00000153922	ENSG00000187626	1	0.171533	NA	14175	Trans	ENSG00000153922	154
ENSG00000153922	ENSG00000182481	1	0.187039	NA	7934	Trans	ENSG00000153922	154
ENSG00000153922	ENSG00000173846	1	0.234669	NA	1742	Trans	ENSG00000153922	154
ENSG00000153922	ENSG00000168646	1	0.180217	NA	10131	Trans	ENSG00000153922	154
ENSG00000153922	ENSG00000165732	1	0.171319	NA	14289	Trans	ENSG00000153922	154
ENSG00000153922	ENSG00000164741	1	0.238204	NA	1567	Trans	ENSG00000153922	154
ENSG00000153922	ENSG00000164284	1	0.178389	50491445	10869	Inter-Cytoband	ENSG00000153922	154
ENSG00000153922	ENSG00000163602	1	0.176563	NA	11672	Trans	ENSG00000153922	154
ENSG00000153922	ENSG00000160789	1	0.195075	NA	5982	Trans	ENSG00000153922	154
ENSG00000153922	ENSG00000143322	2	0.219309	NA	2695	Trans	ENSG00000153922	154
ENSG00000153922	ENSG00000140743	1	0.195132	NA	5971	Trans	ENSG00000153922	154
ENSG00000153922	ENSG00000137275	1	0.163876	NA	19242	Trans	ENSG00000153922	154
ENSG00000153922	ENSG00000136158	1	0.163008	NA	19916	Trans	ENSG00000153922	154
ENSG00000153922	ENSG00000132603	1	0.177128	NA	11392	Trans	ENSG00000153922	154
ENSG00000153922	ENSG00000129911	1	0.23216	NA	1875	Trans	ENSG00000153922	154
ENSG00000153922	ENSG00000114739	1	0.195095	NA	5978	Trans	ENSG00000153922	154
ENSG00000153922	ENSG00000113575	2	0.211213	35340349	3445	Inter-Cytoband	ENSG00000153922	154
ENSG00000153922	ENSG00000111266	1	0.20416	NA	4364	Trans	ENSG00000153922	154
ENSG00000153922	ENSG00000107929	1	0.180826	NA	9908	Trans	ENSG00000153922	154
ENSG00000153922	ENSG00000105722	1	0.184065	NA	8791	Trans	ENSG00000153922	154
ENSG00000153922	ENSG00000083223	1	0.24503	NA	1310	Trans	ENSG00000153922	154
ENSG00000153922	ENSG00000075426	1	0.168581	NA	15934	Trans	ENSG00000153922	154
ENSG00000160789	ENSG00000115875	1	0.165583	NA	17911	Trans	ENSG00000160789	154
ENSG00000160789	ENSG00000108829	1	0.202856	NA	4547	Trans	ENSG00000160789	154
ENSG00000165494	ENSG00000187626	1	0.166723	NA	17134	Trans	ENSG00000165494	154
ENSG00000165494	ENSG00000186130	1	0.169259	NA	15515	Trans	ENSG00000165494	154
ENSG00000165494	ENSG00000175606	1	0.162839	NA	20056	Trans	ENSG00000165494	154
ENSG00000165494	ENSG00000167470	1	0.206762	NA	4006	Trans	ENSG00000165494	154
ENSG00000165494	ENSG00000163874	2	0.184626	NA	8628	Trans	ENSG00000165494	154
ENSG00000165494	ENSG00000163660	1	0.183062	NA	9084	Trans	ENSG00000165494	154
ENSG00000165494	ENSG00000146834	1	0.237633	NA	1592	Trans	ENSG00000165494	154
ENSG00000165494	ENSG00000132510	1	0.174068	NA	12813	Trans	ENSG00000165494	154
ENSG00000165494	ENSG00000120709	1	0.194251	NA	6156	Trans	ENSG00000165494	154
ENSG00000165494	ENSG00000070495	1	0.183709	NA	8894	Trans	ENSG00000165494	154
ENSG00000168310	ENSG00000048162	1	0.180126	NA	10165	Trans	ENSG00000168310	154
ENSG00000185022	ENSG00000186130	1	0.167113	NA	16867	Trans	ENSG00000185022	154
ENSG00000185022	ENSG00000163660	1	0.166216	NA	17499	Trans	ENSG00000185022	154
ENSG00000185022	ENSG00000146834	1	0.167477	NA	16659	Trans	ENSG00000185022	154
ENSG00000198081	ENSG00000173276	1	0.176873	NA	11512	Trans	ENSG00000198081	154
ENSG00000198081	ENSG00000158792	1	0.16608	NA	17585	Trans	ENSG00000198081	154
ENSG00000198146	ENSG00000163660	1	0.16467	NA	18607	Trans	ENSG00000198146	154
ENSG00000204227	ENSG00000172819	1	0.164235	NA	18966	Trans	ENSG00000204227	154
ENSG00000204227	ENSG00000135241	1	0.164199	NA	18992	Trans	ENSG00000204227	154
ENSG00000204227	ENSG00000108829	1	0.172006	NA	13900	Trans	ENSG00000204227	154
ENSG00000001167	ENSG00000115875	1	0.173639	NA	13041	Trans	ENSG00000001167	154
ENSG00000136997	ENSG00000144655	1	0.190737	NA	6975	Trans	ENSG00000136997	154
ENSG00000118985	ENSG00000197566	1	0.199858	NA	5067	Trans	ENSG00000118985	154
ENSG00000118985	ENSG00000166170	2	0.173151	NA	13305	Trans	ENSG00000118985	154
ENSG00000131759	ENSG00000166226	2	0.208198	NA	3820	Trans	ENSG00000131759	154
ENSG00000131759	ENSG00000165732	1	0.195868	NA	5809	Trans	ENSG00000131759	154
ENSG00000131759	ENSG00000148840	1	0.175772	NA	12024	Trans	ENSG00000131759	154
ENSG00000133895	ENSG00000162222	1	0.193039	2075441	6414	Inter-Cytoband	ENSG00000133895	154
ENSG00000141027	ENSG00000198331	2	0.177162	NA	11373	Trans	ENSG00000141027	154
ENSG00000143190	ENSG00000171425	2	0.169855	NA	15160	Trans	ENSG00000143190	154
ENSG00000120616	ENSG00000136891	1	0.175467	NA	12171	Trans	ENSG00000120616	195
ENSG00000158773	ENSG00000226742	1	0.190725	NA	6981	Trans	ENSG00000158773	195
ENSG00000158773	ENSG00000177981	1	0.174971	NA	12399	Trans	ENSG00000158773	195
ENSG00000158773	ENSG00000006576	2	0.196958	NA	5594	Trans	ENSG00000158773	195
ENSG00000164190	ENSG00000108055	1	0.167229	NA	16801	Trans	ENSG00000164190	195
ENSG00000164916	ENSG00000241685	1	0.205624	94643601	4161	Inter-Cytoband	ENSG00000164916	195
ENSG00000196150	ENSG00000088876	1	0.169593	NA	15325	Trans	ENSG00000196150	195
ENSG00000215271	ENSG00000169905	1	0.184784	NA	8580	Trans	ENSG00000215271	195
ENSG00000215271	ENSG00000119231	1	0.167938	NA	16324	Trans	ENSG00000215271	195
ENSG00000103495	ENSG00000125633	1	0.166041	NA	17613	Trans	ENSG00000103495	195
ENSG00000103495	ENSG00000108443	1	0.166483	NA	17309	Trans	ENSG00000103495	195
ENSG00000108055	ENSG00000198301	1	0.235091	NA	1716	Trans	ENSG00000108055	195
ENSG00000108055	ENSG00000196419	2	0.164616	NA	18649	Trans	ENSG00000108055	195
ENSG00000108055	ENSG00000164190	1	0.167229	NA	16801	Trans	ENSG00000108055	195
ENSG00000114416	ENSG00000108788	1	0.164289	NA	18923	Trans	ENSG00000114416	77
ENSG00000128573	ENSG00000114779	1	0.170987	NA	14476	Trans	ENSG00000128573	77
ENSG00000134532	ENSG00000144724	1	0.18411	NA	8774	Trans	ENSG00000134532	77
ENSG00000134532	ENSG00000121879	1	0.184298	NA	8723	Trans	ENSG00000134532	77
ENSG00000168283	ENSG00000177084	1	0.186739	NA	8002	Trans	ENSG00000168283	77
ENSG00000173757	ENSG00000126561	1	0.248673	88379	1181	Intra-Cytoband	ENSG00000173757	77
ENSG00000245848	ENSG00000186205	2	0.323494	NA	220	Trans	ENSG00000245848	77
ENSG00000245848	ENSG00000186188	1	0.206078	NA	4098	Trans	ENSG00000245848	77
ENSG00000245848	ENSG00000185000	2	0.23802	NA	1573	Trans	ENSG00000245848	77
ENSG00000245848	ENSG00000177666	1	0.228843	NA	2056	Trans	ENSG00000245848	77
ENSG00000245848	ENSG00000173599	1	0.237065	NA	1626	Trans	ENSG00000245848	77
ENSG00000245848	ENSG00000170145	1	0.168242	NA	16129	Trans	ENSG00000245848	77
ENSG00000245848	ENSG00000169692	1	0.407645	NA	43	Trans	ENSG00000245848	77
ENSG00000245848	ENSG00000168792	1	0.28122	NA	534	Trans	ENSG00000245848	77
ENSG00000245848	ENSG00000163050	1	0.176991	NA	11460	Trans	ENSG00000245848	77
ENSG00000245848	ENSG00000162735	2	0.169517	NA	15360	Trans	ENSG00000245848	77
ENSG00000245848	ENSG00000154822	1	0.16594	NA	17678	Trans	ENSG00000245848	77
ENSG00000245848	ENSG00000140391	1	0.175758	NA	12028	Trans	ENSG00000245848	77
ENSG00000245848	ENSG00000135604	1	0.294553	NA	389	Trans	ENSG00000245848	77
ENSG00000245848	ENSG00000134072	1	0.168653	NA	15890	Trans	ENSG00000245848	77
ENSG00000245848	ENSG00000131069	1	0.182038	NA	9469	Trans	ENSG00000245848	77
ENSG00000245848	ENSG00000123080	1	0.204495	NA	4317	Trans	ENSG00000245848	77
ENSG00000245848	ENSG00000122729	1	0.205531	NA	4172	Trans	ENSG00000245848	77
ENSG00000245848	ENSG00000119471	1	0.164135	NA	19042	Trans	ENSG00000245848	77
ENSG00000245848	ENSG00000118596	2	0.266892	NA	744	Trans	ENSG00000245848	77
ENSG00000245848	ENSG00000115425	1	0.229467	NA	2015	Trans	ENSG00000245848	77
ENSG00000245848	ENSG00000111275	1	0.248567	NA	1187	Trans	ENSG00000245848	77
ENSG00000245848	ENSG00000108960	1	0.282501	NA	518	Trans	ENSG00000245848	77
ENSG00000245848	ENSG00000105379	1	0.169633	18045235	15305	Inter-Cytoband	ENSG00000245848	77
ENSG00000245848	ENSG00000103876	1	0.179168	NA	10553	Trans	ENSG00000245848	77
ENSG00000245848	ENSG00000100714	1	0.168942	NA	15706	Trans	ENSG00000245848	77
ENSG00000245848	ENSG00000076555	1	0.306068	NA	310	Trans	ENSG00000245848	77
ENSG00000245848	ENSG00000060762	2	0.169673	NA	15277	Trans	ENSG00000245848	77
ENSG00000245848	ENSG00000006831	2	0.172011	NA	13899	Trans	ENSG00000245848	77
ENSG00000114861	ENSG00000153944	1	0.166187	NA	17512	Trans	ENSG00000114861	77
ENSG00000006194	ENSG00000160216	1	0.207332	NA	3930	Trans	ENSG00000006194	77
ENSG00000088038	ENSG00000164104	1	0.165453	NA	18005	Trans	ENSG00000088038	14
ENSG00000088038	ENSG00000163125	1	0.171746	NA	14044	Trans	ENSG00000088038	14
ENSG00000088038	ENSG00000156467	1	0.17214	NA	13828	Trans	ENSG00000088038	14
ENSG00000088038	ENSG00000100722	1	0.187669	NA	7748	Trans	ENSG00000088038	14
ENSG00000189403	ENSG00000105968	1	0.165434	NA	18034	Trans	ENSG00000189403	14
ENSG00000025770	ENSG00000204356	1	0.172177	NA	13807	Trans	ENSG00000025770	14
ENSG00000025770	ENSG00000138182	1	0.190549	NA	7014	Trans	ENSG00000025770	14
ENSG00000053254	ENSG00000182512	1	0.224236	6408632	2345	Inter-Cytoband	ENSG00000053254	15
ENSG00000053254	ENSG00000173511	1	0.184684	NA	8612	Trans	ENSG00000053254	15
ENSG00000124225	ENSG00000182446	1	0.164241	NA	18960	Trans	ENSG00000124225	15
ENSG00000124225	ENSG00000136205	1	0.172281	NA	13757	Trans	ENSG00000124225	15
ENSG00000124225	ENSG00000100605	1	0.166041	NA	17612	Trans	ENSG00000124225	15
ENSG00000143437	ENSG00000133805	1	0.164031	NA	19126	Trans	ENSG00000143437	15
ENSG00000172943	ENSG00000179295	2	0.167111	NA	16870	Trans	ENSG00000172943	15
ENSG00000172943	ENSG00000005436	1	0.188747	NA	7479	Trans	ENSG00000172943	15
ENSG00000134982	ENSG00000171914	1	0.163916	NA	19206	Trans	ENSG00000134982	15
ENSG00000107077	ENSG00000196465	1	0.204322	NA	4341	Trans	ENSG00000107077	15
ENSG00000134954	ENSG00000171159	1	0.16456	NA	18697	Trans	ENSG00000134954	223
ENSG00000134954	ENSG00000058262	2	0.170725	NA	14637	Trans	ENSG00000134954	223
ENSG00000197111	ENSG00000143486	1	0.162974	NA	19942	Trans	ENSG00000197111	223
ENSG00000147050	ENSG00000196505	1	0.169866	NA	15152	Trans	ENSG00000147050	223
ENSG00000147140	ENSG00000197111	1	0.180054	NA	10183	Trans	ENSG00000147140	223
ENSG00000100811	ENSG00000256053	1	0.204535	3324664	4311	Inter-Cytoband	ENSG00000100811	223
ENSG00000137486	ENSG00000182552	1	0.206824	NA	3995	Trans	ENSG00000137486	13
ENSG00000169057	ENSG00000113648	1	0.179635	NA	10366	Trans	ENSG00000169057	13
ENSG00000179348	ENSG00000108852	1	0.16815	NA	16181	Trans	ENSG00000179348	13
ENSG00000185591	ENSG00000160233	2	0.167007	NA	16932	Trans	ENSG00000185591	13
ENSG00000188612	ENSG00000143401	1	0.213692	NA	3178	Trans	ENSG00000188612	13
ENSG00000187098	ENSG00000169946	1	0.176172	NA	11862	Trans	ENSG00000187098	23
ENSG00000081189	ENSG00000151702	1	0.166065	NA	17595	Trans	ENSG00000081189	341
ENSG00000154727	ENSG00000180628	1	0.199329	NA	5163	Trans	ENSG00000154727	231
ENSG00000154727	ENSG00000121481	1	0.166062	NA	17600	Trans	ENSG00000154727	231
ENSG00000154727	ENSG00000120802	2	0.182673	NA	9218	Trans	ENSG00000154727	231
ENSG00000154727	ENSG00000072401	1	0.166757	NA	17109	Trans	ENSG00000154727	231
ENSG00000155545	ENSG00000085365	1	0.163619	21440981	19444	Inter-Cytoband	ENSG00000155545	231
ENSG00000160741	ENSG00000162522	1	0.172132	121205784	13835	Inter-Cytoband	ENSG00000160741	231
ENSG00000160741	ENSG00000128185	1	0.169622	NA	15312	Trans	ENSG00000160741	231
ENSG00000160741	ENSG00000105701	1	0.183583	NA	8931	Trans	ENSG00000160741	231
ENSG00000160741	ENSG00000100324	1	0.177155	NA	11376	Trans	ENSG00000160741	231
ENSG00000160741	ENSG00000052126	1	0.170839	NA	14572	Trans	ENSG00000160741	231
ENSG00000166949	ENSG00000145391	1	0.164371	NA	18858	Trans	ENSG00000166949	111
ENSG00000108924	ENSG00000167074	1	0.187695	NA	7739	Trans	ENSG00000108924	101
ENSG00000133794	ENSG00000174738	2	0.338811	NA	156	Trans	ENSG00000133794	101
ENSG00000133794	ENSG00000167074	1	0.320977	NA	233	Trans	ENSG00000133794	101
ENSG00000133794	ENSG00000159208	1	0.24055	NA	1467	Trans	ENSG00000133794	101
ENSG00000133794	ENSG00000126368	1	0.254797	NA	1011	Trans	ENSG00000133794	101
ENSG00000133794	ENSG00000105516	1	0.208945	NA	3735	Trans	ENSG00000133794	101
ENSG00000133794	ENSG00000049246	1	0.41773	NA	33	Trans	ENSG00000133794	101
ENSG00000165030	ENSG00000167074	1	0.167786	NA	16426	Trans	ENSG00000165030	101
ENSG00000165030	ENSG00000126368	1	0.232024	NA	1883	Trans	ENSG00000165030	101
ENSG00000196387	ENSG00000172977	1	0.215904	NA	2960	Trans	ENSG00000196387	101
ENSG00000111206	ENSG00000276043	1	0.189358	NA	7335	Trans	ENSG00000111206	117
ENSG00000111206	ENSG00000186185	1	0.331463	NA	186	Trans	ENSG00000111206	117
ENSG00000111206	ENSG00000183856	1	0.282811	NA	513	Trans	ENSG00000111206	117
ENSG00000111206	ENSG00000178999	1	0.32102	NA	232	Trans	ENSG00000111206	117
ENSG00000111206	ENSG00000175063	1	0.323487	NA	221	Trans	ENSG00000111206	117
ENSG00000111206	ENSG00000171848	1	0.319731	NA	242	Trans	ENSG00000111206	117
ENSG00000111206	ENSG00000171320	1	0.181926	NA	9511	Trans	ENSG00000111206	117
ENSG00000111206	ENSG00000169607	1	0.195665	NA	5853	Trans	ENSG00000111206	117
ENSG00000111206	ENSG00000168078	1	0.265891	NA	763	Trans	ENSG00000111206	117
ENSG00000111206	ENSG00000166803	2	0.18161	NA	9623	Trans	ENSG00000111206	117
ENSG00000111206	ENSG00000165480	1	0.178334	NA	10891	Trans	ENSG00000111206	117
ENSG00000111206	ENSG00000158402	2	0.211459	NA	3409	Trans	ENSG00000111206	117
ENSG00000111206	ENSG00000156970	1	0.227089	NA	2170	Trans	ENSG00000111206	117
ENSG00000111206	ENSG00000148773	1	0.398061	NA	49	Trans	ENSG00000111206	117
ENSG00000111206	ENSG00000146670	1	0.280055	NA	542	Trans	ENSG00000111206	117
ENSG00000111206	ENSG00000145386	1	0.19822	NA	5355	Trans	ENSG00000111206	117
ENSG00000111206	ENSG00000143476	2	0.162763	NA	20117	Trans	ENSG00000111206	117
ENSG00000111206	ENSG00000143228	1	0.192309	NA	6564	Trans	ENSG00000111206	117
ENSG00000111206	ENSG00000142945	1	0.182415	NA	9331	Trans	ENSG00000111206	117
ENSG00000111206	ENSG00000138160	1	0.170113	NA	15009	Trans	ENSG00000111206	117
ENSG00000111206	ENSG00000137804	1	0.35552	NA	107	Trans	ENSG00000111206	117
ENSG00000111206	ENSG00000135451	1	0.276603	46465555	578	Inter-Cytoband	ENSG00000111206	117
ENSG00000111206	ENSG00000129195	2	0.201339	NA	4797	Trans	ENSG00000111206	117
ENSG00000111206	ENSG00000127564	1	0.283329	NA	503	Trans	ENSG00000111206	117
ENSG00000111206	ENSG00000126787	1	0.284491	NA	487	Trans	ENSG00000111206	117
ENSG00000111206	ENSG00000123485	1	0.276559	NA	580	Trans	ENSG00000111206	117
ENSG00000111206	ENSG00000121211	1	0.204535	NA	4310	Trans	ENSG00000111206	117
ENSG00000111206	ENSG00000117724	1	0.214567	NA	3080	Trans	ENSG00000111206	117
ENSG00000111206	ENSG00000117650	1	0.242661	NA	1381	Trans	ENSG00000111206	117
ENSG00000111206	ENSG00000117399	1	0.236216	NA	1668	Trans	ENSG00000111206	117
ENSG00000111206	ENSG00000112984	1	0.381251	NA	64	Trans	ENSG00000111206	117
ENSG00000111206	ENSG00000109805	1	0.268594	NA	709	Trans	ENSG00000111206	117
ENSG00000111206	ENSG00000109674	1	0.235599	NA	1695	Trans	ENSG00000111206	117
ENSG00000111206	ENSG00000101447	2	0.177892	NA	11071	Trans	ENSG00000111206	117
ENSG00000111206	ENSG00000093009	1	0.167231	NA	16797	Trans	ENSG00000111206	117
ENSG00000111206	ENSG00000090889	1	0.27405	NA	617	Trans	ENSG00000111206	117
ENSG00000111206	ENSG00000089685	1	0.244745	NA	1321	Trans	ENSG00000111206	117
ENSG00000111206	ENSG00000088325	1	0.287768	NA	449	Trans	ENSG00000111206	117
ENSG00000111206	ENSG00000080986	1	0.237557	NA	1597	Trans	ENSG00000111206	117
ENSG00000111206	ENSG00000072571	2	0.31505	NA	261	Trans	ENSG00000111206	117
ENSG00000111206	ENSG00000066279	1	0.340886	NA	149	Trans	ENSG00000111206	117
ENSG00000111206	ENSG00000035499	1	0.206984	NA	3977	Trans	ENSG00000111206	117
ENSG00000143476	ENSG00000178999	1	0.210188	NA	3574	Trans	ENSG00000143476	117
ENSG00000143476	ENSG00000127564	1	0.181176	NA	9792	Trans	ENSG00000143476	117
ENSG00000143476	ENSG00000126787	1	0.193784	NA	6256	Trans	ENSG00000143476	117
ENSG00000171320	ENSG00000186185	1	0.175521	NA	12135	Trans	ENSG00000171320	117
ENSG00000171320	ENSG00000166803	1	0.218024	NA	2788	Trans	ENSG00000171320	117
ENSG00000171320	ENSG00000137804	1	0.274883	NA	607	Trans	ENSG00000171320	117
ENSG00000171320	ENSG00000127564	1	0.24886	NA	1177	Trans	ENSG00000171320	117
ENSG00000171320	ENSG00000111206	1	0.181926	NA	9511	Trans	ENSG00000171320	117
ENSG00000101126	ENSG00000144426	1	0.216348	NA	2918	Trans	ENSG00000101126	155
ENSG00000102974	ENSG00000166233	1	0.170782	NA	14599	Trans	ENSG00000102974	155
ENSG00000147133	ENSG00000130699	2	0.176412	NA	11746	Trans	ENSG00000147133	155
ENSG00000149136	ENSG00000149182	1	0.170188	10161686	14966	Inter-Cytoband	ENSG00000149136	155
ENSG00000204859	ENSG00000124608	1	0.177267	NA	11328	Trans	ENSG00000204859	155
ENSG00000088930	ENSG00000102543	1	0.168691	NA	15863	Trans	ENSG00000088930	155
ENSG00000064490	ENSG00000110344	1	0.174858	NA	12465	Trans	ENSG00000064490	155
ENSG00000055609	ENSG00000115760	1	0.19304	NA	6410	Trans	ENSG00000055609	155
ENSG00000077150	ENSG00000146232	1	0.181293	NA	9737	Trans	ENSG00000077150	155
ENSG00000140262	ENSG00000171865	1	0.166002	NA	17639	Trans	ENSG00000140262	155
ENSG00000079246	ENSG00000173692	1	0.163815	14949400	19279	Inter-Cytoband	ENSG00000079246	155
ENSG00000118689	ENSG00000179094	1	0.354348	NA	113	Trans	ENSG00000118689	153
ENSG00000118689	ENSG00000168209	1	0.202909	NA	4539	Trans	ENSG00000118689	153
ENSG00000118689	ENSG00000116717	1	0.171105	NA	14419	Trans	ENSG00000118689	153
ENSG00000118689	ENSG00000116285	1	0.267416	NA	735	Trans	ENSG00000118689	153
ENSG00000118689	ENSG00000107372	1	0.270977	NA	664	Trans	ENSG00000118689	153
ENSG00000118689	ENSG00000105643	1	0.164072	NA	19095	Trans	ENSG00000118689	153
ENSG00000119138	ENSG00000213626	1	0.164457	NA	18782	Trans	ENSG00000119138	153
ENSG00000119138	ENSG00000205364	1	0.172671	NA	13557	Trans	ENSG00000119138	153
ENSG00000119138	ENSG00000197183	2	0.164938	NA	18394	Trans	ENSG00000119138	153
ENSG00000119138	ENSG00000187193	2	0.250747	NA	1107	Trans	ENSG00000119138	153
ENSG00000119138	ENSG00000179094	1	0.424014	NA	27	Trans	ENSG00000119138	153
ENSG00000119138	ENSG00000168389	1	0.163061	NA	19870	Trans	ENSG00000119138	153
ENSG00000119138	ENSG00000168209	1	0.225752	NA	2254	Trans	ENSG00000119138	153
ENSG00000119138	ENSG00000166886	1	0.167726	NA	16474	Trans	ENSG00000119138	153
ENSG00000119138	ENSG00000157514	2	0.413373	NA	37	Trans	ENSG00000119138	153
ENSG00000119138	ENSG00000143878	1	0.183011	NA	9105	Trans	ENSG00000119138	153
ENSG00000119138	ENSG00000130222	1	0.174202	19220416	12745	Inter-Cytoband	ENSG00000119138	153
ENSG00000119138	ENSG00000125148	1	0.222598	NA	2445	Trans	ENSG00000119138	153
ENSG00000119138	ENSG00000118689	1	0.299767	NA	359	Trans	ENSG00000119138	153
ENSG00000119138	ENSG00000118515	1	0.215792	NA	2973	Trans	ENSG00000119138	153
ENSG00000119138	ENSG00000116717	1	0.200917	NA	4870	Trans	ENSG00000119138	153
ENSG00000119138	ENSG00000116285	1	0.350028	NA	123	Trans	ENSG00000119138	153
ENSG00000119138	ENSG00000107372	1	0.424745	1966828	26	Inter-Cytoband	ENSG00000119138	153
ENSG00000119138	ENSG00000105643	1	0.185686	NA	8314	Trans	ENSG00000119138	153
ENSG00000119138	ENSG00000100906	2	0.234708	NA	1737	Trans	ENSG00000119138	153
ENSG00000119138	ENSG00000066654	1	0.188859	NA	7459	Trans	ENSG00000119138	153
ENSG00000119138	ENSG00000057657	1	0.189926	NA	7184	Trans	ENSG00000119138	153
ENSG00000150907	ENSG00000118689	1	0.217758	NA	2807	Trans	ENSG00000150907	153
ENSG00000221869	ENSG00000143878	1	0.176153	NA	11868	Trans	ENSG00000221869	153
ENSG00000221869	ENSG00000116285	1	0.199943	NA	5051	Trans	ENSG00000221869	153
ENSG00000221869	ENSG00000107372	1	0.168004	NA	16280	Trans	ENSG00000221869	153
ENSG00000221869	ENSG00000102871	1	0.172196	NA	13799	Trans	ENSG00000221869	153
ENSG00000221869	ENSG00000100906	1	0.218435	NA	2754	Trans	ENSG00000221869	153
ENSG00000057657	ENSG00000157514	1	0.203186	NA	4496	Trans	ENSG00000057657	153
ENSG00000057657	ENSG00000118515	1	0.286755	28082926	461	Inter-Cytoband	ENSG00000057657	153
ENSG00000019549	ENSG00000187193	1	0.202922	NA	4537	Trans	ENSG00000019549	153
ENSG00000019549	ENSG00000169715	1	0.233675	NA	1802	Trans	ENSG00000019549	153
ENSG00000019549	ENSG00000168209	1	0.228366	NA	2086	Trans	ENSG00000019549	153
ENSG00000019549	ENSG00000166741	1	0.180221	NA	10127	Trans	ENSG00000019549	153
ENSG00000019549	ENSG00000116285	1	0.201293	NA	4805	Trans	ENSG00000019549	153
ENSG00000125651	ENSG00000270647	1	0.194847	NA	6028	Trans	ENSG00000125651	10
ENSG00000125651	ENSG00000205138	1	0.188307	29615630	7587	Inter-Cytoband	ENSG00000125651	10
ENSG00000125651	ENSG00000204498	1	0.204038	NA	4382	Trans	ENSG00000125651	10
ENSG00000125651	ENSG00000185453	1	0.194718	41791123	6056	Inter-Cytoband	ENSG00000125651	10
ENSG00000125651	ENSG00000178922	1	0.190541	NA	7017	Trans	ENSG00000125651	10
ENSG00000125651	ENSG00000163346	1	0.203204	NA	4494	Trans	ENSG00000125651	10
ENSG00000125651	ENSG00000143321	1	0.167481	NA	16652	Trans	ENSG00000125651	10
ENSG00000125651	ENSG00000107581	1	0.167759	NA	16443	Trans	ENSG00000125651	10
ENSG00000125651	ENSG00000090273	1	0.18026	NA	10109	Trans	ENSG00000125651	10
ENSG00000125651	ENSG00000088247	1	0.183205	33779	9043	Intra-Cytoband	ENSG00000125651	10
ENSG00000131061	ENSG00000145833	1	0.17137	NA	14275	Trans	ENSG00000131061	10
ENSG00000136870	ENSG00000112473	1	0.173063	NA	13354	Trans	ENSG00000136870	10
ENSG00000158941	ENSG00000138668	1	0.169525	NA	15355	Trans	ENSG00000158941	10
ENSG00000167182	ENSG00000085872	2	0.191042	NA	6897	Trans	ENSG00000167182	10
ENSG00000167674	ENSG00000130254	1	0.258363	1114712	929	Intra-Cytoband	ENSG00000167674	10
ENSG00000167674	ENSG00000099804	1	0.189334	3940575	7344	Intra-Cytoband	ENSG00000167674	10
ENSG00000172534	ENSG00000085872	2	0.205911	NA	4124	Trans	ENSG00000172534	10
ENSG00000177463	ENSG00000132405	1	0.182721	NA	9203	Trans	ENSG00000177463	10
ENSG00000116350	ENSG00000158545	1	0.216535	NA	2899	Trans	ENSG00000116350	10
ENSG00000127616	ENSG00000160818	2	0.178805	NA	10694	Trans	ENSG00000127616	10
ENSG00000122877	ENSG00000179388	1	0.481845	NA	5	Trans	ENSG00000122877	322
ENSG00000122877	ENSG00000173334	1	0.278834	NA	553	Trans	ENSG00000122877	322
ENSG00000122877	ENSG00000171608	1	0.182544	NA	9277	Trans	ENSG00000122877	322
ENSG00000122877	ENSG00000171223	1	0.201945	NA	4700	Trans	ENSG00000122877	322
ENSG00000122877	ENSG00000167565	1	0.208883	NA	3740	Trans	ENSG00000122877	322
ENSG00000122877	ENSG00000165406	1	0.182603	17357411	9253	Inter-Cytoband	ENSG00000122877	322
ENSG00000122877	ENSG00000162772	1	0.374584	NA	73	Trans	ENSG00000122877	322
ENSG00000122877	ENSG00000160888	1	0.25635	NA	972	Trans	ENSG00000122877	322
ENSG00000122877	ENSG00000159200	1	0.198074	NA	5375	Trans	ENSG00000122877	322
ENSG00000122877	ENSG00000138166	1	0.189958	47685842	7176	Inter-Cytoband	ENSG00000122877	322
ENSG00000122877	ENSG00000130766	1	0.167846	NA	16391	Trans	ENSG00000122877	322
ENSG00000122877	ENSG00000123358	1	0.312222	NA	276	Trans	ENSG00000122877	322
ENSG00000122877	ENSG00000113070	1	0.206182	NA	4083	Trans	ENSG00000122877	322
ENSG00000123358	ENSG00000173334	1	0.190716	NA	6983	Trans	ENSG00000123358	322
ENSG00000123358	ENSG00000171223	1	0.237252	NA	1616	Trans	ENSG00000123358	322
ENSG00000123358	ENSG00000160888	1	0.202916	NA	4538	Trans	ENSG00000123358	322
ENSG00000123358	ENSG00000153234	1	0.413012	NA	38	Trans	ENSG00000123358	322
ENSG00000123358	ENSG00000131791	1	0.200094	NA	5022	Trans	ENSG00000123358	322
ENSG00000128016	ENSG00000173334	2	0.172396	NA	13707	Trans	ENSG00000128016	322
ENSG00000128016	ENSG00000167565	1	0.168787	1034031	15792	Intra-Cytoband	ENSG00000128016	322
ENSG00000128016	ENSG00000160888	1	0.234082	26256398	1776	Inter-Cytoband	ENSG00000128016	322
ENSG00000128016	ENSG00000159388	1	0.298612	NA	366	Trans	ENSG00000128016	322
ENSG00000128016	ENSG00000153234	1	0.212631	NA	3285	Trans	ENSG00000128016	322
ENSG00000128016	ENSG00000127528	1	0.214588	23081996	3079	Inter-Cytoband	ENSG00000128016	322
ENSG00000128016	ENSG00000123358	1	0.202256	NA	4647	Trans	ENSG00000128016	322
ENSG00000128016	ENSG00000122877	1	0.198734	NA	5279	Trans	ENSG00000128016	322
ENSG00000128016	ENSG00000120738	1	0.301571	NA	350	Trans	ENSG00000128016	322
ENSG00000136826	ENSG00000184557	1	0.242493	NA	1389	Trans	ENSG00000136826	322
ENSG00000136826	ENSG00000164920	1	0.180427	NA	10045	Trans	ENSG00000136826	322
ENSG00000136826	ENSG00000128016	1	0.188021	NA	7648	Trans	ENSG00000136826	322
ENSG00000136826	ENSG00000127528	1	0.284011	NA	496	Trans	ENSG00000136826	322
ENSG00000136826	ENSG00000087074	1	0.184976	NA	8536	Trans	ENSG00000136826	322
ENSG00000169083	ENSG00000165406	2	0.165671	NA	17856	Trans	ENSG00000169083	322
ENSG00000170345	ENSG00000171223	1	0.339362	NA	153	Trans	ENSG00000170345	322
ENSG00000170345	ENSG00000169118	1	0.219894	NA	2640	Trans	ENSG00000170345	322
ENSG00000170345	ENSG00000162772	1	0.199541	NA	5128	Trans	ENSG00000170345	322
ENSG00000170345	ENSG00000160888	1	0.328923	NA	193	Trans	ENSG00000170345	322
ENSG00000170345	ENSG00000159388	1	0.183749	NA	8881	Trans	ENSG00000170345	322
ENSG00000170345	ENSG00000143333	1	0.184421	NA	8696	Trans	ENSG00000170345	322
ENSG00000170345	ENSG00000128016	1	0.22123	NA	2548	Trans	ENSG00000170345	322
ENSG00000170345	ENSG00000122877	2	0.169859	NA	15158	Trans	ENSG00000170345	322
ENSG00000170345	ENSG00000120738	1	0.35306	NA	116	Trans	ENSG00000170345	322
ENSG00000170345	ENSG00000028839	1	0.172855	NA	13460	Trans	ENSG00000170345	322
ENSG00000177565	ENSG00000169118	1	0.177697	NA	11155	Trans	ENSG00000177565	322
ENSG00000100395	ENSG00000128228	1	0.179266	19562944	10522	Inter-Cytoband	ENSG00000100395	78
ENSG00000185049	ENSG00000090316	1	0.17192	692863	13950	Intra-Cytoband	ENSG00000185049	267
ENSG00000185049	ENSG00000085644	2	0.175532	NA	12126	Trans	ENSG00000185049	267
ENSG00000173575	ENSG00000182463	1	0.167931	NA	16330	Trans	ENSG00000173575	70
ENSG00000012174	ENSG00000147416	1	0.176568	NA	11668	Trans	ENSG00000012174	70
ENSG00000100393	ENSG00000005339	1	0.163366	NA	19645	Trans	ENSG00000100393	33
ENSG00000049618	ENSG00000111344	1	0.184465	NA	8681	Trans	ENSG00000049618	52
ENSG00000104064	ENSG00000135845	1	0.174642	NA	12552	Trans	ENSG00000104064	96
ENSG00000107485	ENSG00000185442	1	0.193292	NA	6345	Trans	ENSG00000107485	269
ENSG00000067369	ENSG00000143624	2	0.175068	NA	12345	Trans	ENSG00000067369	124
ENSG00000154832	ENSG00000110274	1	0.212478	NA	3303	Trans	ENSG00000154832	71
ENSG00000163848	ENSG00000137770	1	0.168724	NA	15839	Trans	ENSG00000163848	174
ENSG00000168214	ENSG00000080345	2	0.175134	NA	12322	Trans	ENSG00000168214	202
ENSG00000168610	ENSG00000145675	2	0.176732	NA	11593	Trans	ENSG00000168610	203
ENSG00000168610	ENSG00000126391	2	0.164903	NA	18422	Trans	ENSG00000168610	203
ENSG00000178573	ENSG00000155099	1	0.166631	NA	17204	Trans	ENSG00000178573	245
ENSG00000179583	ENSG00000204287	1	0.201473	NA	4772	Trans	ENSG00000179583	19
ENSG00000179583	ENSG00000204257	1	0.19141	NA	6789	Trans	ENSG00000179583	19
ENSG00000179583	ENSG00000204252	1	0.207649	NA	3885	Trans	ENSG00000179583	19
ENSG00000054267	ENSG00000197162	1	0.16901	NA	15666	Trans	ENSG00000054267	22
ENSG00000054267	ENSG00000196378	1	0.182325	NA	9371	Trans	ENSG00000054267	22
ENSG00000205903	ENSG00000182095	1	0.172445	1330532	13687	Intra-Cytoband	ENSG00000205903	319
ENSG00000272333	ENSG00000169188	1	0.163597	NA	19468	Trans	ENSG00000272333	358
