from	to
ENSG00000189190	ENSG00000004478
ENSG00000189190	ENSG00000004779
ENSG00000189190	ENSG00000005156
ENSG00000189190	ENSG00000006025
ENSG00000189190	ENSG00000006530
ENSG00000189190	ENSG00000006576
ENSG00000189190	ENSG00000006652
ENSG00000189190	ENSG00000007384
ENSG00000189190	ENSG00000007392
ENSG00000189190	ENSG00000008282
ENSG00000189190	ENSG00000008294
ENSG00000189190	ENSG00000008517
ENSG00000189190	ENSG00000008853
ENSG00000189190	ENSG00000010219
ENSG00000189190	ENSG00000011258
ENSG00000189190	ENSG00000011332
ENSG00000189190	ENSG00000011451
ENSG00000189190	ENSG00000012171
ENSG00000189190	ENSG00000013725
ENSG00000189190	ENSG00000015153
ENSG00000189190	ENSG00000016082
ENSG00000189190	ENSG00000016391
ENSG00000189190	ENSG00000019144
ENSG00000189190	ENSG00000023445
ENSG00000189190	ENSG00000023909
ENSG00000189190	ENSG00000025434
ENSG00000189190	ENSG00000027869
ENSG00000189190	ENSG00000031003
ENSG00000189190	ENSG00000033170
ENSG00000189190	ENSG00000034677
ENSG00000189190	ENSG00000037749
ENSG00000189190	ENSG00000040341
ENSG00000189190	ENSG00000040531
ENSG00000189190	ENSG00000041880
ENSG00000189190	ENSG00000042445
ENSG00000189190	ENSG00000044115
ENSG00000189190	ENSG00000047346
ENSG00000189190	ENSG00000047621
ENSG00000189190	ENSG00000048544
ENSG00000189190	ENSG00000048828
ENSG00000189190	ENSG00000049759
ENSG00000189190	ENSG00000050405
ENSG00000189190	ENSG00000050730
ENSG00000189190	ENSG00000052126
ENSG00000189190	ENSG00000052723
ENSG00000189190	ENSG00000055147
ENSG00000189190	ENSG00000055208
ENSG00000189190	ENSG00000055483
ENSG00000189190	ENSG00000058262
ENSG00000189190	ENSG00000058668
ENSG00000189190	ENSG00000061656
ENSG00000189190	ENSG00000061794
ENSG00000189190	ENSG00000064692
ENSG00000189190	ENSG00000064961
ENSG00000189190	ENSG00000065809
ENSG00000189190	ENSG00000068438
ENSG00000189190	ENSG00000068697
ENSG00000189190	ENSG00000068903
ENSG00000189190	ENSG00000069011
ENSG00000189190	ENSG00000069399
ENSG00000189190	ENSG00000069696
ENSG00000189190	ENSG00000069702
ENSG00000189190	ENSG00000070366
ENSG00000189190	ENSG00000070367
ENSG00000189190	ENSG00000070614
ENSG00000189190	ENSG00000070731
ENSG00000189190	ENSG00000071994
ENSG00000189190	ENSG00000072518
ENSG00000189190	ENSG00000073050
ENSG00000189190	ENSG00000073756
ENSG00000189190	ENSG00000074696
ENSG00000189190	ENSG00000074855
ENSG00000189190	ENSG00000075426
ENSG00000189190	ENSG00000075711
ENSG00000189190	ENSG00000075785
ENSG00000189190	ENSG00000075945
ENSG00000189190	ENSG00000076351
ENSG00000189190	ENSG00000076513
ENSG00000189190	ENSG00000076928
ENSG00000189190	ENSG00000077684
ENSG00000189190	ENSG00000078053
ENSG00000189190	ENSG00000078699
ENSG00000189190	ENSG00000078900
ENSG00000189190	ENSG00000079102
ENSG00000189190	ENSG00000079432
ENSG00000189190	ENSG00000079689
ENSG00000189190	ENSG00000079841
ENSG00000189190	ENSG00000080503
ENSG00000189190	ENSG00000080819
ENSG00000189190	ENSG00000082153
ENSG00000189190	ENSG00000082397
ENSG00000189190	ENSG00000082512
ENSG00000189190	ENSG00000082781
ENSG00000189190	ENSG00000083720
ENSG00000189190	ENSG00000084112
ENSG00000189190	ENSG00000085788
ENSG00000189190	ENSG00000087087
ENSG00000189190	ENSG00000087191
ENSG00000189190	ENSG00000087460
ENSG00000189190	ENSG00000088179
ENSG00000189190	ENSG00000088205
ENSG00000189190	ENSG00000089053
ENSG00000189190	ENSG00000089234
ENSG00000189190	ENSG00000089327
ENSG00000189190	ENSG00000089335
ENSG00000189190	ENSG00000090006
ENSG00000189190	ENSG00000090487
ENSG00000189190	ENSG00000090530
ENSG00000189190	ENSG00000091140
ENSG00000189190	ENSG00000091157
ENSG00000189190	ENSG00000091409
ENSG00000189190	ENSG00000091656
ENSG00000189190	ENSG00000092096
ENSG00000189190	ENSG00000092421
ENSG00000189190	ENSG00000093217
ENSG00000189190	ENSG00000095787
ENSG00000189190	ENSG00000095794
ENSG00000189190	ENSG00000097021
ENSG00000189190	ENSG00000099204
ENSG00000189190	ENSG00000099365
ENSG00000189190	ENSG00000099795
ENSG00000189190	ENSG00000099797
ENSG00000189190	ENSG00000099968
ENSG00000189190	ENSG00000100003
ENSG00000189190	ENSG00000100031
ENSG00000189190	ENSG00000100038
ENSG00000189190	ENSG00000100109
ENSG00000189190	ENSG00000100266
ENSG00000189190	ENSG00000100297
ENSG00000189190	ENSG00000100483
ENSG00000189190	ENSG00000100564
ENSG00000189190	ENSG00000100600
ENSG00000189190	ENSG00000100722
ENSG00000189190	ENSG00000100749
ENSG00000189190	ENSG00000100767
ENSG00000189190	ENSG00000100804
ENSG00000189190	ENSG00000100890
ENSG00000189190	ENSG00000101019
ENSG00000189190	ENSG00000101294
ENSG00000189190	ENSG00000101391
ENSG00000189190	ENSG00000101463
ENSG00000189190	ENSG00000101752
ENSG00000189190	ENSG00000102109
ENSG00000189190	ENSG00000102309
ENSG00000189190	ENSG00000102359
ENSG00000189190	ENSG00000102554
ENSG00000189190	ENSG00000102738
ENSG00000189190	ENSG00000102786
ENSG00000189190	ENSG00000103148
ENSG00000189190	ENSG00000103227
ENSG00000189190	ENSG00000103248
ENSG00000189190	ENSG00000103254
ENSG00000189190	ENSG00000103353
ENSG00000189190	ENSG00000103549
ENSG00000189190	ENSG00000103671
ENSG00000189190	ENSG00000103852
ENSG00000189190	ENSG00000103855
ENSG00000189190	ENSG00000104047
ENSG00000189190	ENSG00000104067
ENSG00000189190	ENSG00000104112
ENSG00000189190	ENSG00000104221
ENSG00000189190	ENSG00000104320
ENSG00000189190	ENSG00000104321
ENSG00000189190	ENSG00000104388
ENSG00000189190	ENSG00000104419
ENSG00000189190	ENSG00000104450
ENSG00000189190	ENSG00000104490
ENSG00000189190	ENSG00000104497
ENSG00000189190	ENSG00000104529
ENSG00000189190	ENSG00000104765
ENSG00000189190	ENSG00000104852
ENSG00000189190	ENSG00000104901
ENSG00000189190	ENSG00000104960
ENSG00000189190	ENSG00000105223
ENSG00000189190	ENSG00000105290
ENSG00000189190	ENSG00000105364
ENSG00000189190	ENSG00000105372
ENSG00000189190	ENSG00000105409
ENSG00000189190	ENSG00000105518
ENSG00000189190	ENSG00000105792
ENSG00000189190	ENSG00000105821
ENSG00000189190	ENSG00000105856
ENSG00000189190	ENSG00000105948
ENSG00000189190	ENSG00000106066
ENSG00000189190	ENSG00000106236
ENSG00000189190	ENSG00000106263
ENSG00000189190	ENSG00000106278
ENSG00000189190	ENSG00000106333
ENSG00000189190	ENSG00000106536
ENSG00000189190	ENSG00000106537
ENSG00000189190	ENSG00000106605
ENSG00000189190	ENSG00000106714
ENSG00000189190	ENSG00000106789
ENSG00000189190	ENSG00000107105
ENSG00000189190	ENSG00000107331
ENSG00000189190	ENSG00000107518
ENSG00000189190	ENSG00000107951
ENSG00000189190	ENSG00000108424
ENSG00000189190	ENSG00000108679
ENSG00000189190	ENSG00000108784
ENSG00000189190	ENSG00000108813
ENSG00000189190	ENSG00000108984
ENSG00000189190	ENSG00000109066
ENSG00000189190	ENSG00000109265
ENSG00000189190	ENSG00000109452
ENSG00000189190	ENSG00000109536
ENSG00000189190	ENSG00000109680
ENSG00000189190	ENSG00000109971
ENSG00000189190	ENSG00000110011
ENSG00000189190	ENSG00000110344
ENSG00000189190	ENSG00000110455
ENSG00000189190	ENSG00000110497
ENSG00000189190	ENSG00000110680
ENSG00000189190	ENSG00000110693
ENSG00000189190	ENSG00000110911
ENSG00000189190	ENSG00000110917
ENSG00000189190	ENSG00000110925
ENSG00000189190	ENSG00000111142
ENSG00000189190	ENSG00000111237
ENSG00000189190	ENSG00000111261
ENSG00000189190	ENSG00000111271
ENSG00000189190	ENSG00000111358
ENSG00000189190	ENSG00000111361
ENSG00000189190	ENSG00000111652
ENSG00000189190	ENSG00000111799
ENSG00000189190	ENSG00000111846
ENSG00000189190	ENSG00000112186
ENSG00000189190	ENSG00000112282
ENSG00000189190	ENSG00000112561
ENSG00000189190	ENSG00000112659
ENSG00000189190	ENSG00000112699
ENSG00000189190	ENSG00000112877
ENSG00000189190	ENSG00000113141
ENSG00000189190	ENSG00000113384
ENSG00000189190	ENSG00000113712
ENSG00000189190	ENSG00000114120
ENSG00000189190	ENSG00000114331
ENSG00000189190	ENSG00000114346
ENSG00000189190	ENSG00000114383
ENSG00000189190	ENSG00000114541
ENSG00000189190	ENSG00000114745
ENSG00000189190	ENSG00000114956
ENSG00000189190	ENSG00000115128
ENSG00000189190	ENSG00000115129
ENSG00000189190	ENSG00000115233
ENSG00000189190	ENSG00000115255
ENSG00000189190	ENSG00000115415
ENSG00000189190	ENSG00000115657
ENSG00000189190	ENSG00000116044
ENSG00000189190	ENSG00000116199
ENSG00000189190	ENSG00000116353
ENSG00000189190	ENSG00000116663
ENSG00000189190	ENSG00000116885
ENSG00000189190	ENSG00000117155
ENSG00000189190	ENSG00000117266
ENSG00000189190	ENSG00000117394
ENSG00000189190	ENSG00000117395
ENSG00000189190	ENSG00000117411
ENSG00000189190	ENSG00000117419
ENSG00000189190	ENSG00000117472
ENSG00000189190	ENSG00000117625
ENSG00000189190	ENSG00000117984
ENSG00000189190	ENSG00000118046
ENSG00000189190	ENSG00000118260
ENSG00000189190	ENSG00000118407
ENSG00000189190	ENSG00000118420
ENSG00000189190	ENSG00000118518
ENSG00000189190	ENSG00000118523
ENSG00000189190	ENSG00000119041
ENSG00000189190	ENSG00000119321
ENSG00000189190	ENSG00000119383
ENSG00000189190	ENSG00000119616
ENSG00000189190	ENSG00000119682
ENSG00000189190	ENSG00000119723
ENSG00000189190	ENSG00000119950
ENSG00000189190	ENSG00000120158
ENSG00000189190	ENSG00000120251
ENSG00000189190	ENSG00000120254
ENSG00000189190	ENSG00000120278
ENSG00000189190	ENSG00000120549
ENSG00000189190	ENSG00000120555
ENSG00000189190	ENSG00000120686
ENSG00000189190	ENSG00000120708
ENSG00000189190	ENSG00000120913
ENSG00000189190	ENSG00000121067
ENSG00000189190	ENSG00000121310
ENSG00000189190	ENSG00000122068
ENSG00000189190	ENSG00000122085
ENSG00000189190	ENSG00000122786
ENSG00000189190	ENSG00000122965
ENSG00000189190	ENSG00000123096
ENSG00000189190	ENSG00000123119
ENSG00000189190	ENSG00000123154
ENSG00000189190	ENSG00000123297
ENSG00000189190	ENSG00000123472
ENSG00000189190	ENSG00000123600
ENSG00000189190	ENSG00000123643
ENSG00000189190	ENSG00000123728
ENSG00000189190	ENSG00000123983
ENSG00000189190	ENSG00000124222
ENSG00000189190	ENSG00000124383
ENSG00000189190	ENSG00000124532
ENSG00000189190	ENSG00000124588
ENSG00000189190	ENSG00000124613
ENSG00000189190	ENSG00000125378
ENSG00000189190	ENSG00000125457
ENSG00000189190	ENSG00000125462
ENSG00000189190	ENSG00000125656
ENSG00000189190	ENSG00000125827
ENSG00000189190	ENSG00000125850
ENSG00000189190	ENSG00000125931
ENSG00000189190	ENSG00000126005
ENSG00000189190	ENSG00000126247
ENSG00000189190	ENSG00000126391
ENSG00000189190	ENSG00000127564
ENSG00000189190	ENSG00000127616
ENSG00000189190	ENSG00000128463
ENSG00000189190	ENSG00000128563
ENSG00000189190	ENSG00000128585
ENSG00000189190	ENSG00000128606
ENSG00000189190	ENSG00000128652
ENSG00000189190	ENSG00000128655
ENSG00000189190	ENSG00000128908
ENSG00000189190	ENSG00000128965
ENSG00000189190	ENSG00000129187
ENSG00000189190	ENSG00000129451
ENSG00000189190	ENSG00000129474
ENSG00000189190	ENSG00000130159
ENSG00000189190	ENSG00000130175
ENSG00000189190	ENSG00000130204
ENSG00000189190	ENSG00000130299
ENSG00000189190	ENSG00000130402
ENSG00000189190	ENSG00000130511
ENSG00000189190	ENSG00000130653
ENSG00000189190	ENSG00000130772
ENSG00000189190	ENSG00000130783
ENSG00000189190	ENSG00000130939
ENSG00000189190	ENSG00000131018
ENSG00000189190	ENSG00000131236
ENSG00000189190	ENSG00000131238
ENSG00000189190	ENSG00000131374
ENSG00000189190	ENSG00000131469
ENSG00000189190	ENSG00000131844
ENSG00000189190	ENSG00000131931
ENSG00000189190	ENSG00000132405
ENSG00000189190	ENSG00000132676
ENSG00000189190	ENSG00000132694
ENSG00000189190	ENSG00000132912
ENSG00000189190	ENSG00000133114
ENSG00000189190	ENSG00000133624
ENSG00000189190	ENSG00000133731
ENSG00000189190	ENSG00000133983
ENSG00000189190	ENSG00000134001
ENSG00000189190	ENSG00000134014
ENSG00000189190	ENSG00000134248
ENSG00000189190	ENSG00000134278
ENSG00000189190	ENSG00000134317
ENSG00000189190	ENSG00000134352
ENSG00000189190	ENSG00000134470
ENSG00000189190	ENSG00000134533
ENSG00000189190	ENSG00000134744
ENSG00000189190	ENSG00000135108
ENSG00000189190	ENSG00000135127
ENSG00000189190	ENSG00000135269
ENSG00000189190	ENSG00000135446
ENSG00000189190	ENSG00000135525
ENSG00000189190	ENSG00000135540
ENSG00000189190	ENSG00000135631
ENSG00000189190	ENSG00000135679
ENSG00000189190	ENSG00000135697
ENSG00000189190	ENSG00000135709
ENSG00000189190	ENSG00000135845
ENSG00000189190	ENSG00000135925
ENSG00000189190	ENSG00000135966
ENSG00000189190	ENSG00000136021
ENSG00000189190	ENSG00000136059
ENSG00000189190	ENSG00000136147
ENSG00000189190	ENSG00000136235
ENSG00000189190	ENSG00000136261
ENSG00000189190	ENSG00000136367
ENSG00000189190	ENSG00000136699
ENSG00000189190	ENSG00000136717
ENSG00000189190	ENSG00000136813
ENSG00000189190	ENSG00000136856
ENSG00000189190	ENSG00000136861
ENSG00000189190	ENSG00000136895
ENSG00000189190	ENSG00000137103
ENSG00000189190	ENSG00000137161
ENSG00000189190	ENSG00000137185
ENSG00000189190	ENSG00000137210
ENSG00000189190	ENSG00000137261
ENSG00000189190	ENSG00000137497
ENSG00000189190	ENSG00000137501
ENSG00000189190	ENSG00000137699
ENSG00000189190	ENSG00000137764
ENSG00000189190	ENSG00000137776
ENSG00000189190	ENSG00000137806
ENSG00000189190	ENSG00000137809
ENSG00000189190	ENSG00000137815
ENSG00000189190	ENSG00000137834
ENSG00000189190	ENSG00000137845
ENSG00000189190	ENSG00000137876
ENSG00000189190	ENSG00000138068
ENSG00000189190	ENSG00000138311
ENSG00000189190	ENSG00000138347
ENSG00000189190	ENSG00000138363
ENSG00000189190	ENSG00000138398
ENSG00000189190	ENSG00000138411
ENSG00000189190	ENSG00000138448
ENSG00000189190	ENSG00000138593
ENSG00000189190	ENSG00000138623
ENSG00000189190	ENSG00000138640
ENSG00000189190	ENSG00000138771
ENSG00000189190	ENSG00000139132
ENSG00000189190	ENSG00000139133
ENSG00000189190	ENSG00000139163
ENSG00000189190	ENSG00000139372
ENSG00000189190	ENSG00000139631
ENSG00000189190	ENSG00000139734
ENSG00000189190	ENSG00000139974
ENSG00000189190	ENSG00000140022
ENSG00000189190	ENSG00000140025
ENSG00000189190	ENSG00000140044
ENSG00000189190	ENSG00000140395
ENSG00000189190	ENSG00000140474
ENSG00000189190	ENSG00000140694
ENSG00000189190	ENSG00000140854
ENSG00000189190	ENSG00000140948
ENSG00000189190	ENSG00000140968
ENSG00000189190	ENSG00000141252
ENSG00000189190	ENSG00000141295
ENSG00000189190	ENSG00000141298
ENSG00000189190	ENSG00000141349
ENSG00000189190	ENSG00000141391
ENSG00000189190	ENSG00000141580
ENSG00000189190	ENSG00000141639
ENSG00000189190	ENSG00000141956
ENSG00000189190	ENSG00000142227
ENSG00000189190	ENSG00000142530
ENSG00000189190	ENSG00000142937
ENSG00000189190	ENSG00000142949
ENSG00000189190	ENSG00000143061
ENSG00000189190	ENSG00000143164
ENSG00000189190	ENSG00000143198
ENSG00000189190	ENSG00000143207
ENSG00000189190	ENSG00000143228
ENSG00000189190	ENSG00000143248
ENSG00000189190	ENSG00000143256
ENSG00000189190	ENSG00000143363
ENSG00000189190	ENSG00000143374
ENSG00000189190	ENSG00000143379
ENSG00000189190	ENSG00000143390
ENSG00000189190	ENSG00000143409
ENSG00000189190	ENSG00000143479
ENSG00000189190	ENSG00000143537
ENSG00000189190	ENSG00000143549
ENSG00000189190	ENSG00000143595
ENSG00000189190	ENSG00000143653
ENSG00000189190	ENSG00000143702
ENSG00000189190	ENSG00000143748
ENSG00000189190	ENSG00000143761
ENSG00000189190	ENSG00000143786
ENSG00000189190	ENSG00000143858
ENSG00000189190	ENSG00000143933
ENSG00000189190	ENSG00000143971
ENSG00000189190	ENSG00000143995
ENSG00000189190	ENSG00000144034
ENSG00000189190	ENSG00000144040
ENSG00000189190	ENSG00000144048
ENSG00000189190	ENSG00000144283
ENSG00000189190	ENSG00000144674
ENSG00000189190	ENSG00000145014
ENSG00000189190	ENSG00000145247
ENSG00000189190	ENSG00000145332
ENSG00000189190	ENSG00000145362
ENSG00000189190	ENSG00000145555
ENSG00000189190	ENSG00000145604
ENSG00000189190	ENSG00000145623
ENSG00000189190	ENSG00000145703
ENSG00000189190	ENSG00000145819
ENSG00000189190	ENSG00000145860
ENSG00000189190	ENSG00000145908
ENSG00000189190	ENSG00000145919
ENSG00000189190	ENSG00000146006
ENSG00000189190	ENSG00000146250
ENSG00000189190	ENSG00000146350
ENSG00000189190	ENSG00000146733
ENSG00000189190	ENSG00000146872
ENSG00000189190	ENSG00000146918
ENSG00000189190	ENSG00000147099
ENSG00000189190	ENSG00000147118
ENSG00000189190	ENSG00000147454
ENSG00000189190	ENSG00000147509
ENSG00000189190	ENSG00000147813
ENSG00000189190	ENSG00000147853
ENSG00000189190	ENSG00000147862
ENSG00000189190	ENSG00000148225
ENSG00000189190	ENSG00000148290
ENSG00000189190	ENSG00000148337
ENSG00000189190	ENSG00000148396
ENSG00000189190	ENSG00000148444
ENSG00000189190	ENSG00000148737
ENSG00000189190	ENSG00000148814
ENSG00000189190	ENSG00000149050
ENSG00000189190	ENSG00000149269
ENSG00000189190	ENSG00000149428
ENSG00000189190	ENSG00000149532
ENSG00000189190	ENSG00000149599
ENSG00000189190	ENSG00000150093
ENSG00000189190	ENSG00000150753
ENSG00000189190	ENSG00000150991
ENSG00000189190	ENSG00000151164
ENSG00000189190	ENSG00000151233
ENSG00000189190	ENSG00000151304
ENSG00000189190	ENSG00000151413
ENSG00000189190	ENSG00000151414
ENSG00000189190	ENSG00000151746
ENSG00000189190	ENSG00000151838
ENSG00000189190	ENSG00000151883
ENSG00000189190	ENSG00000151893
ENSG00000189190	ENSG00000152104
ENSG00000189190	ENSG00000152495
ENSG00000189190	ENSG00000152700
ENSG00000189190	ENSG00000152766
ENSG00000189190	ENSG00000152936
ENSG00000189190	ENSG00000152953
ENSG00000189190	ENSG00000153201
ENSG00000189190	ENSG00000154175
ENSG00000189190	ENSG00000154447
ENSG00000189190	ENSG00000154813
ENSG00000189190	ENSG00000154917
ENSG00000189190	ENSG00000154978
ENSG00000189190	ENSG00000155096
ENSG00000189190	ENSG00000155254
ENSG00000189190	ENSG00000155465
ENSG00000189190	ENSG00000155849
ENSG00000189190	ENSG00000155974
ENSG00000189190	ENSG00000156113
ENSG00000189190	ENSG00000156831
ENSG00000189190	ENSG00000156976
ENSG00000189190	ENSG00000157020
ENSG00000189190	ENSG00000157214
ENSG00000189190	ENSG00000157368
ENSG00000189190	ENSG00000157514
ENSG00000189190	ENSG00000157538
ENSG00000189190	ENSG00000157600
ENSG00000189190	ENSG00000157999
ENSG00000189190	ENSG00000158201
ENSG00000189190	ENSG00000158234
ENSG00000189190	ENSG00000158290
ENSG00000189190	ENSG00000158411
ENSG00000189190	ENSG00000158445
ENSG00000189190	ENSG00000158545
ENSG00000189190	ENSG00000158604
ENSG00000189190	ENSG00000158793
ENSG00000189190	ENSG00000158864
ENSG00000189190	ENSG00000158941
ENSG00000189190	ENSG00000159200
ENSG00000189190	ENSG00000159214
ENSG00000189190	ENSG00000159352
ENSG00000189190	ENSG00000160190
ENSG00000189190	ENSG00000160209
ENSG00000189190	ENSG00000160271
ENSG00000189190	ENSG00000160305
ENSG00000189190	ENSG00000160392
ENSG00000189190	ENSG00000160439
ENSG00000189190	ENSG00000160766
ENSG00000189190	ENSG00000160972
ENSG00000189190	ENSG00000161057
ENSG00000189190	ENSG00000161217
ENSG00000189190	ENSG00000161405
ENSG00000189190	ENSG00000161513
ENSG00000189190	ENSG00000161526
ENSG00000189190	ENSG00000161671
ENSG00000189190	ENSG00000161813
ENSG00000189190	ENSG00000161921
ENSG00000189190	ENSG00000161955
ENSG00000189190	ENSG00000162009
ENSG00000189190	ENSG00000162032
ENSG00000189190	ENSG00000162129
ENSG00000189190	ENSG00000162191
ENSG00000189190	ENSG00000162878
ENSG00000189190	ENSG00000162976
ENSG00000189190	ENSG00000162998
ENSG00000189190	ENSG00000163249
ENSG00000189190	ENSG00000163491
ENSG00000189190	ENSG00000163539
ENSG00000189190	ENSG00000163611
ENSG00000189190	ENSG00000163637
ENSG00000189190	ENSG00000163638
ENSG00000189190	ENSG00000163697
ENSG00000189190	ENSG00000163945
ENSG00000189190	ENSG00000163961
ENSG00000189190	ENSG00000164024
ENSG00000189190	ENSG00000164050
ENSG00000189190	ENSG00000164062
ENSG00000189190	ENSG00000164124
ENSG00000189190	ENSG00000164291
ENSG00000189190	ENSG00000164318
ENSG00000189190	ENSG00000164332
ENSG00000189190	ENSG00000164393
ENSG00000189190	ENSG00000164398
ENSG00000189190	ENSG00000164603
ENSG00000189190	ENSG00000164604
ENSG00000189190	ENSG00000164741
ENSG00000189190	ENSG00000164808
ENSG00000189190	ENSG00000164946
ENSG00000189190	ENSG00000165023
ENSG00000189190	ENSG00000165046
ENSG00000189190	ENSG00000165055
ENSG00000189190	ENSG00000165507
ENSG00000189190	ENSG00000165802
ENSG00000189190	ENSG00000165804
ENSG00000189190	ENSG00000165837
ENSG00000189190	ENSG00000165887
ENSG00000189190	ENSG00000166111
ENSG00000189190	ENSG00000166126
ENSG00000189190	ENSG00000166173
ENSG00000189190	ENSG00000166183
ENSG00000189190	ENSG00000166250
ENSG00000189190	ENSG00000166262
ENSG00000189190	ENSG00000166340
ENSG00000189190	ENSG00000166348
ENSG00000189190	ENSG00000166352
ENSG00000189190	ENSG00000166387
ENSG00000189190	ENSG00000166444
ENSG00000189190	ENSG00000166619
ENSG00000189190	ENSG00000166747
ENSG00000189190	ENSG00000166780
ENSG00000189190	ENSG00000166801
ENSG00000189190	ENSG00000166803
ENSG00000189190	ENSG00000166833
ENSG00000189190	ENSG00000166949
ENSG00000189190	ENSG00000166974
ENSG00000189190	ENSG00000166997
ENSG00000189190	ENSG00000167065
ENSG00000189190	ENSG00000167178
ENSG00000189190	ENSG00000167306
ENSG00000189190	ENSG00000167311
ENSG00000189190	ENSG00000167377
ENSG00000189190	ENSG00000167528
ENSG00000189190	ENSG00000167588
ENSG00000189190	ENSG00000167604
ENSG00000189190	ENSG00000167699
ENSG00000189190	ENSG00000167716
ENSG00000189190	ENSG00000167797
ENSG00000189190	ENSG00000167858
ENSG00000189190	ENSG00000167861
ENSG00000189190	ENSG00000167925
ENSG00000189190	ENSG00000168026
ENSG00000189190	ENSG00000168056
ENSG00000189190	ENSG00000168255
ENSG00000189190	ENSG00000168283
ENSG00000189190	ENSG00000168397
ENSG00000189190	ENSG00000168453
ENSG00000189190	ENSG00000168522
ENSG00000189190	ENSG00000168710
ENSG00000189190	ENSG00000168734
ENSG00000189190	ENSG00000168827
ENSG00000189190	ENSG00000168936
ENSG00000189190	ENSG00000169064
ENSG00000189190	ENSG00000169122
ENSG00000189190	ENSG00000169169
ENSG00000189190	ENSG00000169251
ENSG00000189190	ENSG00000169554
ENSG00000189190	ENSG00000169599
ENSG00000189190	ENSG00000169629
ENSG00000189190	ENSG00000169668
ENSG00000189190	ENSG00000169895
ENSG00000189190	ENSG00000170011
ENSG00000189190	ENSG00000170089
ENSG00000189190	ENSG00000170091
ENSG00000189190	ENSG00000170153
ENSG00000189190	ENSG00000170382
ENSG00000189190	ENSG00000170558
ENSG00000189190	ENSG00000170776
ENSG00000189190	ENSG00000171119
ENSG00000189190	ENSG00000171174
ENSG00000189190	ENSG00000171314
ENSG00000189190	ENSG00000171456
ENSG00000189190	ENSG00000171489
ENSG00000189190	ENSG00000171681
ENSG00000189190	ENSG00000171861
ENSG00000189190	ENSG00000171862
ENSG00000189190	ENSG00000171863
ENSG00000189190	ENSG00000171885
ENSG00000189190	ENSG00000171951
ENSG00000189190	ENSG00000171953
ENSG00000189190	ENSG00000171992
ENSG00000189190	ENSG00000172183
ENSG00000189190	ENSG00000172270
ENSG00000189190	ENSG00000172661
ENSG00000189190	ENSG00000172671
ENSG00000189190	ENSG00000172717
ENSG00000189190	ENSG00000172748
ENSG00000189190	ENSG00000173230
ENSG00000189190	ENSG00000173320
ENSG00000189190	ENSG00000173409
ENSG00000189190	ENSG00000173535
ENSG00000189190	ENSG00000173559
ENSG00000189190	ENSG00000173890
ENSG00000189190	ENSG00000174353
ENSG00000189190	ENSG00000174437
ENSG00000189190	ENSG00000174514
ENSG00000189190	ENSG00000174989
ENSG00000189190	ENSG00000175106
ENSG00000189190	ENSG00000175334
ENSG00000189190	ENSG00000175376
ENSG00000189190	ENSG00000175832
ENSG00000189190	ENSG00000175879
ENSG00000189190	ENSG00000175938
ENSG00000189190	ENSG00000176046
ENSG00000189190	ENSG00000176049
ENSG00000189190	ENSG00000176393
ENSG00000189190	ENSG00000176597
ENSG00000189190	ENSG00000177098
ENSG00000189190	ENSG00000177337
ENSG00000189190	ENSG00000177426
ENSG00000189190	ENSG00000177628
ENSG00000189190	ENSG00000177731
ENSG00000189190	ENSG00000177757
ENSG00000189190	ENSG00000177822
ENSG00000189190	ENSG00000177984
ENSG00000189190	ENSG00000178567
ENSG00000189190	ENSG00000178878
ENSG00000189190	ENSG00000179038
ENSG00000189190	ENSG00000179388
ENSG00000189190	ENSG00000179456
ENSG00000189190	ENSG00000179818
ENSG00000189190	ENSG00000179889
ENSG00000189190	ENSG00000179988
ENSG00000189190	ENSG00000180043
ENSG00000189190	ENSG00000180066
ENSG00000189190	ENSG00000180155
ENSG00000189190	ENSG00000180340
ENSG00000189190	ENSG00000180611
ENSG00000189190	ENSG00000180747
ENSG00000189190	ENSG00000180769
ENSG00000189190	ENSG00000180822
ENSG00000189190	ENSG00000180891
ENSG00000189190	ENSG00000180998
ENSG00000189190	ENSG00000181704
ENSG00000189190	ENSG00000181722
ENSG00000189190	ENSG00000181908
ENSG00000189190	ENSG00000181924
ENSG00000189190	ENSG00000182035
ENSG00000189190	ENSG00000182093
ENSG00000189190	ENSG00000182149
ENSG00000189190	ENSG00000182359
ENSG00000189190	ENSG00000182389
ENSG00000189190	ENSG00000182472
ENSG00000189190	ENSG00000182473
ENSG00000189190	ENSG00000182985
ENSG00000189190	ENSG00000183020
ENSG00000189190	ENSG00000183208
ENSG00000189190	ENSG00000183250
ENSG00000189190	ENSG00000183255
ENSG00000189190	ENSG00000183401
ENSG00000189190	ENSG00000183431
ENSG00000189190	ENSG00000183434
ENSG00000189190	ENSG00000183569
ENSG00000189190	ENSG00000183735
ENSG00000189190	ENSG00000184047
ENSG00000189190	ENSG00000184117
ENSG00000189190	ENSG00000184305
ENSG00000189190	ENSG00000184584
ENSG00000189190	ENSG00000184898
ENSG00000189190	ENSG00000185049
ENSG00000189190	ENSG00000185347
ENSG00000189190	ENSG00000185414
ENSG00000189190	ENSG00000185432
ENSG00000189190	ENSG00000185499
ENSG00000189190	ENSG00000185596
ENSG00000189190	ENSG00000185630
ENSG00000189190	ENSG00000185686
ENSG00000189190	ENSG00000186104
ENSG00000189190	ENSG00000186792
ENSG00000189190	ENSG00000186918
ENSG00000189190	ENSG00000187266
ENSG00000189190	ENSG00000187607
ENSG00000189190	ENSG00000187783
ENSG00000189190	ENSG00000187951
ENSG00000189190	ENSG00000188002
ENSG00000189190	ENSG00000188153
ENSG00000189190	ENSG00000188185
ENSG00000189190	ENSG00000188215
ENSG00000189190	ENSG00000188227
ENSG00000189190	ENSG00000188313
ENSG00000189190	ENSG00000188343
ENSG00000189190	ENSG00000188419
ENSG00000189190	ENSG00000188603
ENSG00000189190	ENSG00000189007
ENSG00000189190	ENSG00000189067
ENSG00000189190	ENSG00000189350
ENSG00000189190	ENSG00000196141
ENSG00000189190	ENSG00000196204
ENSG00000189190	ENSG00000196547
ENSG00000189190	ENSG00000196597
ENSG00000189190	ENSG00000196628
ENSG00000189190	ENSG00000196782
ENSG00000189190	ENSG00000196843
ENSG00000189190	ENSG00000196912
ENSG00000189190	ENSG00000196923
ENSG00000189190	ENSG00000197070
ENSG00000189190	ENSG00000197122
ENSG00000189190	ENSG00000197124
ENSG00000189190	ENSG00000197321
ENSG00000189190	ENSG00000197694
ENSG00000189190	ENSG00000197696
ENSG00000189190	ENSG00000197776
ENSG00000189190	ENSG00000198130
ENSG00000189190	ENSG00000198203
ENSG00000189190	ENSG00000198363
ENSG00000189190	ENSG00000198399
ENSG00000189190	ENSG00000198440
ENSG00000189190	ENSG00000198663
ENSG00000189190	ENSG00000198680
ENSG00000189190	ENSG00000198746
ENSG00000189190	ENSG00000198753
ENSG00000189190	ENSG00000198756
ENSG00000189190	ENSG00000198822
ENSG00000189190	ENSG00000198945
ENSG00000189190	ENSG00000198954
ENSG00000189190	ENSG00000198959
ENSG00000189190	ENSG00000199404
ENSG00000189190	ENSG00000201612
ENSG00000189190	ENSG00000203666
ENSG00000189190	ENSG00000203711
ENSG00000189190	ENSG00000203724
ENSG00000189190	ENSG00000203780
ENSG00000189190	ENSG00000203809
ENSG00000189190	ENSG00000203965
ENSG00000189190	ENSG00000204116
ENSG00000189190	ENSG00000204257
ENSG00000189190	ENSG00000204310
ENSG00000189190	ENSG00000204356
ENSG00000189190	ENSG00000204392
ENSG00000189190	ENSG00000204580
ENSG00000189190	ENSG00000204619
ENSG00000189190	ENSG00000205037
ENSG00000189190	ENSG00000205129
ENSG00000189190	ENSG00000205209
ENSG00000189190	ENSG00000205544
ENSG00000189190	ENSG00000205726
ENSG00000189190	ENSG00000205937
ENSG00000189190	ENSG00000206120
ENSG00000189190	ENSG00000207737
ENSG00000189190	ENSG00000211455
ENSG00000189190	ENSG00000211819
ENSG00000189190	ENSG00000213204
ENSG00000189190	ENSG00000213995
ENSG00000189190	ENSG00000214407
ENSG00000189190	ENSG00000214413
ENSG00000189190	ENSG00000214646
ENSG00000189190	ENSG00000214655
ENSG00000189190	ENSG00000215375
ENSG00000189190	ENSG00000215474
ENSG00000189190	ENSG00000215883
ENSG00000189190	ENSG00000217930
ENSG00000189190	ENSG00000221817
ENSG00000189190	ENSG00000221914
ENSG00000189190	ENSG00000222398
ENSG00000189190	ENSG00000223060
ENSG00000189190	ENSG00000223414
ENSG00000189190	ENSG00000223711
ENSG00000189190	ENSG00000223745
ENSG00000189190	ENSG00000223882
ENSG00000189190	ENSG00000224032
ENSG00000189190	ENSG00000224209
ENSG00000189190	ENSG00000224592
ENSG00000189190	ENSG00000224687
ENSG00000189190	ENSG00000224699
ENSG00000189190	ENSG00000224934
ENSG00000189190	ENSG00000224969
ENSG00000189190	ENSG00000225046
ENSG00000189190	ENSG00000225190
ENSG00000189190	ENSG00000225764
ENSG00000189190	ENSG00000225822
ENSG00000189190	ENSG00000226124
ENSG00000189190	ENSG00000226174
ENSG00000189190	ENSG00000226239
ENSG00000189190	ENSG00000226609
ENSG00000189190	ENSG00000227775
ENSG00000189190	ENSG00000227946
ENSG00000189190	ENSG00000228022
ENSG00000189190	ENSG00000228063
ENSG00000189190	ENSG00000228412
ENSG00000189190	ENSG00000228624
ENSG00000189190	ENSG00000228775
ENSG00000189190	ENSG00000228791
ENSG00000189190	ENSG00000228839
ENSG00000189190	ENSG00000229766
ENSG00000189190	ENSG00000230185
ENSG00000189190	ENSG00000230534
ENSG00000189190	ENSG00000230641
ENSG00000189190	ENSG00000230798
ENSG00000189190	ENSG00000230825
ENSG00000189190	ENSG00000231133
ENSG00000189190	ENSG00000231437
ENSG00000189190	ENSG00000231672
ENSG00000189190	ENSG00000232028
ENSG00000189190	ENSG00000232070
ENSG00000189190	ENSG00000232891
ENSG00000189190	ENSG00000232995
ENSG00000189190	ENSG00000233098
ENSG00000189190	ENSG00000233427
ENSG00000189190	ENSG00000233452
ENSG00000189190	ENSG00000233547
ENSG00000189190	ENSG00000233607
ENSG00000189190	ENSG00000233672
ENSG00000189190	ENSG00000234286
ENSG00000189190	ENSG00000234928
ENSG00000189190	ENSG00000235023
ENSG00000189190	ENSG00000235172
ENSG00000189190	ENSG00000235513
ENSG00000189190	ENSG00000235848
ENSG00000189190	ENSG00000235910
ENSG00000189190	ENSG00000236389
ENSG00000189190	ENSG00000236617
ENSG00000189190	ENSG00000236700
ENSG00000189190	ENSG00000237037
ENSG00000189190	ENSG00000237243
ENSG00000189190	ENSG00000237512
ENSG00000189190	ENSG00000237601
ENSG00000189190	ENSG00000237605
ENSG00000189190	ENSG00000237646
ENSG00000189190	ENSG00000237840
ENSG00000189190	ENSG00000237845
ENSG00000189190	ENSG00000237984
ENSG00000189190	ENSG00000238142
ENSG00000189190	ENSG00000238825
ENSG00000189190	ENSG00000238917
ENSG00000189190	ENSG00000239474
ENSG00000189190	ENSG00000240694
ENSG00000189190	ENSG00000241544
ENSG00000189190	ENSG00000241735
ENSG00000189190	ENSG00000241837
ENSG00000189190	ENSG00000242242
ENSG00000189190	ENSG00000243244
ENSG00000189190	ENSG00000243406
ENSG00000189190	ENSG00000243649
ENSG00000189190	ENSG00000243710
ENSG00000189190	ENSG00000243943
ENSG00000189190	ENSG00000243993
ENSG00000189190	ENSG00000244405
ENSG00000189190	ENSG00000244926
ENSG00000189190	ENSG00000245466
ENSG00000189190	ENSG00000245571
ENSG00000189190	ENSG00000245812
ENSG00000189190	ENSG00000245904
ENSG00000189190	ENSG00000247324
ENSG00000189190	ENSG00000247516
ENSG00000189190	ENSG00000247735
ENSG00000189190	ENSG00000248235
ENSG00000189190	ENSG00000248596
ENSG00000189190	ENSG00000248993
ENSG00000189190	ENSG00000249115
ENSG00000189190	ENSG00000249306
ENSG00000189190	ENSG00000249417
ENSG00000189190	ENSG00000249459
ENSG00000189190	ENSG00000249740
ENSG00000189190	ENSG00000250295
ENSG00000189190	ENSG00000250299
ENSG00000189190	ENSG00000250317
ENSG00000189190	ENSG00000250654
ENSG00000189190	ENSG00000251247
ENSG00000189190	ENSG00000251365
ENSG00000189190	ENSG00000251456
ENSG00000189190	ENSG00000251543
ENSG00000189190	ENSG00000253210
ENSG00000189190	ENSG00000253256
ENSG00000189190	ENSG00000253520
ENSG00000189190	ENSG00000254093
ENSG00000189190	ENSG00000254602
ENSG00000189190	ENSG00000254662
ENSG00000189190	ENSG00000254685
ENSG00000189190	ENSG00000254839
ENSG00000189190	ENSG00000255104
ENSG00000189190	ENSG00000255302
ENSG00000189190	ENSG00000255406
ENSG00000189190	ENSG00000255836
ENSG00000189190	ENSG00000256008
ENSG00000189190	ENSG00000256053
ENSG00000189190	ENSG00000256268
ENSG00000189190	ENSG00000256377
ENSG00000189190	ENSG00000256627
ENSG00000189190	ENSG00000256894
ENSG00000189190	ENSG00000257129
ENSG00000189190	ENSG00000258292
ENSG00000189190	ENSG00000258366
ENSG00000189190	ENSG00000258457
ENSG00000189190	ENSG00000258572
ENSG00000189190	ENSG00000258658
ENSG00000189190	ENSG00000258724
ENSG00000189190	ENSG00000258858
ENSG00000189190	ENSG00000258947
ENSG00000189190	ENSG00000259024
ENSG00000189190	ENSG00000259319
ENSG00000189190	ENSG00000259431
ENSG00000189190	ENSG00000259553
ENSG00000189190	ENSG00000259652
ENSG00000189190	ENSG00000259663
ENSG00000189190	ENSG00000259673
ENSG00000189190	ENSG00000260083
ENSG00000189190	ENSG00000260123
ENSG00000189190	ENSG00000260136
ENSG00000189190	ENSG00000260282
ENSG00000189190	ENSG00000260470
ENSG00000189190	ENSG00000260604
ENSG00000189190	ENSG00000260778
ENSG00000189190	ENSG00000260807
ENSG00000189190	ENSG00000261040
ENSG00000189190	ENSG00000261188
ENSG00000189190	ENSG00000261713
ENSG00000189190	ENSG00000261832
ENSG00000189190	ENSG00000262587
ENSG00000189190	ENSG00000264057
ENSG00000189190	ENSG00000264070
ENSG00000189190	ENSG00000264745
ENSG00000189190	ENSG00000264914
ENSG00000189190	ENSG00000265291
ENSG00000189190	ENSG00000266411
ENSG00000189190	ENSG00000266805
ENSG00000189190	ENSG00000266916
ENSG00000189190	ENSG00000266963
ENSG00000189190	ENSG00000267239
ENSG00000189190	ENSG00000267272
ENSG00000189190	ENSG00000267551
ENSG00000189190	ENSG00000267796
ENSG00000189190	ENSG00000268614
ENSG00000189190	ENSG00000269858
ENSG00000189190	ENSG00000270008
ENSG00000189190	ENSG00000270090
ENSG00000189190	ENSG00000270640
ENSG00000189190	ENSG00000270647
ENSG00000189190	ENSG00000270868
ENSG00000189190	ENSG00000272031
ENSG00000189190	ENSG00000272396
ENSG00000189190	ENSG00000272432
ENSG00000189190	ENSG00000272562
ENSG00000189190	ENSG00000272667
ENSG00000189190	ENSG00000272870
ENSG00000189190	ENSG00000272921
ENSG00000189190	ENSG00000273015
ENSG00000189190	ENSG00000273248
ENSG00000189190	ENSG00000273269
ENSG00000189190	ENSG00000273363
ENSG00000189190	ENSG00000274833
ENSG00000189190	ENSG00000275023
ENSG00000189190	ENSG00000275646
ENSG00000189190	ENSG00000276293
ENSG00000189190	ENSG00000276609
ENSG00000189190	ENSG00000277147
ENSG00000189190	ENSG00000277482
ENSG00000189190	ENSG00000277610
ENSG00000189190	ENSG00000278017
ENSG00000189190	ENSG00000278598
ENSG00000189190	ENSG00000278993
ENSG00000189190	ENSG00000279028
ENSG00000189190	ENSG00000279561
ENSG00000189190	ENSG00000280161
ENSG00000189190	ENSG00000280232
ENSG00000189190	ENSG00000281079
ENSG00000189190	ENSG00000281091
ENSG00000189190	ENSG00000281649
ENSG00000189190	ENSG00000282164
ENSG00000189190	ENSG00000282602
ENSG00000189190	ENSG00000282840
ENSG00000189190	ENSG00000283235
ENSG00000189190	ENSG00000283269
ENSG00000189190	ENSG00000283538
ENSG00000189190	ENSG00000283674
ENSG00000180257	ENSG00000008838
ENSG00000180257	ENSG00000009844
ENSG00000180257	ENSG00000011052
ENSG00000180257	ENSG00000011332
ENSG00000180257	ENSG00000012048
ENSG00000180257	ENSG00000020426
ENSG00000180257	ENSG00000027075
ENSG00000180257	ENSG00000037280
ENSG00000180257	ENSG00000041802
ENSG00000180257	ENSG00000062716
ENSG00000180257	ENSG00000065882
ENSG00000180257	ENSG00000066117
ENSG00000180257	ENSG00000066557
ENSG00000180257	ENSG00000067113
ENSG00000180257	ENSG00000067596
ENSG00000180257	ENSG00000068001
ENSG00000180257	ENSG00000072518
ENSG00000180257	ENSG00000073417
ENSG00000180257	ENSG00000073614
ENSG00000180257	ENSG00000074621
ENSG00000180257	ENSG00000074855
ENSG00000180257	ENSG00000076513
ENSG00000180257	ENSG00000082068
ENSG00000180257	ENSG00000087263
ENSG00000180257	ENSG00000089009
ENSG00000180257	ENSG00000089091
ENSG00000180257	ENSG00000095794
ENSG00000180257	ENSG00000099795
ENSG00000180257	ENSG00000100038
ENSG00000180257	ENSG00000100209
ENSG00000180257	ENSG00000100346
ENSG00000180257	ENSG00000100567
ENSG00000180257	ENSG00000101019
ENSG00000180257	ENSG00000101391
ENSG00000180257	ENSG00000101972
ENSG00000180257	ENSG00000102796
ENSG00000180257	ENSG00000102870
ENSG00000180257	ENSG00000103160
ENSG00000180257	ENSG00000103253
ENSG00000180257	ENSG00000103351
ENSG00000180257	ENSG00000103671
ENSG00000180257	ENSG00000104221
ENSG00000180257	ENSG00000104368
ENSG00000180257	ENSG00000104643
ENSG00000180257	ENSG00000104872
ENSG00000180257	ENSG00000105171
ENSG00000180257	ENSG00000105738
ENSG00000180257	ENSG00000105948
ENSG00000180257	ENSG00000106028
ENSG00000180257	ENSG00000106246
ENSG00000180257	ENSG00000106615
ENSG00000180257	ENSG00000107614
ENSG00000180257	ENSG00000107745
ENSG00000180257	ENSG00000107874
ENSG00000180257	ENSG00000108469
ENSG00000180257	ENSG00000108591
ENSG00000180257	ENSG00000108604
ENSG00000180257	ENSG00000108666
ENSG00000180257	ENSG00000109103
ENSG00000180257	ENSG00000109680
ENSG00000180257	ENSG00000110700
ENSG00000180257	ENSG00000111581
ENSG00000180257	ENSG00000112144
ENSG00000180257	ENSG00000112237
ENSG00000180257	ENSG00000112282
ENSG00000180257	ENSG00000112343
ENSG00000180257	ENSG00000115286
ENSG00000180257	ENSG00000115310
ENSG00000180257	ENSG00000115661
ENSG00000180257	ENSG00000116754
ENSG00000180257	ENSG00000116863
ENSG00000180257	ENSG00000117682
ENSG00000180257	ENSG00000118308
ENSG00000180257	ENSG00000119333
ENSG00000180257	ENSG00000119760
ENSG00000180257	ENSG00000119912
ENSG00000180257	ENSG00000119950
ENSG00000180257	ENSG00000120008
ENSG00000180257	ENSG00000120341
ENSG00000180257	ENSG00000120647
ENSG00000180257	ENSG00000120699
ENSG00000180257	ENSG00000120709
ENSG00000180257	ENSG00000120907
ENSG00000180257	ENSG00000122335
ENSG00000180257	ENSG00000124222
ENSG00000180257	ENSG00000124380
ENSG00000180257	ENSG00000124608
ENSG00000180257	ENSG00000124613
ENSG00000180257	ENSG00000125775
ENSG00000180257	ENSG00000125848
ENSG00000180257	ENSG00000125965
ENSG00000180257	ENSG00000126217
ENSG00000180257	ENSG00000126749
ENSG00000180257	ENSG00000127249
ENSG00000180257	ENSG00000127580
ENSG00000180257	ENSG00000129696
ENSG00000180257	ENSG00000130299
ENSG00000180257	ENSG00000130706
ENSG00000180257	ENSG00000130733
ENSG00000180257	ENSG00000131469
ENSG00000180257	ENSG00000131475
ENSG00000180257	ENSG00000132467
ENSG00000180257	ENSG00000133983
ENSG00000180257	ENSG00000134982
ENSG00000180257	ENSG00000134987
ENSG00000180257	ENSG00000135365
ENSG00000180257	ENSG00000135900
ENSG00000180257	ENSG00000136114
ENSG00000180257	ENSG00000136463
ENSG00000180257	ENSG00000137106
ENSG00000180257	ENSG00000137502
ENSG00000180257	ENSG00000137806
ENSG00000180257	ENSG00000138614
ENSG00000180257	ENSG00000138641
ENSG00000180257	ENSG00000138771
ENSG00000180257	ENSG00000138780
ENSG00000180257	ENSG00000138785
ENSG00000180257	ENSG00000138834
ENSG00000180257	ENSG00000139132
ENSG00000180257	ENSG00000139531
ENSG00000180257	ENSG00000139626
ENSG00000180257	ENSG00000139946
ENSG00000180257	ENSG00000140365
ENSG00000180257	ENSG00000140543
ENSG00000180257	ENSG00000140961
ENSG00000180257	ENSG00000142002
ENSG00000180257	ENSG00000142444
ENSG00000180257	ENSG00000142609
ENSG00000180257	ENSG00000142856
ENSG00000180257	ENSG00000143033
ENSG00000180257	ENSG00000143093
ENSG00000180257	ENSG00000143228
ENSG00000180257	ENSG00000143248
ENSG00000180257	ENSG00000143337
ENSG00000180257	ENSG00000143374
ENSG00000180257	ENSG00000143390
ENSG00000180257	ENSG00000144524
ENSG00000180257	ENSG00000145337
ENSG00000180257	ENSG00000145491
ENSG00000180257	ENSG00000145592
ENSG00000180257	ENSG00000145723
ENSG00000180257	ENSG00000145725
ENSG00000180257	ENSG00000148225
ENSG00000180257	ENSG00000148300
ENSG00000180257	ENSG00000148690
ENSG00000180257	ENSG00000149179
ENSG00000180257	ENSG00000149196
ENSG00000180257	ENSG00000149823
ENSG00000180257	ENSG00000151338
ENSG00000180257	ENSG00000152359
ENSG00000180257	ENSG00000152582
ENSG00000180257	ENSG00000152700
ENSG00000180257	ENSG00000154269
ENSG00000180257	ENSG00000154945
ENSG00000180257	ENSG00000156958
ENSG00000180257	ENSG00000156973
ENSG00000180257	ENSG00000157954
ENSG00000180257	ENSG00000159079
ENSG00000180257	ENSG00000159200
ENSG00000180257	ENSG00000159905
ENSG00000180257	ENSG00000159915
ENSG00000180257	ENSG00000159921
ENSG00000180257	ENSG00000160256
ENSG00000180257	ENSG00000160294
ENSG00000180257	ENSG00000162231
ENSG00000180257	ENSG00000162813
ENSG00000180257	ENSG00000163472
ENSG00000180257	ENSG00000163521
ENSG00000180257	ENSG00000163798
ENSG00000180257	ENSG00000164483
ENSG00000180257	ENSG00000164930
ENSG00000180257	ENSG00000165733
ENSG00000180257	ENSG00000166199
ENSG00000180257	ENSG00000166200
ENSG00000180257	ENSG00000166803
ENSG00000180257	ENSG00000167005
ENSG00000180257	ENSG00000167447
ENSG00000180257	ENSG00000167595
ENSG00000180257	ENSG00000167775
ENSG00000180257	ENSG00000167969
ENSG00000180257	ENSG00000168398
ENSG00000180257	ENSG00000168658
ENSG00000180257	ENSG00000168734
ENSG00000180257	ENSG00000168917
ENSG00000180257	ENSG00000169682
ENSG00000180257	ENSG00000170265
ENSG00000180257	ENSG00000170629
ENSG00000180257	ENSG00000170634
ENSG00000180257	ENSG00000171435
ENSG00000180257	ENSG00000171443
ENSG00000180257	ENSG00000171680
ENSG00000180257	ENSG00000171827
ENSG00000180257	ENSG00000171863
ENSG00000180257	ENSG00000171885
ENSG00000180257	ENSG00000172037
ENSG00000180257	ENSG00000172171
ENSG00000180257	ENSG00000172366
ENSG00000180257	ENSG00000174456
ENSG00000180257	ENSG00000175334
ENSG00000180257	ENSG00000175376
ENSG00000180257	ENSG00000175548
ENSG00000180257	ENSG00000175756
ENSG00000180257	ENSG00000176933
ENSG00000180257	ENSG00000177370
ENSG00000180257	ENSG00000177628
ENSG00000180257	ENSG00000177721
ENSG00000180257	ENSG00000177951
ENSG00000180257	ENSG00000177963
ENSG00000180257	ENSG00000178028
ENSG00000180257	ENSG00000178974
ENSG00000180257	ENSG00000179477
ENSG00000180257	ENSG00000180182
ENSG00000180257	ENSG00000181458
ENSG00000180257	ENSG00000182362
ENSG00000180257	ENSG00000182575
ENSG00000180257	ENSG00000183250
ENSG00000180257	ENSG00000183401
ENSG00000180257	ENSG00000183431
ENSG00000180257	ENSG00000184056
ENSG00000180257	ENSG00000184060
ENSG00000180257	ENSG00000185608
ENSG00000180257	ENSG00000187231
ENSG00000180257	ENSG00000187607
ENSG00000180257	ENSG00000187764
ENSG00000180257	ENSG00000188033
ENSG00000180257	ENSG00000196235
ENSG00000180257	ENSG00000196437
ENSG00000180257	ENSG00000196497
ENSG00000180257	ENSG00000196605
ENSG00000180257	ENSG00000197170
ENSG00000180257	ENSG00000197321
ENSG00000180257	ENSG00000197808
ENSG00000180257	ENSG00000198106
ENSG00000180257	ENSG00000198517
ENSG00000180257	ENSG00000198546
ENSG00000180257	ENSG00000198551
ENSG00000180257	ENSG00000198690
ENSG00000180257	ENSG00000198836
ENSG00000180257	ENSG00000201279
ENSG00000180257	ENSG00000201801
ENSG00000180257	ENSG00000202111
ENSG00000180257	ENSG00000203722
ENSG00000180257	ENSG00000204267
ENSG00000180257	ENSG00000204822
ENSG00000180257	ENSG00000205129
ENSG00000180257	ENSG00000206503
ENSG00000180257	ENSG00000213463
ENSG00000180257	ENSG00000213614
ENSG00000180257	ENSG00000213780
ENSG00000180257	ENSG00000214253
ENSG00000180257	ENSG00000214432
ENSG00000180257	ENSG00000214999
ENSG00000180257	ENSG00000215021
ENSG00000180257	ENSG00000215251
ENSG00000180257	ENSG00000215256
ENSG00000180257	ENSG00000215712
ENSG00000180257	ENSG00000218510
ENSG00000180257	ENSG00000221821
ENSG00000180257	ENSG00000225470
ENSG00000180257	ENSG00000227165
ENSG00000180257	ENSG00000228775
ENSG00000180257	ENSG00000230109
ENSG00000180257	ENSG00000232995
ENSG00000180257	ENSG00000233382
ENSG00000180257	ENSG00000235910
ENSG00000180257	ENSG00000236297
ENSG00000180257	ENSG00000236501
ENSG00000180257	ENSG00000236648
ENSG00000180257	ENSG00000236859
ENSG00000180257	ENSG00000237352
ENSG00000180257	ENSG00000237491
ENSG00000180257	ENSG00000237950
ENSG00000180257	ENSG00000239672
ENSG00000180257	ENSG00000240005
ENSG00000180257	ENSG00000240135
ENSG00000180257	ENSG00000240184
ENSG00000180257	ENSG00000242600
ENSG00000180257	ENSG00000243406
ENSG00000180257	ENSG00000243742
ENSG00000180257	ENSG00000245904
ENSG00000180257	ENSG00000246250
ENSG00000180257	ENSG00000247363
ENSG00000180257	ENSG00000249709
ENSG00000180257	ENSG00000250264
ENSG00000180257	ENSG00000250600
ENSG00000180257	ENSG00000251347
ENSG00000180257	ENSG00000253613
ENSG00000180257	ENSG00000254699
ENSG00000180257	ENSG00000255468
ENSG00000180257	ENSG00000258366
ENSG00000180257	ENSG00000258413
ENSG00000180257	ENSG00000258644
ENSG00000180257	ENSG00000258691
ENSG00000180257	ENSG00000259522
ENSG00000180257	ENSG00000260339
ENSG00000180257	ENSG00000260469
ENSG00000180257	ENSG00000260729
ENSG00000180257	ENSG00000261067
ENSG00000180257	ENSG00000261348
ENSG00000180257	ENSG00000264399
ENSG00000180257	ENSG00000265181
ENSG00000180257	ENSG00000268439
ENSG00000180257	ENSG00000268536
ENSG00000180257	ENSG00000269858
ENSG00000180257	ENSG00000271717
ENSG00000180257	ENSG00000272426
ENSG00000180257	ENSG00000272906
ENSG00000180257	ENSG00000274430
ENSG00000180257	ENSG00000276023
ENSG00000180257	ENSG00000277363
ENSG00000180257	ENSG00000278113
ENSG00000180257	ENSG00000279394
ENSG00000180257	ENSG00000279453
ENSG00000180257	ENSG00000280426
ENSG00000180257	ENSG00000282602
ENSG00000180257	ENSG00000283496
ENSG00000180257	ENSG00000283676
